rsi_p,fast_p,slow_p,k_p,d_p,avg_sharpe,avg_return,avg_calmar,avg_maxdd,avg_win_rate,avg_trades,n_stocks
4,15,35,8,20,0.4586847088190932,1.9119743915449423,0.2087860866724341,-0.43821485245392533,0.5713365622524968,72.77777777777777,9
4,15,35,8,28,0.4830948095884379,2.520624262569063,0.2212113847405266,-0.4480278161828886,0.5745921431671596,67.66666666666667,9
4,15,35,8,36,0.4720527133877596,3.170510806249135,0.23642717994517193,-0.43520996945484175,0.5634095132023725,63.44444444444444,9
4,15,35,8,44,0.4954516975822675,3.365691666940278,0.22932992391872795,-0.44772162518404013,0.5625673809221531,63.0,9
4,15,35,10,20,0.47381112259660324,2.6153841938795503,0.209811574714019,-0.450720840749792,0.5752592315370433,70.77777777777777,9
4,15,35,10,28,0.5187368744116564,2.8598039679022706,0.25224266252109967,-0.42168109146345745,0.5826470770282132,65.55555555555556,9
4,15,35,10,36,0.4801389094286745,3.206503108788649,0.2305811933356644,-0.44703749194460685,0.5612284999492336,61.55555555555556,9
4,15,35,10,44,0.5341241922444602,4.300870177097161,0.2559169401514667,-0.4427968497462852,0.5690654854354281,60.888888888888886,9
4,15,35,14,20,0.47030238364333077,2.5200543567834877,0.22911817701949935,-0.42585693866351826,0.5633207942934475,67.66666666666667,9
4,15,35,14,28,0.5205938256625622,3.50792007193261,0.26645595439697434,-0.42990519388057935,0.5786376557619133,62.333333333333336,9
4,15,35,14,36,0.5371609605884041,2.8868150094637333,0.25334799404050595,-0.4320273275045738,0.5691317230125418,58.111111111111114,9
4,15,35,14,44,0.5411615575160366,2.8364879577698923,0.25286637407376966,-0.42225141031401064,0.5839844367757233,57.44444444444444,9
4,15,35,18,20,0.5190296379642779,3.743227731903689,0.2543353602088299,-0.4298138542039848,0.5879103265034371,64.0,9
4,15,35,18,28,0.5514936232815589,3.6064649825000092,0.2775122643113555,-0.41265165993285025,0.5725764870605654,59.0,9
4,15,35,18,36,0.5645170271111388,3.445108162595873,0.28859695051413253,-0.40470628463530084,0.5874687787135383,54.888888888888886,9
4,15,35,18,44,0.559193702078739,3.894738523375532,0.28519930567287227,-0.41217671965234925,0.5913969393334473,52.888888888888886,9
4,15,35,22,20,0.5207087910346385,3.0812878493860314,0.25095355729443597,-0.4141118038294016,0.5668941171630099,59.44444444444444,9
4,15,35,22,28,0.581453402890732,5.1369500820617,0.3250828545691091,-0.4058952760573559,0.5972132564211023,55.77777777777778,9
4,15,35,22,36,0.5295829479693546,2.776995055933101,0.2585690747183468,-0.3981563573059959,0.5817191231117556,52.0,9
4,15,35,22,44,0.6003737727062645,3.6881837284308343,0.30626165058754096,-0.38711273247290423,0.5973425996293608,48.22222222222222,9
4,15,40,8,20,0.46898766544330683,2.710400831318636,0.20391327561051562,-0.4476918085574031,0.5574849827352688,70.88888888888889,9
4,15,40,8,28,0.5103092079938113,3.31092564320035,0.2554474981517901,-0.43337474344240223,0.5583083506132197,64.66666666666667,9
4,15,40,8,36,0.4925870497876367,3.338796122799922,0.2328237218983794,-0.44744113446537614,0.578201567181276,60.888888888888886,9
4,15,40,8,44,0.5617571816129834,4.7191975758505516,0.2930573970104846,-0.40086128961245,0.5696658432663615,57.888888888888886,9
4,15,40,10,20,0.4915312375912081,3.2284854807531094,0.23448313398204043,-0.44739947353106324,0.57243689899809,69.11111111111111,9
4,15,40,10,28,0.47840227091331156,2.3527337093559924,0.22974916501469636,-0.4308673717171947,0.5614398581515876,62.333333333333336,9
4,15,40,10,36,0.5040321049089456,3.886207762991394,0.24713417576837454,-0.4261069197600166,0.5668881791950942,58.888888888888886,9
4,15,40,10,44,0.5618566576753492,4.058546768792969,0.29140240637613624,-0.39833143794672105,0.5755930984994344,56.0,9
4,15,40,14,20,0.4883114407001862,2.743182648993337,0.22968178888189308,-0.4397398789901901,0.5671342936877977,65.33333333333333,9
4,15,40,14,28,0.5160744190969485,2.9277527867287008,0.2456437269497733,-0.44785714492334083,0.5811054349368526,58.77777777777778,9
4,15,40,14,36,0.5882264858859797,3.638247267203048,0.29542415217220275,-0.4069853191869403,0.5751037546108688,55.666666666666664,9
4,15,40,14,44,0.5937840921012226,4.2934971497121,0.31555754626602983,-0.4001021637118223,0.5824944099060763,52.888888888888886,9
4,15,40,18,20,0.5435374716181639,3.75513053392096,0.2745674315817906,-0.43194867258450664,0.5675730971861028,59.666666666666664,9
4,15,40,18,28,0.5677497134508729,3.6921945809449945,0.2887418082282489,-0.40921109035733694,0.5824925585740807,56.0,9
4,15,40,18,36,0.5269448682912379,2.514130830268116,0.25233413925848697,-0.4143038246531582,0.5783150217697369,51.888888888888886,9
4,15,40,18,44,0.5767243672429054,3.9503078536844263,0.3133215254718115,-0.3704194239194649,0.5964281672988726,48.0,9
4,15,40,22,20,0.5671337039642633,5.029366412354295,0.32134348381423694,-0.3820131852242114,0.5811813020169934,56.0,9
4,15,40,22,28,0.5135798367178384,3.3538788509713164,0.26566605426854345,-0.40901175339084683,0.5663763504687032,52.77777777777778,9
4,15,40,22,36,0.5906175224210787,3.209907446502796,0.3072466139904906,-0.3736121968468284,0.6023750841687276,48.333333333333336,9
4,15,40,22,44,0.6758537328444256,5.137201278643654,0.35852909661908705,-0.3785149894013795,0.6246400096991086,44.77777777777778,9
4,15,50,8,20,0.5154420797715399,3.5709947770481687,0.2407938525256057,-0.4378542688699812,0.5552037279280824,68.66666666666667,9
4,15,50,8,28,0.5180148397608804,4.155012186123889,0.23772550857003727,-0.4454400222905146,0.5538948709970367,61.22222222222222,9
4,15,50,8,36,0.5352223111279089,4.160465323845936,0.2685840395588055,-0.4198524817250308,0.5549203909403582,56.0,9
4,15,50,8,44,0.5991655762322147,6.231252870636236,0.34549084674473807,-0.4073191653513719,0.5630821503672385,53.44444444444444,9
4,15,50,10,20,0.46089781678170133,3.7300532665205353,0.21200856461973386,-0.4536754596762024,0.5563378617195688,66.66666666666667,9
4,15,50,10,28,0.5712920326125048,5.958293304970397,0.29827572430840876,-0.4168337820293695,0.5907554550065572,59.55555555555556,9
4,15,50,10,36,0.568299361513041,4.3896482870018945,0.29408501160289274,-0.413333205943443,0.5582775255696149,54.77777777777778,9
4,15,50,10,44,0.5860943195735867,5.726187222669398,0.3384744898591964,-0.3945344909179021,0.5544906683222633,51.0,9
4,15,50,14,20,0.5447998463111126,3.834029802488734,0.2616509951304644,-0.4337546768711569,0.5773023024999288,62.333333333333336,9
4,15,50,14,28,0.5856880477885485,3.816915369227859,0.30619955692589235,-0.4173656689734273,0.5776215121101914,56.0,9
4,15,50,14,36,0.5822179879289322,4.29802679018213,0.33575567851726457,-0.37021559740509247,0.5865274680304025,49.666666666666664,9
4,15,50,14,44,0.6141412025564374,4.783934610256638,0.34953284436734056,-0.36889384996564684,0.5665004656076124,47.22222222222222,9
4,15,50,18,20,0.5325827759240025,2.5606455556003827,0.24648398182026637,-0.43321376045131693,0.5679759893558386,57.111111111111114,9
4,15,50,18,28,0.551023613111841,3.6950521336843796,0.29496236343399246,-0.40821265222824443,0.5843157697448689,51.0,9
4,15,50,18,36,0.6014684306563421,4.3732385829599645,0.3130614411424276,-0.38456322396637993,0.5890320562422011,46.111111111111114,9
4,15,50,18,44,0.7191850201156664,5.678993022859211,0.4246838803142547,-0.3493699466682746,0.6247002997002996,43.333333333333336,9
4,15,50,22,20,0.5449495131512042,3.0178805714321606,0.27037124311221045,-0.4091548786833627,0.5893846000052508,52.111111111111114,9
4,15,50,22,28,0.5908972355313694,3.441964111898851,0.28793435804918877,-0.4031673521263527,0.6082018841013327,47.0,9
4,15,50,22,36,0.7402922179044059,6.109708020636354,0.4315466315825117,-0.3595619616151523,0.6438050249305357,43.22222222222222,9
4,15,50,22,44,0.7785377222539558,6.037673757585583,0.47432188146433824,-0.36044810978062114,0.6472492200049893,39.55555555555556,9
4,15,60,8,20,0.5147492939112184,3.2000667397845834,0.26914159492804435,-0.39727829571549217,0.5516956627167159,70.77777777777777,9
4,15,60,8,28,0.5477857400283639,3.1691811624275594,0.27989988447212216,-0.410630562570718,0.5438757218819954,61.111111111111114,9
4,15,60,8,36,0.5957394994580836,6.048455822044101,0.33070796625138926,-0.39283492896102656,0.5653912068118506,53.0,9
4,15,60,8,44,0.5677457221164174,5.749424664005491,0.30548446293866716,-0.40160535969119876,0.5554139548240001,51.55555555555556,9
4,15,60,10,20,0.5035756891074284,2.9497900552501046,0.2485434891785229,-0.42450434532542086,0.5460098886816005,67.77777777777777,9
4,15,60,10,28,0.5737089987671563,4.297089815998318,0.3144839588374313,-0.4045304983231792,0.5683812569771073,58.22222222222222,9
4,15,60,10,36,0.6144283078873998,6.045761055155032,0.37091840407150994,-0.37243945642412324,0.5628266905832567,50.888888888888886,9
4,15,60,10,44,0.5925250365383457,6.403676572885753,0.3365172435192532,-0.39723267578427024,0.5729119758798916,49.666666666666664,9
4,15,60,14,20,0.5562604151087479,4.057347932517584,0.27879354346594515,-0.4212041025428374,0.5685740552202302,63.111111111111114,9
4,15,60,14,28,0.576710577816586,4.342634459125476,0.33570796716481754,-0.3917478428187461,0.5697111050711517,53.55555555555556,9
4,15,60,14,36,0.6641141376153613,6.811145031735355,0.4234445212551972,-0.351294309200433,0.583245276172178,48.111111111111114,9
4,15,60,14,44,0.6925269911476124,9.565412919510932,0.44228525188576584,-0.34920262437869165,0.5864756332924035,46.333333333333336,9
4,15,60,18,20,0.5655887797945063,4.079448889307032,0.3182658843124448,-0.3852004156695801,0.5642028212611168,56.77777777777778,9
4,15,60,18,28,0.651689720475129,5.485938723474501,0.3835142071503098,-0.36516334491856284,0.6027105611491179,48.55555555555556,9
4,15,60,18,36,0.702426917880621,6.599528288773828,0.4187083620346426,-0.3525156071797801,0.6070974725063242,44.333333333333336,9
4,15,60,18,44,0.7349559605898991,6.363562306074589,0.44743794319982944,-0.34991696782256665,0.631185952260048,42.22222222222222,9
4,15,60,22,20,0.6318307101175917,5.339108867437142,0.36005525436991304,-0.38667985746224237,0.6054090772357394,49.77777777777778,9
4,15,60,22,28,0.7072517375599755,5.533283012264233,0.4110368676552442,-0.35584198388307064,0.6214247229800429,44.333333333333336,9
4,15,60,22,36,0.7406974516812286,5.896968698282652,0.45608341811061176,-0.35096115041602527,0.6458033651257963,40.666666666666664,9
4,15,60,22,44,0.7581864105713502,5.434389654670313,0.46868871942894774,-0.34431760623168767,0.6377611497868537,37.888888888888886,9
4,15,70,8,20,0.5481891310730922,3.4980036705801263,0.2792014734298729,-0.4033847697539674,0.556102221366808,70.77777777777777,9
4,15,70,8,28,0.5820230702387583,4.104902707282357,0.2966127101368802,-0.4126264885896628,0.5675739696146184,60.111111111111114,9
4,15,70,8,36,0.6455986274001556,6.708593606526995,0.3614037264682022,-0.3876999363180298,0.5899609388414735,53.666666666666664,9
4,15,70,8,44,0.6101535698570051,7.202425776859081,0.3443218891138609,-0.37712464455205486,0.5691784904967001,51.44444444444444,9
4,15,70,10,20,0.58849544978599,4.146347307484309,0.29778693500264897,-0.41750214612627956,0.5648450861410151,67.55555555555556,9
4,15,70,10,28,0.6149347129496918,5.652463164930968,0.3497373576146053,-0.4153166812871478,0.5711878642379239,57.666666666666664,9
4,15,70,10,36,0.6355843996005568,5.9840106476754995,0.3621299495012048,-0.38762719804147455,0.5765763402547253,52.0,9
4,15,70,10,44,0.6105144502876089,9.72606045719249,0.3525712639118213,-0.39365915666415713,0.5700222365917235,49.22222222222222,9
4,15,70,14,20,0.5785458747684703,5.165348775699543,0.3364629312459948,-0.39591612746730703,0.5858437419395975,61.111111111111114,9
4,15,70,14,28,0.6361898136365984,5.717400601624115,0.3713757365794133,-0.37720077896892606,0.5820109154757162,53.77777777777778,9
4,15,70,14,36,0.668870644041073,8.93535221600607,0.3877877336276803,-0.37241340808332013,0.5832486873967296,48.666666666666664,9
4,15,70,14,44,0.7242525585916948,9.057257783501818,0.44283072291524334,-0.36603612729035384,0.5973497358295026,45.44444444444444,9
4,15,70,18,20,0.6207482234338005,4.4969994000824505,0.34443400646496164,-0.3887447942928924,0.5921493033275721,55.44444444444444,9
4,15,70,18,28,0.6299695632386321,5.207773673359108,0.36538463084548894,-0.36802542346604483,0.5678378507580188,49.333333333333336,9
4,15,70,18,36,0.7054590948795728,4.538486250011704,0.4145267597733018,-0.3609057547570723,0.5990319544966763,44.55555555555556,9
4,15,70,18,44,0.7559160733966485,5.425279885414217,0.4830294843789851,-0.33955801940853647,0.6318900029929407,41.666666666666664,9
4,15,70,22,20,0.6536701829053773,6.237552025894987,0.39152974615323927,-0.3506539911190615,0.5992230282426361,49.77777777777778,9
4,15,70,22,28,0.6606335863714979,3.6331148330986642,0.3657615207665968,-0.3654130360688913,0.5940631765669953,44.888888888888886,9
4,15,70,22,36,0.741868239077808,4.943444503719115,0.4586975061207246,-0.3429293077296872,0.6215083358762893,40.44444444444444,9
4,15,70,22,44,0.7442269707850511,5.154284420222086,0.4499836149443907,-0.3432555317177656,0.619008906728205,37.22222222222222,9
4,20,35,8,20,0.4423070844352774,2.712411389092571,0.18753441401583892,-0.4633066843591489,0.580850445678612,74.11111111111111,9
4,20,35,8,28,0.5351190242520321,4.802072019552286,0.2640112716514021,-0.4360833590014432,0.5824601396239665,67.66666666666667,9
4,20,35,8,36,0.5693199931348136,3.3175718550450797,0.2970714582452021,-0.4197982199655048,0.5906701182836637,63.111111111111114,9
4,20,35,8,44,0.5376417517618857,2.7006684337642772,0.26594437536274784,-0.4276099385952854,0.5651351270738749,62.44444444444444,9
4,20,35,10,20,0.5128515633042666,3.515821351137252,0.2398659401805985,-0.42344667881468545,0.6059043867934547,72.11111111111111,9
4,20,35,10,28,0.4939335395843285,3.059361756290545,0.24104600078279803,-0.43395559831772745,0.5771988413852883,65.44444444444444,9
4,20,35,10,36,0.5453461780323682,3.180649176708966,0.2751409186875763,-0.418734632681383,0.5781187006157373,61.77777777777778,9
4,20,35,10,44,0.538912316674698,2.8659458437078467,0.2652212568409869,-0.42605957539300116,0.5690215822144438,60.333333333333336,9
4,20,35,14,20,0.5319613594270894,4.930532429148679,0.278470618658315,-0.4183599750146238,0.6009413339336613,67.33333333333333,9
4,20,35,14,28,0.5151289965314337,3.3633340019172118,0.24621809444193904,-0.42734950021237444,0.5791880318065318,62.22222222222222,9
4,20,35,14,36,0.5428633982674151,4.432007204510303,0.3013404340039093,-0.40295499062348605,0.5887906562876695,58.111111111111114,9
4,20,35,14,44,0.531292988582885,2.86734652714569,0.25802386711195735,-0.4183900738062722,0.5883793531501511,57.22222222222222,9
4,20,35,18,20,0.516341380836518,3.8946391515565058,0.24075218284162336,-0.432188209662956,0.6035755538942363,64.33333333333333,9
4,20,35,18,28,0.5456579382060163,3.4245502972871154,0.2705253415460396,-0.42315930999788387,0.6024215510874662,58.44444444444444,9
4,20,35,18,36,0.5580780637643464,3.053234056683616,0.27058114795609917,-0.41052255935130844,0.6097023625056156,54.888888888888886,9
4,20,35,18,44,0.612047611085467,3.640377827000503,0.30112309346174215,-0.40685316820515116,0.5990467954172999,53.111111111111114,9
4,20,35,22,20,0.544865625330433,3.7871997059077813,0.2777709700292709,-0.4193977434458462,0.6159808146436254,58.888888888888886,9
4,20,35,22,28,0.5370505698852464,2.4873918471156213,0.2538830925514666,-0.3997274896674405,0.5847736849349797,55.0,9
4,20,35,22,36,0.6463599258644251,3.3211576289526143,0.33182052782178334,-0.3885830035834324,0.6203952519386868,51.77777777777778,9
4,20,35,22,44,0.7051969205929207,4.5503394531881085,0.3528209814294565,-0.40845166883840833,0.6344840342625617,47.22222222222222,9
4,20,40,8,20,0.5189253299389642,2.640548212430842,0.23102505429253542,-0.44892099789739653,0.5963659002947352,66.66666666666667,9
4,20,40,8,28,0.5459765023036124,3.1404332548858425,0.2775416062636272,-0.43776381997805314,0.5751602044232818,61.333333333333336,9
4,20,40,8,36,0.5486630488310782,2.872803776392604,0.28213234211905747,-0.41682262033163503,0.5643228574882075,58.111111111111114,9
4,20,40,8,44,0.5800183840831081,3.7888895280680157,0.307053185611353,-0.41477714059797766,0.5656139242492252,56.22222222222222,9
4,20,40,10,20,0.5244757380591332,4.854626968798482,0.2664972547323247,-0.4303132068622497,0.5883451384850639,65.22222222222223,9
4,20,40,10,28,0.5452166642462452,3.7126307535231993,0.26885961806036973,-0.42155697159630956,0.5672945422828893,59.77777777777778,9
4,20,40,10,36,0.5682513734692654,3.4721297651422276,0.30156188251320865,-0.40233129637325793,0.5835131564063541,56.333333333333336,9
4,20,40,10,44,0.5511656185991596,3.5140975117906095,0.2860332118147603,-0.4006585744234455,0.5695371857740831,53.888888888888886,9
4,20,40,14,20,0.5157898881008859,2.982804984032047,0.24736954746041087,-0.4343491688002232,0.5673972786049466,62.111111111111114,9
4,20,40,14,28,0.5447357536723832,3.6209692622431393,0.2855959025706917,-0.41191172902178175,0.5955359066787816,57.22222222222222,9
4,20,40,14,36,0.5410133683972826,3.5458161924133837,0.2845103218678592,-0.4072362338628296,0.5767241203796428,53.77777777777778,9
4,20,40,14,44,0.6075833745767761,3.0702049792901875,0.3050133005210893,-0.3967363611838002,0.606994595686337,50.0,9
4,20,40,18,20,0.551131671334837,3.517728559075566,0.28532385998965926,-0.4103648311233151,0.6209758691356527,59.333333333333336,9
4,20,40,18,28,0.549736276920685,3.907540739448308,0.27971558441667643,-0.4038307248999107,0.5972090155414806,55.111111111111114,9
4,20,40,18,36,0.6140930215928143,3.2711078366774538,0.3176153811616441,-0.3834291114838229,0.5935087316948741,52.111111111111114,9
4,20,40,18,44,0.7132661389506266,5.161127366143203,0.3628437624735045,-0.4079451053960215,0.6267136339237788,47.0,9
4,20,40,22,20,0.5456684258855531,3.630454575483317,0.2726291753455041,-0.4153981344326121,0.5932630110286897,55.55555555555556,9
4,20,40,22,28,0.6039481990819985,2.8732663682303006,0.2894695299524106,-0.4085337894816192,0.6131001834696143,52.333333333333336,9
4,20,40,22,36,0.7058424251706401,4.29380767785268,0.37456909695454194,-0.38553368380964725,0.6376727808675806,48.111111111111114,9
4,20,40,22,44,0.7230088403305297,5.0505276992474615,0.3956642912660784,-0.3774626168383387,0.6319333562499237,44.22222222222222,9
4,20,50,8,20,0.5697338306931998,4.881556457231704,0.26949353203002635,-0.45094539246227366,0.5744409696797198,60.666666666666664,9
4,20,50,8,28,0.6087106926079403,5.590853511517246,0.3496570882212351,-0.3864750790715783,0.5825465042037546,56.44444444444444,9
4,20,50,8,36,0.5923917049418447,4.319219378747892,0.32651448726009974,-0.3796839461809568,0.568443500695804,51.666666666666664,9
4,20,50,8,44,0.6059071502543313,4.629884234549092,0.33596755457669353,-0.37760692754191966,0.5746326200333151,48.666666666666664,9
4,20,50,10,20,0.6102894418539122,4.969339696211741,0.335939344172876,-0.3992780755272838,0.5834344899162134,58.888888888888886,9
4,20,50,10,28,0.5758984355798594,4.003819126275477,0.32224373867702266,-0.4006553896518954,0.5809901589487052,54.0,9
4,20,50,10,36,0.5398401279919657,3.0117760997787335,0.29821180028829963,-0.3796882851898724,0.5746649390798326,50.111111111111114,9
4,20,50,10,44,0.6049795961839012,4.456164777132925,0.3282081042544815,-0.3777665826219609,0.5902588028334628,46.111111111111114,9
4,20,50,14,20,0.5480059213178953,3.013544317238293,0.28780951377734704,-0.4109018609946571,0.5653126748336402,56.0,9
4,20,50,14,28,0.5546951765971929,3.441077943289717,0.27966136731898694,-0.4165297718543297,0.5987997411510968,51.111111111111114,9
4,20,50,14,36,0.6143730754803962,4.306074152351755,0.3101154968253932,-0.4062619925586211,0.6101803892263897,46.333333333333336,9
4,20,50,14,44,0.7266814607830462,6.123808800006767,0.4397980813372329,-0.3408905249055479,0.6200941404675385,43.55555555555556,9
4,20,50,18,20,0.5175856444936068,2.6540815471538273,0.25473726728194546,-0.41649148549964593,0.5775449085734139,53.22222222222222,9
4,20,50,18,28,0.6235484288434451,4.103902178849101,0.31171561850698326,-0.3964299563321238,0.6177249107063938,48.55555555555556,9
4,20,50,18,36,0.7466940118874457,5.639827307605876,0.4105857549252305,-0.3859193921969497,0.6519430789254411,45.0,9
4,20,50,18,44,0.7543429991763626,5.350554789685639,0.44974918469282127,-0.3772072406539839,0.6533172240847556,41.0,9
4,20,50,22,20,0.5835699474226796,2.5512839145747384,0.2869243577441311,-0.3889940927753424,0.5893556909943464,49.77777777777778,9
4,20,50,22,28,0.7480263417376667,5.109833366496652,0.38382666998356996,-0.4051839534157582,0.6374986351947719,46.0,9
4,20,50,22,36,0.7381203947416568,5.51136874002641,0.43244921955616605,-0.3708696800457156,0.6525431502175688,42.666666666666664,9
4,20,50,22,44,0.7437450131595209,6.280741186759034,0.4299709100744067,-0.3684037251766421,0.6524498327129905,39.22222222222222,9
4,20,60,8,20,0.5587134187168857,3.709412071775072,0.2783988245835162,-0.4104471452458592,0.5722155078648737,62.111111111111114,9
4,20,60,8,28,0.583827553582194,4.052465061953407,0.32146354881354317,-0.3779934533607772,0.5610554991793608,54.44444444444444,9
4,20,60,8,36,0.6078774610595612,4.866552036685268,0.33480519484598914,-0.37087610094106643,0.5797551826715297,48.111111111111114,9
4,20,60,8,44,0.6368079659417154,6.56065898858007,0.3553383971558843,-0.38377823524391913,0.558492921979535,46.22222222222222,9
4,20,60,10,20,0.5760418090891012,3.7827571952195567,0.31615776811850527,-0.3938280695503356,0.5674906321951458,59.44444444444444,9
4,20,60,10,28,0.5798663489531408,3.4357638594117788,0.3041313589322612,-0.3875380313392744,0.5619186414633789,52.666666666666664,9
4,20,60,10,36,0.6296748665258849,5.705713914247691,0.366830608678943,-0.3563093657782481,0.5777983870435005,46.22222222222222,9
4,20,60,10,44,0.7264103469546535,7.270110142072408,0.4234176116244327,-0.36225496942526275,0.6185849256016966,44.111111111111114,9
4,20,60,14,20,0.5851526291275269,4.6368827495221545,0.34951199798711424,-0.3715197118826991,0.5878209663548093,55.333333333333336,9
4,20,60,14,28,0.6258513667427485,4.2537633121812535,0.3314457904456844,-0.38297291529248967,0.6050960657039685,49.0,9
4,20,60,14,36,0.7447233689439026,6.698537265318652,0.4459961836445031,-0.3513896235347263,0.6269694382687305,43.666666666666664,9
4,20,60,14,44,0.7644247838571447,7.120930987448691,0.4793340856251738,-0.33993179213811126,0.643504665559181,41.22222222222222,9
4,20,60,18,20,0.6378915702503357,4.624193671820899,0.3414700049005619,-0.3799390167992528,0.6046082307566901,50.55555555555556,9
4,20,60,18,28,0.7030300582782856,5.998460600580337,0.38012010127803175,-0.3797145054855482,0.6168473505545726,44.44444444444444,9
4,20,60,18,36,0.7637492742042947,5.502384373683137,0.44343181726761577,-0.3765718544731687,0.6502562929392197,40.666666666666664,9
4,20,60,18,44,0.7794848508654811,6.012767523876136,0.4663873386959577,-0.35357216783106904,0.6542163015829227,38.888888888888886,9
4,20,60,22,20,0.7168660204628284,5.205722775015162,0.39772393978987153,-0.3721469698891595,0.6333678554135015,45.333333333333336,9
4,20,60,22,28,0.7150533788638922,4.821782922247819,0.3969883914778857,-0.37615644169057155,0.6277347766625413,41.44444444444444,9
4,20,60,22,36,0.7478704754839571,5.93517002928538,0.44777106310155,-0.3546673271897155,0.6322241993294626,38.55555555555556,9
4,20,60,22,44,0.7741703336851016,6.037184431755489,0.47643511949699047,-0.3371845286167572,0.6647740177151943,36.111111111111114,9
4,20,70,8,20,0.6069147004171208,3.8913512096000216,0.3341499385163194,-0.3907192698299786,0.5643588792979758,60.333333333333336,9
4,20,70,8,28,0.657075669379,4.270431496445478,0.3887493014875435,-0.3677013527751531,0.5587942527483842,53.111111111111114,9
4,20,70,8,36,0.6736381847734443,7.042347888790548,0.4021685249574826,-0.3679264353044807,0.5614260650317973,47.333333333333336,9
4,20,70,8,44,0.7140916841699078,7.553397264989562,0.4308504099083461,-0.3668883572153734,0.5792166425524858,45.111111111111114,9
4,20,70,10,20,0.5739841368364761,3.103774065770505,0.3107620504669164,-0.3871413292496876,0.572747327959762,58.333333333333336,9
4,20,70,10,28,0.6621658241642105,5.464076625782153,0.4097299069028653,-0.37069351480937596,0.5624605725016644,51.22222222222222,9
4,20,70,10,36,0.6373879874706406,5.152735250606185,0.3642929652941509,-0.3757583416247185,0.5674185815711307,45.666666666666664,9
4,20,70,10,44,0.7091487085913469,4.936262325403388,0.4382622888246907,-0.34901411645763236,0.6060771355922491,43.0,9
4,20,70,14,20,0.6180787722055776,5.280816792166902,0.37194562381285795,-0.36828005428458865,0.5961802451095652,54.333333333333336,9
4,20,70,14,28,0.6366553503869063,4.187219612431458,0.37606315430647264,-0.3475639308664902,0.5867355612636916,47.888888888888886,9
4,20,70,14,36,0.7062911543353648,4.001691183076381,0.4069818264040332,-0.36116084798246795,0.6100693089558412,43.0,9
4,20,70,14,44,0.7668954238362645,6.214403008198669,0.48675431271696973,-0.3392022160336321,0.6219960271950001,40.333333333333336,9
4,20,70,18,20,0.6676027145005741,4.863800467044265,0.3952986130103968,-0.36736068790414683,0.5952363125832084,50.111111111111114,9
4,20,70,18,28,0.6848409600649263,3.7629618310844353,0.38420968362590974,-0.3619493973828369,0.5955183137958608,45.55555555555556,9
4,20,70,18,36,0.7570730780850807,5.194385224465533,0.4640838583872158,-0.34705541069815016,0.633688350355017,40.55555555555556,9
4,20,70,18,44,0.7236448376223729,4.553204739235443,0.39680085488111244,-0.37118353044578467,0.6304223285647433,37.111111111111114,9
4,20,70,22,20,0.6980717528003986,4.133308900599802,0.37193744933096673,-0.3835160409488951,0.6107944286240397,45.888888888888886,9
4,20,70,22,28,0.7354858415276059,4.669587481700881,0.4283403874520716,-0.35350671537597245,0.648431091745916,41.22222222222222,9
4,20,70,22,36,0.6959941937478171,4.8367795330601355,0.3753250111585344,-0.37553056945202806,0.6308478482111093,37.55555555555556,9
4,20,70,22,44,0.7447796096633207,5.247995070962867,0.4321087229287037,-0.3400657566521513,0.6594573431002739,35.22222222222222,9
4,25,35,8,20,0.443281470139566,3.82350787370254,0.20653052575716388,-0.4274815519785699,0.5919591084556188,83.55555555555556,9
4,25,35,8,28,0.4923889113924262,4.348214828790418,0.25619120919162996,-0.40874803522726555,0.596419172143816,76.11111111111111,9
4,25,35,8,36,0.46597982415841915,3.6387598968573465,0.22367120993467196,-0.42798649468601896,0.5959210461842103,71.55555555555556,9
4,25,35,8,44,0.5114658264916963,2.991457334084021,0.26030534717060305,-0.38915032643415626,0.5878805373338314,70.55555555555556,9
4,25,35,10,20,0.4480550849191003,3.7152359870761793,0.2348036259934273,-0.3945620198149513,0.577963748121333,78.88888888888889,9
4,25,35,10,28,0.48311415576494265,4.5939062839203375,0.2543545742990254,-0.4026427739583107,0.5857971537279006,72.44444444444444,9
4,25,35,10,36,0.4786813524989284,4.323246319381848,0.26105063310529775,-0.4128027447642355,0.6040757919164172,68.33333333333333,9
4,25,35,10,44,0.5190059063572132,2.913862910722724,0.2674478092959767,-0.3838475079639469,0.5971593999976453,67.44444444444444,9
4,25,35,14,20,0.4542680055958182,5.145829333085235,0.26213938363137745,-0.39684684086671446,0.5854315607386363,71.55555555555556,9
4,25,35,14,28,0.48427494675592375,3.5516172110983226,0.2557237473168481,-0.41880432619995284,0.5907249856471485,65.33333333333333,9
4,25,35,14,36,0.5044054291452222,2.8995371883651955,0.2337783229482692,-0.4222862620687317,0.5857031807090444,60.22222222222222,9
4,25,35,14,44,0.599818745047033,3.428555990920132,0.3202217015209594,-0.3641463297134925,0.5966528640907783,58.22222222222222,9
4,25,35,18,20,0.5292485128939153,4.187733949280956,0.2810374516476676,-0.41159946874033587,0.6000294089968004,65.0,9
4,25,35,18,28,0.5550609223424883,2.7519182076239335,0.269758364166953,-0.4082498678030217,0.6061847278509226,58.55555555555556,9
4,25,35,18,36,0.6339909622251295,3.11752609202465,0.3022152403820331,-0.40741571666035514,0.6333483894252956,54.77777777777778,9
4,25,35,18,44,0.6675233522080712,4.817183363739855,0.33202637788363826,-0.3999178440085138,0.6023089801225207,52.55555555555556,9
4,25,35,22,20,0.5414075283823097,3.500641865592387,0.28926622816295855,-0.40433129244897503,0.6090026928568056,60.666666666666664,9
4,25,35,22,28,0.6004846075657522,3.4278059767538616,0.29091131419654587,-0.4089015940410175,0.6316672294220457,55.888888888888886,9
4,25,35,22,36,0.6742456985036113,4.352453967874426,0.33971989297741695,-0.3935142865151589,0.6227931259945072,52.22222222222222,9
4,25,35,22,44,0.7079677087687384,4.913354318671768,0.39765706672019774,-0.36819682478964855,0.6092231744506608,49.111111111111114,9
4,25,40,8,20,0.5138491891733139,5.806744262347158,0.3025574069521154,-0.4010228018756915,0.5877017484455241,71.55555555555556,9
4,25,40,8,28,0.41745942608994063,4.465234242164399,0.22443904590813193,-0.4253419970421872,0.5723309081551835,65.55555555555556,9
4,25,40,8,36,0.5032595543736402,4.520276848650917,0.2757474292992095,-0.40774065249181723,0.5815690378560902,60.666666666666664,9
4,25,40,8,44,0.5603342292386646,3.792570943184236,0.29705729853614793,-0.394304235332617,0.5956387549196892,59.0,9
4,25,40,10,20,0.46281936969974247,4.568045761818,0.2500913749029016,-0.4004819079389014,0.5889958082154716,68.44444444444444,9
4,25,40,10,28,0.45529596981183196,3.4206155738683055,0.2289448786591945,-0.43201712270877635,0.5946038917701579,62.888888888888886,9
4,25,40,10,36,0.5144707157074664,3.3513851063111506,0.26086565024336766,-0.3993449130570104,0.5803900107170219,58.666666666666664,9
4,25,40,10,44,0.5940541999596706,3.5482169570809337,0.3071398043263543,-0.37838024205210363,0.5832743701046366,55.22222222222222,9
4,25,40,14,20,0.489997787350313,3.3596552184058974,0.2400282738193703,-0.43477871438552734,0.5972083875275844,64.22222222222223,9
4,25,40,14,28,0.5359739322329647,3.0296049019686024,0.2561222186670086,-0.41768650043058897,0.6139196250092485,57.666666666666664,9
4,25,40,14,36,0.5955780657559233,2.902472637617231,0.2980485630529043,-0.3944258135103319,0.6113701404581907,54.55555555555556,9
4,25,40,14,44,0.6727680076639517,4.453512273773693,0.33123820222085487,-0.40421526067870556,0.6017898951017233,51.44444444444444,9
4,25,40,18,20,0.5785879071428048,3.498758174561604,0.3086910022311966,-0.4042176066182172,0.6316435249573872,58.888888888888886,9
4,25,40,18,28,0.6002304464197977,3.158615439049027,0.29531457652782933,-0.400570659073668,0.6032149582997041,55.111111111111114,9
4,25,40,18,36,0.6962066621504694,4.9193184284192535,0.3810933211989389,-0.3682987104439104,0.6330906011816111,51.22222222222222,9
4,25,40,18,44,0.6951986824911932,5.387956627746678,0.3745358153817901,-0.377278955461636,0.6194749666063706,47.333333333333336,9
4,25,40,22,20,0.5742562109935674,2.9565215393507134,0.2820663933394314,-0.40975461478117453,0.5963369971552337,55.55555555555556,9
4,25,40,22,28,0.6713835627500235,4.16143428975584,0.36179960712017945,-0.3646394809071183,0.6160878571422411,51.888888888888886,9
4,25,40,22,36,0.7061567255349648,6.474170530634111,0.40337175558579097,-0.37369743507090414,0.6355006306704469,48.44444444444444,9
4,25,40,22,44,0.7257543088059706,6.308829135931946,0.4360795972533078,-0.3583058695795949,0.6352320780563976,44.0,9
4,25,50,8,20,0.5260405725020986,5.106555905863396,0.30251599480510893,-0.39346677448649203,0.5800985546132638,58.111111111111114,9
4,25,50,8,28,0.51123186156656,3.2179369841582375,0.24210172155962065,-0.41921305051605534,0.5718377581640622,54.888888888888886,9
4,25,50,8,36,0.5718944784172567,3.166643067231024,0.292329561026749,-0.38105475390856347,0.5756195264215453,50.44444444444444,9
4,25,50,8,44,0.6771664031735575,5.1778572186386596,0.37903187012176737,-0.369750002803197,0.6276563509603386,47.111111111111114,9
4,25,50,10,20,0.5315920942710668,4.27479789728083,0.29633742223329457,-0.3971425356544166,0.585160211997352,55.333333333333336,9
4,25,50,10,28,0.503405614732913,3.2188736535136075,0.23082655797150206,-0.4160064448920815,0.5822613601499496,52.333333333333336,9
4,25,50,10,36,0.6138969249788175,3.5544533129525107,0.3220729318905275,-0.3733446984268931,0.6131322538557019,48.888888888888886,9
4,25,50,10,44,0.6993928877019369,4.645609988888612,0.3862710333620719,-0.37318692932996217,0.6369337782363123,45.55555555555556,9
4,25,50,14,20,0.5422605365088545,3.5266102709157394,0.2748450978155019,-0.3876385770380993,0.5829657270638191,52.111111111111114,9
4,25,50,14,28,0.6335806901425081,3.6370231892102742,0.31304968384058923,-0.39748884710997967,0.6173142077343757,49.666666666666664,9
4,25,50,14,36,0.6904878010587753,4.292560697019489,0.3748122558453168,-0.38405462172760024,0.6362864108290752,45.77777777777778,9
4,25,50,14,44,0.7522307806860786,6.279125864538764,0.44442914159091346,-0.3547534768161269,0.6671577209580613,42.22222222222222,9
4,25,50,18,20,0.6138512724316177,2.8878030518225786,0.2966518551903408,-0.398534602962561,0.6251239213634172,50.111111111111114,9
4,25,50,18,28,0.7087624132883789,4.838155423002523,0.38320844016579036,-0.3770401929001783,0.6400066373553224,47.22222222222222,9
4,25,50,18,36,0.7073172864776839,5.309637628389671,0.39657025090861353,-0.37443932326058926,0.6485513723139805,43.55555555555556,9
4,25,50,18,44,0.7457188370121678,6.432407985228341,0.4455299858144144,-0.35205652899335294,0.6602556554156698,40.111111111111114,9
4,25,50,22,20,0.7011833098333073,4.572827666837164,0.40096362171534655,-0.36176762466928775,0.64714603335424,48.55555555555556,9
4,25,50,22,28,0.6918137597410046,5.34038704327207,0.38023873081354626,-0.37743995197335384,0.6285296617704882,45.666666666666664,9
4,25,50,22,36,0.6753486941198945,5.8572789293220024,0.3796018686602598,-0.36860432833195483,0.6324835135243531,42.55555555555556,9
4,25,50,22,44,0.7018345329953308,5.060951336428428,0.3837282964830247,-0.3774598950250651,0.6235519836397029,38.666666666666664,9
4,25,60,8,20,0.556124360496334,3.5033330945730947,0.29266784568039783,-0.388561194611503,0.5722003025297422,55.888888888888886,9
4,25,60,8,28,0.5941883467448286,4.312438911842388,0.3237837934383121,-0.3668681003454492,0.5868976572462785,49.666666666666664,9
4,25,60,8,36,0.7270585925484434,6.358112225926342,0.42573818572497657,-0.35016435763092235,0.6270528606186551,45.22222222222222,9
4,25,60,8,44,0.7596268247446485,6.0576608878360485,0.45623648251816223,-0.35029164357953607,0.6419294620118898,42.0,9
4,25,60,10,20,0.5699644012161329,3.4675063284783976,0.29609758519273693,-0.3989481524471278,0.5890049604273598,52.77777777777778,9
4,25,60,10,28,0.6477132089219846,5.034448014222018,0.35596439608767727,-0.36616165458847855,0.624041278054522,46.55555555555556,9
4,25,60,10,36,0.7332910545675444,6.155121222238766,0.4369830092974756,-0.3549540620905027,0.6454139073748476,42.888888888888886,9
4,25,60,10,44,0.773671772831615,6.454819836986906,0.4883859206097576,-0.34213982298093254,0.6438407034256414,40.44444444444444,9
4,25,60,14,20,0.6463729448631976,4.89440055565444,0.33841168490109286,-0.3879337857471906,0.6176489602933372,47.77777777777778,9
4,25,60,14,28,0.7286160678833284,5.44869464169245,0.41033276193098145,-0.3654586220319926,0.6472237149858603,44.0,9
4,25,60,14,36,0.7496739647651842,5.249601231041257,0.4452534277467471,-0.35945259554714676,0.656491332684723,40.333333333333336,9
4,25,60,14,44,0.7526453722104696,5.888178833270288,0.46733135424914085,-0.3447947259793984,0.6391011022589971,38.0,9
4,25,60,18,20,0.6925909086587794,4.756399885294199,0.3577129609032844,-0.38990316277698145,0.6195110709131832,44.55555555555556,9
4,25,60,18,28,0.742712421900656,5.6650561238668065,0.414137939968122,-0.37392325001931553,0.6562636681610022,41.0,9
4,25,60,18,36,0.7472455647610736,5.782182084964118,0.43114602685904796,-0.36507380357071395,0.639466125880332,38.44444444444444,9
4,25,60,18,44,0.7278946012939943,5.0218339136322365,0.41837066108017684,-0.34987979454947016,0.6750745961272278,36.22222222222222,9
4,25,60,22,20,0.7443846433920055,6.237548490707367,0.4303272659080542,-0.36322062580831505,0.6599470755360337,42.333333333333336,9
4,25,60,22,28,0.7270701300708806,5.9387392189242725,0.42386788466013536,-0.3571921261411821,0.635813965395719,39.666666666666664,9
4,25,60,22,36,0.7093397225900262,5.369263929194248,0.3984409746849799,-0.35933821695850404,0.6394432099798457,37.0,9
4,25,60,22,44,0.7415720700992243,6.542453101520419,0.457987744910323,-0.32690085338863056,0.6608105304183736,35.333333333333336,9
4,25,70,8,20,0.6087080820352724,6.285699962097514,0.38192139490661936,-0.35310260079052447,0.5660809444256723,52.888888888888886,9
4,25,70,8,28,0.6935383046086453,6.048406430816022,0.42743978337482336,-0.34606099924211203,0.6100909512192044,47.22222222222222,9
4,25,70,8,36,0.7250591221915421,6.072188578048323,0.4418695883379493,-0.3459648391146091,0.6070329685749047,42.888888888888886,9
4,25,70,8,44,0.7464787254399401,6.708834133121035,0.45438761482175216,-0.3412672324339768,0.6177049636929453,39.55555555555556,9
4,25,70,10,20,0.670326803617771,7.438841427211789,0.41468171169524737,-0.35465326052206253,0.5895742164511162,50.44444444444444,9
4,25,70,10,28,0.6993844455225147,7.286764814613905,0.4365725545718811,-0.346350991094528,0.6148340335272784,44.77777777777778,9
4,25,70,10,36,0.724273488444657,5.318682020332408,0.4397374247407595,-0.3490263672236303,0.6301185045013067,41.0,9
4,25,70,10,44,0.7114617109912792,5.0291487917000515,0.4154445906370867,-0.35437318738855733,0.6149825586068632,37.888888888888886,9
4,25,70,14,20,0.7216673706095146,6.935847438565744,0.4431275140199399,-0.34138433414480424,0.6046257057539555,47.111111111111114,9
4,25,70,14,28,0.7225795063974998,4.828726739877737,0.4295664979188892,-0.35203039953862036,0.6010688839531722,42.0,9
4,25,70,14,36,0.729287709999733,5.09682785254618,0.4165929009026807,-0.3614669205093371,0.6327849345393205,38.0,9
4,25,70,14,44,0.7504205970256574,5.647833861896841,0.4507425041609261,-0.3433134964455107,0.6562482542874699,36.111111111111114,9
4,25,70,18,20,0.7252919272275284,4.848962909505464,0.4268647302247852,-0.34381746303825494,0.6033798300809896,43.77777777777778,9
4,25,70,18,28,0.7039804948557011,5.379562835516388,0.384826413839103,-0.3879580043268398,0.6343494369944501,39.333333333333336,9
4,25,70,18,36,0.7473217559468016,6.097663209362352,0.43735362246153514,-0.34964331706565055,0.6459262225516095,36.0,9
4,25,70,18,44,0.7227809381730389,4.8591936066555625,0.4112795122197935,-0.3457656775687983,0.6563862584824917,34.888888888888886,9
4,25,70,22,20,0.7130386445126248,5.297579083822732,0.3934269054703531,-0.38801486721928086,0.6362793934307801,40.77777777777778,9
4,25,70,22,28,0.7188829810039835,5.876688095423613,0.40941277024972833,-0.3538456025669132,0.6592670069450255,37.44444444444444,9
4,25,70,22,36,0.7152944157167203,5.198359172998433,0.4227674004799107,-0.33409290988133544,0.6308498767219097,35.22222222222222,9
4,25,70,22,44,0.6976566928537716,4.5930688699956335,0.40489827896334313,-0.34446176028191633,0.6382114304908423,34.111111111111114,9
4,30,35,8,20,0.5770416159707554,3.9538783274812537,0.31204929133429743,-0.3678912038376214,0.5966343831047747,95.33333333333333,9
4,30,35,8,28,0.4722237410344497,3.068500846305005,0.2344754310885403,-0.4054207460558233,0.5836421017432802,91.33333333333333,9
4,30,35,8,36,0.5075815584009483,4.652745364247924,0.32261117351322643,-0.36498066830518827,0.5870019098767627,88.33333333333333,9
4,30,35,8,44,0.532584106062693,3.4469169912741813,0.3030809219243821,-0.3673041999500955,0.592164241143482,85.77777777777777,9
4,30,35,10,20,0.5058304963904484,3.3718978413231255,0.27773146023126516,-0.3586531967497272,0.5873920146342214,87.66666666666667,9
4,30,35,10,28,0.5208523391626086,4.565418230123003,0.2851895136465191,-0.3956460034593639,0.6021304637043811,81.22222222222223,9
4,30,35,10,36,0.5934945108815954,5.405381663976966,0.40103680275878023,-0.3424793487707889,0.5942788027532258,78.77777777777777,9
4,30,35,10,44,0.5668603381645206,3.3780764048238243,0.3042818036292293,-0.3770754316959779,0.6078354222156993,75.33333333333333,9
4,30,35,14,20,0.4884233127505979,3.603671480817816,0.2516359555784324,-0.4223488811592425,0.5958169492029256,77.66666666666667,9
4,30,35,14,28,0.5185820634618966,2.656683900068172,0.23296435230716572,-0.4298807690035221,0.6015700142374023,68.77777777777777,9
4,30,35,14,36,0.6258894341107591,4.892584676843596,0.31080055687523983,-0.3996575833186379,0.6154005717317188,66.11111111111111,9
4,30,35,14,44,0.6531276847212736,5.767308327677838,0.34511934134725164,-0.38544211566204195,0.5931364132254511,64.77777777777777,9
4,30,35,18,20,0.5099377263976748,2.237798839197461,0.2720690533342969,-0.4119168072258576,0.6172481046691739,68.44444444444444,9
4,30,35,18,28,0.5863792557326772,3.0851340168829444,0.28672951477531483,-0.4139597333760353,0.6035561503746821,62.666666666666664,9
4,30,35,18,36,0.6760198120027892,4.52427235040988,0.3597704348500205,-0.3806228485986061,0.6047766317476033,59.333333333333336,9
4,30,35,18,44,0.6770799924995873,5.04924494602206,0.3637017933606171,-0.3875917203746519,0.6172154036741342,56.44444444444444,9
4,30,35,22,20,0.551360202690012,3.324461575687411,0.29323160314863084,-0.38517486872468776,0.5923661804250373,64.44444444444444,9
4,30,35,22,28,0.6133214782222423,3.5468784985859125,0.33587768930008355,-0.3702663872028267,0.6122383929280166,59.888888888888886,9
4,30,35,22,36,0.7001690468176105,5.095268900800158,0.37590728603767964,-0.38434613790705896,0.6258503805042442,55.22222222222222,9
4,30,35,22,44,0.681637669229397,5.005296773136846,0.3975487871751605,-0.35622916244874936,0.6049314588813378,52.666666666666664,9
4,30,40,8,20,0.511885983936804,3.2796334303773786,0.2612789584121024,-0.4055268209136783,0.6035548021750876,82.44444444444444,9
4,30,40,8,28,0.5183776291560158,3.4955328304308697,0.27143826890886563,-0.39816588127865304,0.6010436374431329,74.33333333333333,9
4,30,40,8,36,0.6377973780130665,4.6307217006321615,0.36107035406348326,-0.3651885482677008,0.6246611167507317,71.66666666666667,9
4,30,40,8,44,0.6681949411603358,5.597336142820153,0.3899578648970119,-0.37149826380689066,0.616600942240408,69.77777777777777,9
4,30,40,10,20,0.459505704582143,2.5566755197412245,0.21545568787164987,-0.4222444825991603,0.5898445931665638,78.55555555555556,9
4,30,40,10,28,0.5832820621894853,3.8832983375364845,0.3068841059329056,-0.38134494479159453,0.6091228744228852,69.44444444444444,9
4,30,40,10,36,0.6337957534937199,4.190062904924401,0.3190127510798087,-0.39775160794711817,0.5983772385744341,66.55555555555556,9
4,30,40,10,44,0.6644465559570885,4.814353613912972,0.3469927561003933,-0.37844194765917966,0.6133851551623981,65.11111111111111,9
4,30,40,14,20,0.5202226146144757,2.7049859846544617,0.24791303881479776,-0.4314441494149577,0.5962531870652428,69.22222222222223,9
4,30,40,14,28,0.6210799776514808,3.645443069442657,0.31165703595458366,-0.4123926565938014,0.6060245862549741,62.44444444444444,9
4,30,40,14,36,0.6648207584464869,4.105075155791978,0.32508794979472905,-0.4047879494161214,0.6112831598918573,58.0,9
4,30,40,14,44,0.6643966504484483,4.544359530383983,0.33039947098919714,-0.40408015560701044,0.6160315345501798,55.111111111111114,9
4,30,40,18,20,0.5904435147277196,3.328954036169966,0.3095447140154304,-0.40858746770407234,0.6289900081418017,62.0,9
4,30,40,18,28,0.6292672198475132,3.4145647667382324,0.3163583713842337,-0.3923665835142638,0.616798752822196,56.111111111111114,9
4,30,40,18,36,0.687947566212577,6.126129454600361,0.3537351140264163,-0.39566872386069274,0.6493233957920461,51.666666666666664,9
4,30,40,18,44,0.681038008364827,4.947994411217042,0.3959749604212523,-0.355710118295671,0.6277108124573707,49.22222222222222,9
4,30,40,22,20,0.5846584190212695,3.949029888745132,0.30583941733548986,-0.38126583497424155,0.6082271630011675,57.111111111111114,9
4,30,40,22,28,0.6749945971470374,4.49104367055525,0.37421211324689296,-0.3807182945057689,0.6491720169454784,53.55555555555556,9
4,30,40,22,36,0.6455987867338481,4.850026674021588,0.3505461118592571,-0.37731069258884825,0.6241817711848767,49.0,9
4,30,40,22,44,0.6684485680811756,4.742279927851623,0.3554313303873277,-0.38156574126753573,0.6135837860997305,45.77777777777778,9
4,30,50,8,20,0.5874010622613012,3.9021379508843745,0.3235942657005807,-0.37603608062907123,0.6044799546196482,61.44444444444444,9
4,30,50,8,28,0.593702269558745,2.9470626564921334,0.3179530578799673,-0.3732124521688568,0.6194682825707226,56.666666666666664,9
4,30,50,8,36,0.6410680556492465,3.683262496515381,0.3388043440496322,-0.38008707032469224,0.6039668447552408,52.0,9
4,30,50,8,44,0.6518964921766632,5.433277488101709,0.37039323060592144,-0.3848662441275574,0.6071152217696618,48.666666666666664,9
4,30,50,10,20,0.6203411547308014,4.0806237385888595,0.33105901909592855,-0.3793455452192238,0.6141669585652563,58.55555555555556,9
4,30,50,10,28,0.6363507930824155,3.479390469504333,0.3451894911580334,-0.3661776538393094,0.6131412215722046,54.22222222222222,9
4,30,50,10,36,0.651498958449227,4.120070990168721,0.3351556484066248,-0.38224049994152604,0.623397117756956,49.111111111111114,9
4,30,50,10,44,0.6452985564840055,5.208977524997238,0.37242595483042396,-0.3680475196116401,0.6298669580553639,46.55555555555556,9
4,30,50,14,20,0.5964658182731323,2.977323737291291,0.31354810275486844,-0.3792765141759804,0.6158002166774097,55.111111111111114,9
4,30,50,14,28,0.6610020443309764,3.9740073304106667,0.3560869695600825,-0.37463970267625324,0.6436785364040793,50.888888888888886,9
4,30,50,14,36,0.6542003184505074,4.487976670388145,0.3377335158434891,-0.3917949837072675,0.6376259956509726,46.44444444444444,9
4,30,50,14,44,0.6799105529833598,4.814475153094801,0.3748669968843691,-0.3697866327332224,0.6331334144810844,43.666666666666664,9
4,30,50,18,20,0.6348340031651178,3.6892859465195027,0.3441233838292316,-0.3758913542536717,0.635006475006475,52.666666666666664,9
4,30,50,18,28,0.6927084288479483,5.33897720521337,0.3752894645386534,-0.36673701068073505,0.6341615700653784,48.666666666666664,9
4,30,50,18,36,0.6669548083258906,4.877905909510779,0.36221400023021166,-0.37183515500887476,0.6335627318513535,45.22222222222222,9
4,30,50,18,44,0.7141574203234045,5.453230084936494,0.4163153235126365,-0.3607577437800153,0.6478630605544957,42.111111111111114,9
4,30,50,22,20,0.7131517669043261,5.398357231947401,0.4087625092499875,-0.3585537644637126,0.6442916952196409,49.333333333333336,9
4,30,50,22,28,0.6536291587257193,4.510668449213741,0.38049420219761426,-0.35360757375725743,0.6173367272355201,46.22222222222222,9
4,30,50,22,36,0.6819666021144536,4.860800242460324,0.4039646869627397,-0.34434108014918474,0.6347078269937032,42.22222222222222,9
4,30,50,22,44,0.6972710593906855,6.2002643216154825,0.43094862133950335,-0.3410269911986517,0.6511050519747816,39.666666666666664,9
4,30,60,8,20,0.6541838357997762,3.8825992881931453,0.36073884285354957,-0.36624005637193807,0.5963945554348448,54.77777777777778,9
4,30,60,8,28,0.7319181934971983,4.865450672864011,0.4053801540891644,-0.37467984665724585,0.6250523278565737,47.666666666666664,9
4,30,60,8,36,0.7783886256472162,6.149165390251666,0.478323403593376,-0.34293701261116283,0.6564528188162481,44.77777777777778,9
4,30,60,8,44,0.6921350076962224,5.1525393690783226,0.3780629602061917,-0.37663141665145433,0.6266204362745346,41.77777777777778,9
4,30,60,10,20,0.6567731125669045,3.204158443682211,0.3301615801686995,-0.3999864875037827,0.6066833961809562,51.0,9
4,30,60,10,28,0.7355991971319326,5.099987971260242,0.4117862627503579,-0.37263864091449617,0.6487754269430726,45.22222222222222,9
4,30,60,10,36,0.7282473393957312,5.224137380159274,0.42535311688791894,-0.3563088333208157,0.655984838708416,42.55555555555556,9
4,30,60,10,44,0.7030176735417091,4.743195013290661,0.39428945560587125,-0.361546073378422,0.6336038460878,39.55555555555556,9
4,30,60,14,20,0.6713879897927861,4.589399092810751,0.3366508727095255,-0.39565466009862593,0.6203332621293284,46.55555555555556,9
4,30,60,14,28,0.7200557421728853,5.515282854280296,0.43086642264470054,-0.35036056799035925,0.6419373010552818,42.44444444444444,9
4,30,60,14,36,0.7333329244450572,5.274745957980532,0.4256119298640374,-0.3647418393443948,0.6567400106873792,39.666666666666664,9
4,30,60,14,44,0.739598846559525,6.236226048196705,0.4454045257861663,-0.3341629594392398,0.6655096198955849,37.333333333333336,9
4,30,60,18,20,0.7282925959118409,5.055145174697028,0.43300774794227165,-0.3588696104534352,0.6322233845995221,43.55555555555556,9
4,30,60,18,28,0.6878902027066753,5.704132360018047,0.39271533052007457,-0.36576672021988244,0.6086394848910895,40.55555555555556,9
4,30,60,18,36,0.7308168012333583,6.799992021918393,0.4382676027285204,-0.3449724223067401,0.6478640004955795,37.44444444444444,9
4,30,60,18,44,0.730242205305985,5.016389286653759,0.4406262436086524,-0.33312191306231703,0.664200415954802,35.666666666666664,9
4,30,60,22,20,0.6897362115608462,5.066860450737772,0.39802462882275,-0.3597131013151721,0.6251029909566495,40.55555555555556,9
4,30,60,22,28,0.7325301053325757,6.607669023375861,0.4373960662811873,-0.340155621928317,0.635609496135812,38.888888888888886,9
4,30,60,22,36,0.740675754374529,5.341825266992834,0.44826970326773424,-0.33205715090473337,0.6599076304442661,36.22222222222222,9
4,30,60,22,44,0.7245362256769642,5.616815160724512,0.45485456891128806,-0.32743451475734286,0.6529783651107182,34.55555555555556,9
4,30,70,8,20,0.6452109631465152,4.717919074749833,0.33688191465908296,-0.40225001174826325,0.5919995619323026,51.111111111111114,9
4,30,70,8,28,0.7104083077800433,6.666688869359345,0.42549403859501833,-0.35670076872722245,0.5830343859413627,43.888888888888886,9
4,30,70,8,36,0.7235508786393114,5.079963004853756,0.4219083370733761,-0.3544682521776268,0.635537409816028,40.0,9
4,30,70,8,44,0.745408886493776,6.25778068858169,0.42428722507640626,-0.36330792772342124,0.651157106813397,38.333333333333336,9
4,30,70,10,20,0.6980788518657858,5.653610535385535,0.3718624242620648,-0.3754138074043756,0.6116071295871297,47.77777777777778,9
4,30,70,10,28,0.7093357569849329,5.53805908300217,0.4328580726684021,-0.3501236906121695,0.6168296425491424,41.44444444444444,9
4,30,70,10,36,0.7333806116012317,5.236169164129954,0.41761836793149043,-0.3549593479846957,0.6433341342305826,38.22222222222222,9
4,30,70,10,44,0.7577111533841233,6.313888739919907,0.4518069179808129,-0.34510633505315713,0.653019364910573,36.55555555555556,9
4,30,70,14,20,0.6992711705635973,5.4797295855255665,0.3912357005514642,-0.37120994741433555,0.6155869093584662,43.44444444444444,9
4,30,70,14,28,0.7199309425898816,5.779829906645772,0.4174592083592954,-0.355980560099955,0.6370533134760777,38.111111111111114,9
4,30,70,14,36,0.7413127347170911,6.478999354445499,0.42906606967662914,-0.35108243513904025,0.6522465078966627,35.55555555555556,9
4,30,70,14,44,0.7275359908805673,5.240364032485015,0.4276302397981603,-0.3369304064667858,0.6693700717419883,35.111111111111114,9
4,30,70,18,20,0.7370675307056328,5.8625052101341595,0.4536047834405745,-0.34694836701939213,0.6590077357942143,38.666666666666664,9
4,30,70,18,28,0.7382732646473844,6.995154124674146,0.42524111355909466,-0.35682839850733195,0.6616792686968125,36.0,9
4,30,70,18,36,0.7251170810380798,5.069121660901005,0.4330382628413024,-0.3316108406046474,0.6725017225017226,34.55555555555556,9
4,30,70,18,44,0.725205294039853,5.624887206721649,0.43162957450128014,-0.3432480401609819,0.6593304300649334,33.333333333333336,9
4,30,70,22,20,0.7026659190695906,5.696998325574815,0.39561467514545745,-0.3651183097911408,0.6446511104405841,36.55555555555556,9
4,30,70,22,28,0.7048776722884592,5.2838194670584215,0.43512874911517146,-0.3344304291978979,0.6502480829106216,35.22222222222222,9
4,30,70,22,36,0.6826936229133975,4.676244953586949,0.40922842354145733,-0.3415677156521415,0.6570029562418623,34.55555555555556,9
4,30,70,22,44,0.7664928544352129,5.523865482376871,0.45267227704828833,-0.3430333123087195,0.6606832249028644,32.44444444444444,9
4,34,35,8,20,0.46337581789158616,3.1540875167423064,0.22596109995136462,-0.39049050688857423,0.5838080744424123,111.11111111111111,9
4,34,35,8,28,0.49423235885335376,3.40168712870339,0.24875429609030741,-0.4139338502223672,0.6135751904255025,106.33333333333333,9
4,34,35,8,36,0.5729939035385366,4.281231801491858,0.32823651791789876,-0.3692960485524355,0.60735149764881,102.55555555555556,9
4,34,35,8,44,0.6351866319721714,4.992033050232804,0.36604044974771727,-0.35991318911441206,0.6032855288252321,100.77777777777777,9
4,34,35,10,20,0.45807591338399944,2.6608345802061057,0.21233516923391804,-0.42120292930208103,0.6087835891417659,99.33333333333333,9
4,34,35,10,28,0.5412486350910776,3.980592308654328,0.268488036369929,-0.40864053418012425,0.6075742833608361,93.44444444444444,9
4,34,35,10,36,0.6195780941966375,4.470526017940682,0.33338554943563364,-0.37968409812139603,0.6056703811457078,91.11111111111111,9
4,34,35,10,44,0.5984889814772897,3.9265657035376815,0.3295616104027343,-0.3621115594891884,0.6020655914974062,87.66666666666667,9
4,34,35,14,20,0.5136735358796161,2.961349607137885,0.24149678398567476,-0.4268570550720511,0.5863264676093776,89.0,9
4,34,35,14,28,0.5754677589799263,3.083548242104636,0.2813565993855692,-0.4123467619712793,0.5866184644870118,78.33333333333333,9
4,34,35,14,36,0.6765957488849605,4.225769939510985,0.36134794247944313,-0.3766710609051638,0.6106724274483475,76.88888888888889,9
4,34,35,14,44,0.7223756585960834,5.414884178962117,0.3988103542038899,-0.3694683724655856,0.6123414260618185,75.33333333333333,9
4,34,35,18,20,0.5921519567870605,3.0123393038681767,0.28459552764589185,-0.4220803001479935,0.6307687042066406,77.44444444444444,9
4,34,35,18,28,0.5939648871631633,2.6723027692226013,0.2909576883549018,-0.40060892487395955,0.6079200334582837,72.0,9
4,34,35,18,36,0.628887438700333,3.023551399662571,0.29378565406155954,-0.42220344204168986,0.6346491332445764,66.77777777777777,9
4,34,35,18,44,0.6362136490574267,3.69392439467506,0.34429417235129134,-0.37007289632022644,0.6060821037599999,64.88888888888889,9
4,34,35,22,20,0.5521675893444131,2.616420345378012,0.2746846911507942,-0.39111451180432977,0.5902879236535664,72.22222222222223,9
4,34,35,22,28,0.624208858234161,4.357188215668771,0.3377265238940349,-0.3759173756336178,0.6271566967687567,68.44444444444444,9
4,34,35,22,36,0.6320541841471353,4.3430171389694845,0.3489083876079297,-0.3857200705190695,0.6140646115609656,62.77777777777778,9
4,34,35,22,44,0.6460156129721999,4.601630926585799,0.3365476196884864,-0.38759023111186125,0.6151955551867903,60.111111111111114,9
4,34,40,8,20,0.4713508801835139,2.2464792898863553,0.20843685196486342,-0.4400191464722172,0.5857926727789184,93.55555555555556,9
4,34,40,8,28,0.5616242012936004,3.896353947329285,0.27091181886643817,-0.4157390222544994,0.5945190852214872,87.22222222222223,9
4,34,40,8,36,0.5958669788073405,3.014551881052969,0.3030553814953365,-0.3868125645503378,0.5839275360094769,83.77777777777777,9
4,34,40,8,44,0.6017730824005482,4.055260170737417,0.29067505476964045,-0.4081115673531563,0.5802177122841599,81.55555555555556,9
4,34,40,10,20,0.557673141754112,4.294694746920978,0.2820695636752053,-0.42801439557630894,0.5892615116098777,85.44444444444444,9
4,34,40,10,28,0.5625983278584005,2.7473145538923966,0.2771857358171838,-0.4131693270705127,0.5849822798067148,78.33333333333333,9
4,34,40,10,36,0.6664486931922007,4.346756487235439,0.352290382539553,-0.3871798779011873,0.5901759137903136,75.11111111111111,9
4,34,40,10,44,0.6302706219936044,4.495322882624631,0.31254180693586675,-0.4150953539480002,0.5981206679056735,72.88888888888889,9
4,34,40,14,20,0.5462444746926507,2.5320031865273247,0.25218391311706984,-0.4310146949182593,0.600071565052047,76.0,9
4,34,40,14,28,0.5981416691372372,3.201270781374732,0.29937942080994395,-0.4010883551274578,0.6158441996190877,65.88888888888889,9
4,34,40,14,36,0.6259835556156075,3.214973893764073,0.2920365116650621,-0.41884826398341685,0.6179476427974122,62.111111111111114,9
4,34,40,14,44,0.5660299224360661,2.578141545580168,0.2632443006874089,-0.4098010527985234,0.6148524894029919,60.666666666666664,9
4,34,40,18,20,0.5609664873975096,2.608007468442501,0.27006182388167743,-0.40969888214713635,0.603099300803793,66.66666666666667,9
4,34,40,18,28,0.5754591268248068,3.1265617533102947,0.26912283182262153,-0.4293336447030778,0.6388864872779909,60.0,9
4,34,40,18,36,0.6183294927442079,3.366211462268156,0.3099231796483088,-0.39906468786970145,0.6122294436530988,55.44444444444444,9
4,34,40,18,44,0.6572438838013441,4.334538463036135,0.3240615123819728,-0.4028164792284683,0.617980373535929,52.666666666666664,9
4,34,40,22,20,0.6098994573776455,3.9721733353306994,0.33341422694369593,-0.3697790182279696,0.6186400472416518,60.888888888888886,9
4,34,40,22,28,0.6088071137571286,4.268816477885898,0.29596309398132004,-0.4086152575803515,0.6158881971822596,56.111111111111114,9
4,34,40,22,36,0.5885329220192107,3.6309119996446406,0.3162956130984738,-0.3656740637594335,0.5990152901455158,52.111111111111114,9
4,34,40,22,44,0.6991513589748277,4.8135129615847605,0.40722762496646925,-0.34740484496246743,0.6201985624825185,48.333333333333336,9
4,34,50,8,20,0.5124113793713884,1.9755060643954832,0.22306169830300482,-0.4459520404773115,0.5986949416077051,67.88888888888889,9
4,34,50,8,28,0.5547655957925751,2.6375208754555377,0.26858753589469553,-0.39764517892338236,0.598888797017759,58.888888888888886,9
4,34,50,8,36,0.597211489985825,3.343441947603774,0.2961785421284988,-0.3985099520333817,0.6088336301092768,55.666666666666664,9
4,34,50,8,44,0.5744577068810715,3.515399703878943,0.3026508960206237,-0.38676125245845344,0.5816849254276154,53.55555555555556,9
4,34,50,10,20,0.5286503016943366,2.591587616083166,0.24527267117721938,-0.43052048703408485,0.5901266933458914,65.11111111111111,9
4,34,50,10,28,0.5839555701439493,2.9978315304250867,0.29113821598029677,-0.39480376397221245,0.6252992689078979,56.888888888888886,9
4,34,50,10,36,0.6261525939564846,3.857165984322366,0.3366699828140145,-0.38330397880672834,0.6258186607243209,53.333333333333336,9
4,34,50,10,44,0.6282322962692457,4.051275695699683,0.3353828228465663,-0.37031611242227636,0.610652065280917,51.22222222222222,9
4,34,50,14,20,0.5747676375276645,2.958528712475938,0.27904909340235995,-0.40632299552932083,0.6227957090284527,60.55555555555556,9
4,34,50,14,28,0.6262667289650534,3.3183602206618605,0.3261412873762012,-0.4033774739495827,0.6250841012346746,53.55555555555556,9
4,34,50,14,36,0.667030618048377,4.357929478414473,0.3690000396929081,-0.3611876399631886,0.6109647373974048,49.44444444444444,9
4,34,50,14,44,0.6880883275048986,4.082128447032198,0.40133798682096017,-0.35755676112067136,0.6253207035375222,47.0,9
4,34,50,18,20,0.6327299652640644,4.209597207948622,0.3347291676360864,-0.37342600488149047,0.6325435943156719,55.77777777777778,9
4,34,50,18,28,0.6650545030769413,3.9854030755516043,0.35513829688695886,-0.3638815101629949,0.6152013999170598,50.55555555555556,9
4,34,50,18,36,0.6584986891948694,4.224931562928671,0.3941172029060803,-0.3505797615980345,0.6395012412126195,46.333333333333336,9
4,34,50,18,44,0.6691955677096967,4.202950541922382,0.41446917820379353,-0.3304081581146449,0.608551008223421,43.666666666666664,9
4,34,50,22,20,0.6792128080354023,3.9581845895925003,0.39074155647937264,-0.35160737398902764,0.6234185246425614,50.77777777777778,9
4,34,50,22,28,0.643561786953215,3.915226136355851,0.3807910920235764,-0.3392178652124272,0.6154145668271763,47.111111111111114,9
4,34,50,22,36,0.6770415935574606,4.416289019184649,0.4297040480464941,-0.3300074111484022,0.6404124936078045,43.0,9
4,34,50,22,44,0.7044278233755292,4.996687194449617,0.4355405221036752,-0.32676570900806684,0.6621732698433598,39.666666666666664,9
4,34,60,8,20,0.628468587308305,2.928085356410163,0.32805600518069694,-0.38244077490767425,0.6073555228160221,56.0,9
4,34,60,8,28,0.6768824535883105,5.637517548806174,0.390017989996233,-0.3706442000757783,0.6151729130968397,49.0,9
4,34,60,8,36,0.6990111674253475,4.790416307069446,0.41805448145846397,-0.34337456967884056,0.6325449228194161,45.0,9
4,34,60,8,44,0.6978506569775237,5.59831971296904,0.39881229094934817,-0.36016214111749645,0.6226337652599705,42.44444444444444,9
4,34,60,10,20,0.6705344457348021,3.709783567745708,0.37722316179597554,-0.3619088443551674,0.6186102350808232,52.55555555555556,9
4,34,60,10,28,0.6783898841993445,4.505551644915816,0.3749231876918575,-0.38061526924779737,0.6166331243578584,46.44444444444444,9
4,34,60,10,36,0.6629002622275268,4.372193302893342,0.37243939654840935,-0.36471150326944746,0.6100840968727148,42.77777777777778,9
4,34,60,10,44,0.7583243828439693,6.344345841042928,0.4999186453638615,-0.3245157581676458,0.6605354153920692,40.666666666666664,9
4,34,60,14,20,0.6906922528477014,4.854113489455496,0.37049528034924584,-0.3847907303104988,0.6422895758502118,47.55555555555556,9
4,34,60,14,28,0.6797923818881715,4.86504916882541,0.36496821014378894,-0.3754285028247896,0.638282205392224,43.666666666666664,9
4,34,60,14,36,0.6945825459941533,5.676312089006444,0.41974824734524985,-0.3352885549573192,0.6379532842947477,40.44444444444444,9
4,34,60,14,44,0.7102928929168715,5.223935631366048,0.4294130011995332,-0.3328929203963456,0.6323417981312719,37.888888888888886,9
4,34,60,18,20,0.6871579096032581,5.019108913641865,0.391858755448074,-0.3496756049179057,0.6357282277572133,44.0,9
4,34,60,18,28,0.6565926398061667,4.587806439961496,0.38398529561925376,-0.3446434885430928,0.6374707764242649,41.666666666666664,9
4,34,60,18,36,0.7287544975830534,7.6137300307783295,0.4582259758920816,-0.3227543167684559,0.6559995507363927,38.55555555555556,9
4,34,60,18,44,0.7523169651402811,6.511186245642015,0.4739566792246225,-0.32267727734612134,0.6652816946934593,35.666666666666664,9
4,34,60,22,20,0.6544416374374821,3.8936319472396366,0.38121179085235357,-0.34208793455158654,0.6383395511444292,41.77777777777778,9
4,34,60,22,28,0.721853280830104,5.971225285180726,0.46873623721148167,-0.3196747105650465,0.6377933446290314,39.888888888888886,9
4,34,60,22,36,0.750558544920363,5.515749486297184,0.4588879450447511,-0.33124695324273484,0.6693358845262996,37.333333333333336,9
4,34,60,22,44,0.7083908571124593,4.445941593094365,0.40993217333303583,-0.33860886924802847,0.634662696182304,34.888888888888886,9
4,34,70,8,20,0.6663106802578772,4.699267599872513,0.3618463981736463,-0.3621780441210163,0.5957949920999425,52.55555555555556,9
4,34,70,8,28,0.6988891362099985,5.390741875100244,0.3874347355996317,-0.37098699540475133,0.6249859812169416,42.22222222222222,9
4,34,70,8,36,0.7323368080387171,6.2884600509867585,0.4384817846111311,-0.3403608816355931,0.6415089886420652,39.77777777777778,9
4,34,70,8,44,0.73917219112422,5.730350277998792,0.41907700614772964,-0.35548838747346045,0.6280124929247736,38.22222222222222,9
4,34,70,10,20,0.6544489830686611,4.9092234013721425,0.35861159323710046,-0.3686633227092177,0.6143572324235735,48.55555555555556,9
4,34,70,10,28,0.7147007325529057,5.6469826966914205,0.41758822074560614,-0.35392105490606024,0.6474845844381425,40.0,9
4,34,70,10,36,0.7798227777308611,7.266129391546368,0.46750494597573095,-0.33724847694310794,0.6665772575699833,38.44444444444444,9
4,34,70,10,44,0.7468103675346506,5.938573136448635,0.4479619434761653,-0.3414441961551025,0.6473340471534487,36.77777777777778,9
4,34,70,14,20,0.7143687468165212,4.709205447450678,0.41410105984183926,-0.35819809823838883,0.612616582830572,43.0,9
4,34,70,14,28,0.7836676421846649,8.290078095981038,0.47730233506819797,-0.3388739196236147,0.6712004147706029,37.333333333333336,9
4,34,70,14,36,0.7593998521433885,6.239299117259378,0.45049318471092575,-0.3429589833041517,0.6854110801479223,36.111111111111114,9
4,34,70,14,44,0.7578828106003037,6.535688328410651,0.46512443218788235,-0.3344361351767488,0.6496234458695758,34.55555555555556,9
4,34,70,18,20,0.7664350055358743,7.711311122325215,0.4762797582429894,-0.34146736100938085,0.6512850512850513,38.0,9
4,34,70,18,28,0.770654610076421,7.180414937405312,0.4951388890297835,-0.31699382648533025,0.6713117526843017,35.666666666666664,9
4,34,70,18,36,0.7336759159076767,6.58972588643179,0.4496658498440683,-0.3383394623290068,0.6626141722955448,34.55555555555556,9
4,34,70,18,44,0.7259785445951065,5.150649839497192,0.43462515514859384,-0.33779748326638015,0.6510373341255694,33.0,9
4,34,70,22,20,0.7455361004606142,7.132397328478728,0.46347192625403266,-0.3356501707443867,0.6480046195732468,35.77777777777778,9
4,34,70,22,28,0.736817991494974,6.197202417639723,0.4718497330335796,-0.324145740799466,0.6462938638248236,34.44444444444444,9
4,34,70,22,36,0.6971442319899039,5.033209967945954,0.41249793398270174,-0.33832420502215255,0.6293560434926658,33.44444444444444,9
4,34,70,22,44,0.7032320689486132,3.5679529702567496,0.3782396359273005,-0.3534243239227468,0.6516847395523866,32.111111111111114,9
4,40,50,8,20,0.6247355755517645,3.9926055060431107,0.3396593799123658,-0.3802530748741781,0.6073667693653815,83.0,9
4,40,50,8,28,0.6106223630331948,3.815334621494957,0.32558573895036474,-0.38750681886805327,0.6104305028413664,74.66666666666667,9
4,40,50,8,36,0.7018107053614784,5.1696067617169525,0.4046928871306961,-0.3709759702113598,0.5989373132702984,69.77777777777777,9
4,40,50,8,44,0.6554732233511024,5.2116130666509655,0.3600842736566608,-0.3829766439572537,0.5898944099872234,67.33333333333333,9
4,40,50,10,20,0.5625972793716517,2.6030363660216684,0.2894926803254469,-0.39901898680936093,0.6002566413146027,78.44444444444444,9
4,40,50,10,28,0.6317689909546489,3.490310825615527,0.3654182293166552,-0.36001504028315007,0.6138932380346334,69.88888888888889,9
4,40,50,10,36,0.6720327662088873,4.676923578774676,0.3668628108553087,-0.3703463027519047,0.5837607253786089,65.55555555555556,9
4,40,50,10,44,0.6389860085599709,5.153587701667464,0.36757211582744165,-0.36789280171147976,0.5996830235658193,62.55555555555556,9
4,40,50,14,20,0.5853591647315216,3.257513822904887,0.31159909516581963,-0.36605336796508026,0.5801031028518084,69.88888888888889,9
4,40,50,14,28,0.6425768883611381,3.4485813876977467,0.3877156402191552,-0.3363271716392268,0.5892585997888186,59.77777777777778,9
4,40,50,14,36,0.6374703331083827,4.177559479237879,0.42141593557857554,-0.33614236940835884,0.6105688546120845,55.0,9
4,40,50,14,44,0.6308733795170662,4.080122801189413,0.4060787595460862,-0.3261691710590576,0.5825304935883825,52.55555555555556,9
4,40,50,18,20,0.6536657593380945,4.122921564977466,0.352960436322057,-0.3800542198274777,0.5866956883351195,61.333333333333336,9
4,40,50,18,28,0.6701333164839187,3.619634979851558,0.3983479131401099,-0.333140492935948,0.6105757453708007,53.888888888888886,9
4,40,50,18,36,0.660089913575312,4.602138526437536,0.432985561283271,-0.33104120414554633,0.6164614857700158,49.0,9
4,40,50,18,44,0.6784454676945741,4.576366911298078,0.42280363664648285,-0.3263266380243835,0.6333853031372632,46.333333333333336,9
4,40,50,22,20,0.6319490370876282,3.464072728900076,0.34264071547509284,-0.36213291341807297,0.6146488487614241,54.77777777777778,9
4,40,50,22,28,0.6523385640440152,4.8184127612541285,0.3650294730764918,-0.36222965198062096,0.6254842055813715,50.0,9
4,40,50,22,36,0.7240648594171578,6.1984243441981555,0.4473038135440489,-0.3452428291833931,0.6583989199549625,45.44444444444444,9
4,40,50,22,44,0.7176050161610424,5.024864211099242,0.4353278883895069,-0.33864487554011646,0.6572454960430003,42.44444444444444,9
4,40,60,8,20,0.6634540720751553,4.0929539311719445,0.35967760807316845,-0.37767831446617645,0.6042598966080226,61.44444444444444,9
4,40,60,8,28,0.6931993858810749,4.12602558083358,0.4318927990787256,-0.3325357133764823,0.623677455774406,54.666666666666664,9
4,40,60,8,36,0.6785076816191851,4.426250903116613,0.4217380929187483,-0.32983427147163963,0.6366061580999314,47.77777777777778,9
4,40,60,8,44,0.7028866588009016,6.57960150596227,0.49297480645565805,-0.31746613801748413,0.64171947489455,46.22222222222222,9
4,40,60,10,20,0.6794781271610676,4.678269723245042,0.3883305501142572,-0.35559796985878,0.585213832983973,58.666666666666664,9
4,40,60,10,28,0.6553950371031879,3.513644222183911,0.39185025573298365,-0.3345126936600791,0.605629837772172,51.111111111111114,9
4,40,60,10,36,0.6748163578846298,6.978222160945807,0.4291654462545527,-0.332011730571978,0.6301500463688172,45.77777777777778,9
4,40,60,10,44,0.68704674152137,5.17352453639575,0.45417073401579877,-0.3142702235499524,0.6430749042361532,43.888888888888886,9
4,40,60,14,20,0.6848637177491724,4.496257715129817,0.42301667920574854,-0.3315017197271741,0.6200992093605643,53.888888888888886,9
4,40,60,14,28,0.7130887968405628,9.487285704741879,0.4819722960031817,-0.3151485913862662,0.6476767884071886,48.0,9
4,40,60,14,36,0.698238836003527,5.778932883031178,0.4292067283633818,-0.3396690814798603,0.6335434841761549,43.77777777777778,9
4,40,60,14,44,0.7048947753767396,6.995534585353336,0.44802167659462594,-0.3218515566024603,0.6348641196202173,40.888888888888886,9
4,40,60,18,20,0.7136369998034284,6.898568506117349,0.45305903232411576,-0.3263791893736406,0.6394512418670817,50.666666666666664,9
4,40,60,18,28,0.7406994409028052,7.318908193502787,0.4965598953157067,-0.3234004125105854,0.6459273164825912,44.55555555555556,9
4,40,60,18,36,0.7335990313010456,6.743200759111182,0.4814036139915412,-0.3188660522684643,0.6471029065470358,41.888888888888886,9
4,40,60,18,44,0.7195571974169559,6.196106617176474,0.4567277420844692,-0.3198951836388497,0.6610683445086525,37.888888888888886,9
4,40,60,22,20,0.6782128742795566,6.614541429259086,0.4421680103303354,-0.3342021251121213,0.6260105746226887,45.333333333333336,9
4,40,60,22,28,0.7988225444544876,7.765580652186873,0.544913151559119,-0.3202417999321255,0.664554040981532,42.44444444444444,9
4,40,60,22,36,0.7338769963863464,9.477928677471947,0.4342842445314502,-0.3488909344170463,0.6746611996611995,38.77777777777778,9
4,40,60,22,44,0.706289336573485,4.699767196811785,0.41003992841547765,-0.33608136845583564,0.6373182005534948,36.333333333333336,9
4,40,70,8,20,0.6688800007713103,4.705685522010668,0.3647004105991848,-0.3541346339545648,0.6141311781033079,53.333333333333336,9
4,40,70,8,28,0.7668399345799273,17.502266218141287,0.5814119287171965,-0.31398464361925543,0.6228974192874974,44.55555555555556,9
4,40,70,8,36,0.7591300285244964,10.203671857320996,0.49163945816124927,-0.3268305981114359,0.653342228758035,41.111111111111114,9
4,40,70,8,44,0.6998171625253664,6.0459952405630695,0.42355077973376254,-0.3322497646077927,0.6348746176088923,38.77777777777778,9
4,40,70,10,20,0.6904778199501747,8.071756737617246,0.4602199269464061,-0.3323914599829012,0.6244236575454364,49.111111111111114,9
4,40,70,10,28,0.7317685149093961,12.548355293662949,0.49591347626291693,-0.3242422447638462,0.6473839074139534,42.0,9
4,40,70,10,36,0.7111589339638276,7.967903479906822,0.46150331047608717,-0.32103639315316135,0.6483117940890278,39.44444444444444,9
4,40,70,10,44,0.7122900970199422,5.859936808658591,0.43967440558444815,-0.3185928709850713,0.6552527170516227,37.111111111111114,9
4,40,70,14,20,0.7084272506327116,13.210956447388902,0.4827852800228768,-0.32457822814071774,0.634466110431482,43.0,9
4,40,70,14,28,0.7362855940014857,9.166759575393927,0.4900207737381532,-0.32117945628261246,0.6633649719305034,38.55555555555556,9
4,40,70,14,36,0.7595487994631526,8.280218172365998,0.49982214481794895,-0.3149546720435763,0.6687671883750315,36.44444444444444,9
4,40,70,14,44,0.6951320316904305,4.095115743424586,0.40521262727094914,-0.338816844092572,0.6520016196486785,34.77777777777778,9
4,40,70,18,20,0.7616375495885754,9.919951317650957,0.5086560188109082,-0.32683912945127497,0.6714972694470859,40.22222222222222,9
4,40,70,18,28,0.7654438751993347,8.516404408401513,0.488076648703974,-0.3251304189717279,0.6875792149785958,36.44444444444444,9
4,40,70,18,36,0.712007314390561,4.347102706724315,0.4249962935859968,-0.33025073943459066,0.6618154951488285,34.77777777777778,9
4,40,70,18,44,0.6866482885063945,3.513418333834109,0.36721238737584894,-0.3591492047873764,0.6624300245623775,33.77777777777778,9
4,40,70,22,20,0.7872740805424281,8.330135992402814,0.5183471956399006,-0.31554792146442323,0.6761042399071295,37.77777777777778,9
4,40,70,22,28,0.6962669830392866,5.387068649993772,0.3928319280500412,-0.3464279026125928,0.6484799342384482,35.0,9
4,40,70,22,36,0.6907960986175361,4.066582721247974,0.394186655595176,-0.3459213601124601,0.6667211328976035,34.0,9
4,40,70,22,44,0.7277768841503386,3.8338760951525757,0.3740232078940824,-0.3717385065002969,0.664207905384376,32.888888888888886,9
6,15,35,8,20,0.4956795206742924,3.1377283420281694,0.2324267532524108,-0.4406468025884983,0.5798302216309745,70.33333333333333,9
6,15,35,8,28,0.5333631365005301,3.4166943428943046,0.26256150905485387,-0.4305697911101681,0.5993060690129646,64.0,9
6,15,35,8,36,0.5333476816343483,4.548495220187709,0.27177142459743586,-0.43262805776257895,0.5743448385813466,60.0,9
6,15,35,8,44,0.5545363254313229,5.984242055529634,0.27702217784501537,-0.4376490200475619,0.5734047205869987,59.0,9
6,15,35,10,20,0.5293262220548759,3.6698345580357516,0.25638785672346875,-0.44793152851547696,0.5992741644190284,68.44444444444444,9
6,15,35,10,28,0.5033121048248559,3.9063437371539496,0.25691351818272046,-0.42414314299338784,0.5795970097229532,63.0,9
6,15,35,10,36,0.5223616457325215,3.783971673742313,0.24697481060468165,-0.43615159644167356,0.5747294792865886,58.333333333333336,9
6,15,35,10,44,0.5782795239368652,5.060882635458425,0.30163543929968006,-0.41905099200497276,0.5777780331907223,57.111111111111114,9
6,15,35,14,20,0.4768754560741614,3.3041521933029694,0.2339994059827416,-0.439511921649444,0.578058595001572,65.66666666666667,9
6,15,35,14,28,0.5415115571403314,3.1905929097982155,0.2599762116361125,-0.4267015047555847,0.5759278110276181,60.44444444444444,9
6,15,35,14,36,0.5609466522107548,3.4235720985808675,0.2903546913242621,-0.4071944598382361,0.579785881824654,56.44444444444444,9
6,15,35,14,44,0.5728318302613277,4.314427990516182,0.29557560520831966,-0.3976198658184327,0.5862314196339464,54.111111111111114,9
6,15,35,18,20,0.5369668382316616,3.5843868347748162,0.2626960969184721,-0.42995905645003446,0.5844386892105186,62.44444444444444,9
6,15,35,18,28,0.5888163968953332,4.505289798092516,0.3181422086981251,-0.3935136316189182,0.5950945207610534,56.888888888888886,9
6,15,35,18,36,0.5524624861889388,3.6444116845483188,0.2677451360516645,-0.42876743749042007,0.5729082609474766,53.22222222222222,9
6,15,35,18,44,0.609512305628694,4.600911931196293,0.3274169683386781,-0.37731813066624537,0.5965175977075664,49.0,9
6,15,35,22,20,0.5650568040762621,4.94667599004153,0.3114889209211634,-0.39746430655560006,0.5978854749411466,58.111111111111114,9
6,15,35,22,28,0.5367136121194591,4.548544043166056,0.26691482792761984,-0.419913543107674,0.583848329000499,53.333333333333336,9
6,15,35,22,36,0.6182290133722611,4.018214380894857,0.31675210351828337,-0.3822546502443623,0.5995506402233561,49.333333333333336,9
6,15,35,22,44,0.6838323932027454,5.046667372889265,0.35063028651312234,-0.40126880068481313,0.6143421686598045,45.55555555555556,9
6,15,40,8,20,0.4953254534713609,3.1912973547818226,0.23284689111008175,-0.4541772103025795,0.5579302975920533,68.0,9
6,15,40,8,28,0.48823588637011184,3.1475979627031583,0.25174515452516827,-0.4268407158152128,0.5720026668018552,61.44444444444444,9
6,15,40,8,36,0.5369374625787267,5.45188276595189,0.28652519204818294,-0.4074632963774354,0.568914619959908,58.111111111111114,9
6,15,40,8,44,0.5658469211479451,3.6202432656829595,0.3023794562035716,-0.39149992633434416,0.5711544905043356,54.111111111111114,9
6,15,40,10,20,0.47216974608899015,2.887971808794802,0.2310477563749457,-0.44002113932551357,0.5831929775994733,65.55555555555556,9
6,15,40,10,28,0.5220121139645673,3.596851301331439,0.2580245323770234,-0.43658362431204734,0.5583112161475334,59.333333333333336,9
6,15,40,10,36,0.555142649408304,4.269684661079777,0.2862178290909186,-0.40530950700408774,0.5695084433196871,56.666666666666664,9
6,15,40,10,44,0.5890383470904335,4.511699114677597,0.3234997954223535,-0.3979577794419859,0.5704351145620986,52.333333333333336,9
6,15,40,14,20,0.4707290684504598,3.143949560675656,0.2145356403647499,-0.46868255820191174,0.5717993377801153,62.22222222222222,9
6,15,40,14,28,0.5823376880287374,4.010192962430127,0.3003650935310137,-0.4077083980920986,0.5676367045927809,57.111111111111114,9
6,15,40,14,36,0.6140835377032612,4.917003272938399,0.31812801732624507,-0.40964835272706457,0.5712843631738317,53.55555555555556,9
6,15,40,14,44,0.5886339158798884,4.8888263082419074,0.3245411775764369,-0.38573628906457263,0.5766325300081587,48.666666666666664,9
6,15,40,18,20,0.5867228839033404,4.761568863438462,0.3089625800671991,-0.4099252698413462,0.5856083829897065,57.77777777777778,9
6,15,40,18,28,0.5613742705373748,4.10500932065099,0.294051451379777,-0.41068461043390747,0.5784018196763294,53.44444444444444,9
6,15,40,18,36,0.5782258836878696,3.561293500900471,0.3026808247804132,-0.38481567630906693,0.580646939737651,49.0,9
6,15,40,18,44,0.6392706222939786,4.691880543908891,0.32701633027813715,-0.39908008552441754,0.618551611297836,45.22222222222222,9
6,15,40,22,20,0.5345900593876066,3.924147354234811,0.28220409320721235,-0.41005213061190626,0.5830406676227109,54.0,9
6,15,40,22,28,0.5389258359724751,3.439857105164172,0.26066765489861593,-0.4062032409529108,0.5841996279927117,50.888888888888886,9
6,15,40,22,36,0.6915691908302747,5.088972188245322,0.3569082082572762,-0.3936663744468148,0.6167247949741012,46.666666666666664,9
6,15,40,22,44,0.7573372823149616,5.880433232797476,0.4531859657638209,-0.3522153960243711,0.626321081468002,43.22222222222222,9
6,15,50,8,20,0.4435195525181683,3.7236466800403196,0.198865381054427,-0.45624632070174287,0.5438080618467447,65.44444444444444,9
6,15,50,8,28,0.5706060364677916,7.157007037158788,0.3017288339645609,-0.4207795111702804,0.5703336186538351,58.111111111111114,9
6,15,50,8,36,0.5963820243620054,5.322194473363769,0.3254812243709409,-0.3985883987165843,0.5640502740135864,52.55555555555556,9
6,15,50,8,44,0.623860084385183,5.336182758632464,0.37023708682633527,-0.3810436056533817,0.5640518249876223,49.55555555555556,9
6,15,50,10,20,0.513392105898499,6.138531748568617,0.25269135807354476,-0.4499923570138395,0.5610951334602948,63.77777777777778,9
6,15,50,10,28,0.5948977280015391,5.795608882241308,0.3193949457774544,-0.4128757277737732,0.5769564790254446,56.22222222222222,9
6,15,50,10,36,0.6018432711291024,5.315610356556677,0.33933830077592936,-0.38876251599235684,0.5691595472176151,49.888888888888886,9
6,15,50,10,44,0.5884368065148302,4.720328283641447,0.33819677906289397,-0.398028708446182,0.5570481727493468,47.55555555555556,9
6,15,50,14,20,0.5428483435554708,4.032806470431913,0.2747051929196672,-0.42678848054264273,0.5740582557250336,59.22222222222222,9
6,15,50,14,28,0.5646633389287355,5.102141578310263,0.299698874469748,-0.4132444052868429,0.5667916222245627,52.22222222222222,9
6,15,50,14,36,0.5609385020756112,4.265392489957317,0.29976983090131076,-0.37773158180613575,0.5631125933430899,46.888888888888886,9
6,15,50,14,44,0.6526226758073038,4.656866516732151,0.36832309169505817,-0.3683124679898898,0.5934639232616987,44.888888888888886,9
6,15,50,18,20,0.5535773470921141,4.054051828067529,0.2888113715854337,-0.40768036855590783,0.5874735004011173,54.333333333333336,9
6,15,50,18,28,0.6149410448911138,4.908121988096713,0.3381972780311971,-0.384050400685608,0.5929283321645992,47.666666666666664,9
6,15,50,18,36,0.6776491025036631,4.756132417053531,0.357959739954348,-0.38092749380786556,0.6240542118501086,43.888888888888886,9
6,15,50,18,44,0.7470534114524463,5.977077418965446,0.4433840114385944,-0.36715393792004103,0.6448594875159033,41.111111111111114,9
6,15,50,22,20,0.5766373027864424,3.790128337494928,0.30949287948138504,-0.38402641776409574,0.5897015706746814,48.55555555555556,9
6,15,50,22,28,0.706132731936974,4.882986783181028,0.36338552833532956,-0.39465078899671807,0.6166881538553874,45.22222222222222,9
6,15,50,22,36,0.7542298643715325,5.599521423369641,0.43210752945566905,-0.3775872987805321,0.6428298517445805,41.22222222222222,9
6,15,50,22,44,0.7423926633621726,5.342651381113557,0.4300462146731507,-0.3742729981700735,0.6274144078267011,38.666666666666664,9
6,15,60,8,20,0.5152241290223025,3.840460399874181,0.2564932183415603,-0.4100153679090064,0.5497230699696631,66.33333333333333,9
6,15,60,8,28,0.573096775475917,4.260027884270302,0.3238699836673449,-0.3927161553720509,0.5720888573771943,55.44444444444444,9
6,15,60,8,36,0.5999802424139009,5.21438518241992,0.34516029315181035,-0.3848139769092288,0.5610801012015973,49.55555555555556,9
6,15,60,8,44,0.6115260068737098,6.689716134358679,0.34497975463601427,-0.38834985616051004,0.5592847693838839,48.0,9
6,15,60,10,20,0.5296651383472166,4.8601002913344535,0.2761922742932372,-0.41253789465602936,0.5619189541926306,63.22222222222222,9
6,15,60,10,28,0.5722606985330523,4.395943838211982,0.3266881527891159,-0.4031652447047576,0.5687970914420643,53.0,9
6,15,60,10,36,0.6317639227129965,5.9508630351097525,0.3760191645900386,-0.3670213924349243,0.5584051794090157,47.888888888888886,9
6,15,60,10,44,0.6634875498868742,9.886963308872259,0.407695193086678,-0.3648575369428682,0.5780137471854664,46.0,9
6,15,60,14,20,0.5915881031762487,3.5298611450592277,0.32029523507091096,-0.383964089730164,0.5593426106951425,57.77777777777778,9
6,15,60,14,28,0.6993543115999068,8.623207754677857,0.46502139251114943,-0.3467371013010112,0.5864051905583054,49.55555555555556,9
6,15,60,14,36,0.6841960207297326,6.785371471635522,0.4075578014436817,-0.3658678698433742,0.5689288740121946,45.888888888888886,9
6,15,60,14,44,0.7676771830641125,7.462717463347925,0.514069938966223,-0.34343457789371157,0.6328448941908466,43.22222222222222,9
6,15,60,18,20,0.6222175556682622,5.566822556746297,0.36427095882117505,-0.3768357897366044,0.593416970869801,52.333333333333336,9
6,15,60,18,28,0.6710028053083347,6.816176602452952,0.3802350301387818,-0.36784745632057025,0.6063459384790173,47.0,9
6,15,60,18,36,0.7577415842231661,6.577051612931062,0.4706557217850364,-0.3496111733507992,0.6185979553140272,41.666666666666664,9
6,15,60,18,44,0.7544216135227914,6.2170077379539626,0.44423340325906346,-0.3595896327422913,0.6336786800201435,38.888888888888886,9
6,15,60,22,20,0.6653734827501256,6.245577088057434,0.3740868588016345,-0.370735728330282,0.603982859423589,47.111111111111114,9
6,15,60,22,28,0.7394392338298821,6.259904170529244,0.44092521400854195,-0.3556738807025552,0.6295339587363781,42.333333333333336,9
6,15,60,22,36,0.7648037560176433,5.059884697206421,0.43702436558110686,-0.3741192579938769,0.6380318701040135,38.888888888888886,9
6,15,60,22,44,0.7438742526477484,4.806610323794256,0.4394463676994271,-0.3532196860979265,0.6332361810431986,36.0,9
6,15,70,8,20,0.5673966661972489,4.971457166963294,0.30370263097149697,-0.40136650018387166,0.5615346084293914,65.11111111111111,9
6,15,70,8,28,0.6515129685143259,5.267162680999772,0.37093013779096445,-0.39720264330145016,0.5876372332117815,55.111111111111114,9
6,15,70,8,36,0.6128510250804526,7.125106816489424,0.36695204219385896,-0.3734671485404309,0.5540765785577106,50.44444444444444,9
6,15,70,8,44,0.6260871956854753,9.280507267398466,0.37613335928950425,-0.3830095284964496,0.577118920168883,47.22222222222222,9
6,15,70,10,20,0.6128965645960684,7.040568582032086,0.3500269210280544,-0.3949864632235398,0.5663250864388294,62.55555555555556,9
6,15,70,10,28,0.6476838309294036,7.550038050020145,0.3927288033820954,-0.3713051546342106,0.5854244344507307,53.666666666666664,9
6,15,70,10,36,0.645836193372691,7.657331885050553,0.3850388788232253,-0.377897763603975,0.5641592653750126,49.111111111111114,9
6,15,70,10,44,0.6712223591106229,7.7433509869578545,0.39877142819471956,-0.3661897874667568,0.5757746215654256,46.111111111111114,9
6,15,70,14,20,0.6077587965830147,4.874474889156283,0.3302843132837796,-0.3852770809218549,0.5976803735970192,58.333333333333336,9
6,15,70,14,28,0.6316621479753004,6.377627358905831,0.3795057990023325,-0.36831679105913606,0.5702238549511605,50.0,9
6,15,70,14,36,0.683005119573573,5.274298734778708,0.4152046986408393,-0.35524443452619237,0.608770154085967,46.111111111111114,9
6,15,70,14,44,0.774084859052368,6.289609224185173,0.5055168596267661,-0.3402156420750895,0.6249147098513356,43.111111111111114,9
6,15,70,18,20,0.6360807163350268,6.586356498478481,0.3838119104214048,-0.37225007212311506,0.5901331951368948,52.55555555555556,9
6,15,70,18,28,0.6429128305329577,3.9413735293645322,0.36549455432291933,-0.3622223876380889,0.6020853760857177,47.44444444444444,9
6,15,70,18,36,0.7416272161543858,4.807030725568373,0.44240293026515914,-0.3573710592289603,0.6211030372483183,41.888888888888886,9
6,15,70,18,44,0.7432280877570956,5.824152541531968,0.436787073864344,-0.35748003491080316,0.605901491107629,38.77777777777778,9
6,15,70,22,20,0.6455047548039203,4.140561571419273,0.3804743174055728,-0.3565819490376563,0.6002339520883916,47.77777777777778,9
6,15,70,22,28,0.716418913798897,4.538134706666104,0.4076441455215783,-0.3678209026942265,0.602458776363448,42.333333333333336,9
6,15,70,22,36,0.7559758218080197,4.816874352742257,0.45006358520260303,-0.34545016545578766,0.6145805145805147,38.666666666666664,9
6,15,70,22,44,0.7578749544016802,5.9622441892127584,0.4532913394210203,-0.34424721340630343,0.6326599373554997,35.44444444444444,9
6,20,35,8,20,0.5335416735918281,4.291877098979403,0.2573251688509651,-0.4218488122816894,0.6016718888736381,71.0,9
6,20,35,8,28,0.5351373125816736,4.4214403536395555,0.29697118128374683,-0.4025902845781725,0.6046665362532242,64.77777777777777,9
6,20,35,8,36,0.5552889149274217,3.5076481598585394,0.2799832263767497,-0.428807680162886,0.5707410759216338,60.22222222222222,9
6,20,35,8,44,0.5383654625802746,3.4832632994619335,0.27663025535226393,-0.41317651446561254,0.5638234927136021,58.111111111111114,9
6,20,35,10,20,0.4816347037548754,3.2944924330094403,0.21970915091093518,-0.4413313182354322,0.5818803862186441,68.77777777777777,9
6,20,35,10,28,0.5467552948650827,4.440077680713982,0.2901147246997114,-0.4084576077257493,0.5873856853241077,63.333333333333336,9
6,20,35,10,36,0.5471663127681486,4.305915005850495,0.2880464801943101,-0.40955613553134396,0.5647157811474552,58.55555555555556,9
6,20,35,10,44,0.549908415343442,3.6023949957007013,0.29193143486959855,-0.3960439403811255,0.5791847784546723,57.111111111111114,9
6,20,35,14,20,0.5454655722176716,6.037412195043469,0.3090139130217966,-0.41825772087388047,0.591865415159776,66.11111111111111,9
6,20,35,14,28,0.5262255022499445,4.685479445089089,0.27306223469010354,-0.42066709336150476,0.6023676648544138,60.44444444444444,9
6,20,35,14,36,0.5221033031724753,2.982937239626858,0.24849352585786713,-0.426844786962852,0.5851577569529737,55.77777777777778,9
6,20,35,14,44,0.5937559534424632,3.5592446624600527,0.2874127272977223,-0.4122190108440078,0.602128304078518,53.55555555555556,9
6,20,35,18,20,0.5397091147592984,4.223262359991503,0.28211662314012764,-0.408947370118561,0.605694317624766,62.111111111111114,9
6,20,35,18,28,0.555844600820085,3.462691813430715,0.26504138735949234,-0.4215406742165083,0.5889747555377856,56.666666666666664,9
6,20,35,18,36,0.6256451873031267,3.681803360792136,0.3208449848214437,-0.3928776102328071,0.5940614335582889,52.22222222222222,9
6,20,35,18,44,0.680021346245928,4.138770130814417,0.3273770583735551,-0.4247333305479482,0.62139865394516,50.0,9
6,20,35,22,20,0.5598458272361146,3.271173626830937,0.26975167215129525,-0.4210579842151894,0.5918837423893906,57.111111111111114,9
6,20,35,22,28,0.659646741975347,4.06790010457073,0.3659586587676873,-0.3639370711905826,0.6122818371572841,53.0,9
6,20,35,22,36,0.7445262363539613,5.316717448087342,0.3922211721962236,-0.38234484273661556,0.6471115112949044,48.55555555555556,9
6,20,35,22,44,0.7580446400900924,5.568588555821008,0.41516318394858176,-0.3820599828564794,0.6413268551784117,45.111111111111114,9
6,20,40,8,20,0.5174299301440052,3.4054427952578923,0.2533386734065315,-0.44063936623584643,0.5805201023545775,64.55555555555556,9
6,20,40,8,28,0.5447822192033853,4.121533369017715,0.2734117562837127,-0.4211630376800386,0.5589587400348873,59.333333333333336,9
6,20,40,8,36,0.5794317435861823,3.8515145121223577,0.3188531245512009,-0.3945174140290384,0.5784783616831167,54.888888888888886,9
6,20,40,8,44,0.5958367620349443,3.703601066507924,0.3161797909312198,-0.3949092528735048,0.5835165291547924,52.44444444444444,9
6,20,40,10,20,0.5052159725924804,3.0172137021836574,0.24993222793580216,-0.4259955924098162,0.568267579161214,63.0,9
6,20,40,10,28,0.5938002553664918,4.786374120258172,0.3218895949821167,-0.41073674074061334,0.5933850002979898,58.0,9
6,20,40,10,36,0.5455468296375965,3.8982567588186563,0.2852968895343247,-0.40518613017736027,0.5652838315222215,53.77777777777778,9
6,20,40,10,44,0.5908929530643833,3.7349351787741054,0.3059900044655596,-0.38907067270327533,0.5908856690355885,50.111111111111114,9
6,20,40,14,20,0.5597119750854991,4.560595502452084,0.285688187913978,-0.41481477425150215,0.6002531767174245,60.333333333333336,9
6,20,40,14,28,0.5244236741957683,3.4746746489082176,0.24507881210215265,-0.43687367175079467,0.587635859580187,54.333333333333336,9
6,20,40,14,36,0.582937758512744,4.334892997921791,0.2845401136851413,-0.4157389230508539,0.5965545155518583,51.22222222222222,9
6,20,40,14,44,0.6865556759958709,5.528675262422944,0.3536586352678624,-0.4071173447614813,0.6097106696953879,47.22222222222222,9
6,20,40,18,20,0.5358676825666744,4.212773170013098,0.2692142558341443,-0.4292714928122823,0.5948923256049736,57.111111111111114,9
6,20,40,18,28,0.6119790313499576,4.344373213813001,0.32901271536903415,-0.38669887733462116,0.6115821108930779,52.888888888888886,9
6,20,40,18,36,0.7078356813975025,4.867372544125546,0.3658261365922417,-0.3956287558218954,0.6178888172044991,49.111111111111114,9
6,20,40,18,44,0.7434439493249243,5.961747129058054,0.40907968929304955,-0.38155615739571236,0.6279167903281377,45.0,9
6,20,40,22,20,0.6091978832521275,4.072321055132475,0.3343719646960641,-0.377968792725354,0.5976264438739083,53.77777777777778,9
6,20,40,22,28,0.6820248666577331,4.191357560743737,0.3622836409765154,-0.3776956185830559,0.6135885671237006,50.333333333333336,9
6,20,40,22,36,0.7567532152918105,6.935667490178368,0.44393674080781614,-0.3688088296620534,0.659601150782156,46.333333333333336,9
6,20,40,22,44,0.7653301477079616,5.975365978803929,0.42750052937869343,-0.3752907898409656,0.6409782782971187,43.22222222222222,9
6,20,50,8,20,0.5894121750885684,4.241433025749365,0.2978011311407465,-0.4210500776312115,0.5772024361746595,57.55555555555556,9
6,20,50,8,28,0.6115586833065493,4.984008820473433,0.3415947611303014,-0.3902276869707369,0.5765797765011601,52.77777777777778,9
6,20,50,8,36,0.6052652648296487,3.9685723382151457,0.3337273747310864,-0.3716216164400646,0.5921282317089577,48.0,9
6,20,50,8,44,0.6593414355844018,5.522900408435466,0.3712735964776879,-0.3695069890055072,0.6023769365167603,44.77777777777778,9
6,20,50,10,20,0.5713113451026393,3.4376964732321817,0.30504785953474906,-0.40555032925273915,0.5718650055025984,56.44444444444444,9
6,20,50,10,28,0.5697731966316494,3.7508668571604016,0.30973618958066634,-0.39948282933312984,0.601570224971277,51.333333333333336,9
6,20,50,10,36,0.6083273758674149,3.9693897602733323,0.3221308546910083,-0.3815800078614717,0.587953895655759,46.44444444444444,9
6,20,50,10,44,0.6792737311905785,4.27939775056266,0.37272251298568126,-0.3698904545938555,0.6269772547210063,43.44444444444444,9
6,20,50,14,20,0.5448548096980941,4.019328900801523,0.30808987073326083,-0.3962745888997482,0.589034288561817,53.666666666666664,9
6,20,50,14,28,0.589786318761058,3.715564828298025,0.3047709683535372,-0.3808456785903632,0.6045774018998766,48.0,9
6,20,50,14,36,0.746540934595905,6.026091543588216,0.43510171176920986,-0.35709707342948005,0.6467076525955906,44.333333333333336,9
6,20,50,14,44,0.7329454700445848,4.725696218086026,0.4156897717029887,-0.3792089928786091,0.6325307119993795,41.888888888888886,9
6,20,50,18,20,0.5702129956741562,3.5839563289324476,0.2875496478854381,-0.4001696249339054,0.5992178703575628,50.22222222222222,9
6,20,50,18,28,0.7575312501346553,6.149704145372189,0.40981503403826125,-0.39281527408762057,0.6448319224292879,45.888888888888886,9
6,20,50,18,36,0.7750054048028612,5.94722978561951,0.4419306496958745,-0.3792816936375403,0.6515554827097652,42.888888888888886,9
6,20,50,18,44,0.7650250396103175,6.72129710808626,0.4528020131983051,-0.38083718691593205,0.643732376595021,39.55555555555556,9
6,20,50,22,20,0.7319992523374204,5.6200118894037745,0.38235018798179343,-0.3991543677805184,0.6298883064377976,46.77777777777778,9
6,20,50,22,28,0.7542897679101285,6.371633150324752,0.43741779768969546,-0.36411218392189776,0.6475292202433814,44.0,9
6,20,50,22,36,0.7413443616321049,6.472336603010766,0.4212746317332343,-0.3717374299705604,0.6600797125187369,40.77777777777778,9
6,20,50,22,44,0.7388515901865433,4.992300153616758,0.44138742630100214,-0.349160279725197,0.6606731403945026,38.0,9
6,20,60,8,20,0.5868117904880009,4.574775026510686,0.33234114824624217,-0.39630962999315267,0.5737906417675809,56.888888888888886,9
6,20,60,8,28,0.6208269914035149,5.611545348579123,0.37705394803870956,-0.36063572912995434,0.574928378499807,50.55555555555556,9
6,20,60,8,36,0.6512202569996679,6.910833053726194,0.37262068331210024,-0.3736006574672094,0.5825287510093139,45.111111111111114,9
6,20,60,8,44,0.7283402451425359,6.474336308265484,0.4400024401868337,-0.35870282921322344,0.618070714866252,42.888888888888886,9
6,20,60,10,20,0.5442239331217442,3.581337740116599,0.28060796900697466,-0.40286870516043494,0.5749353618678862,55.22222222222222,9
6,20,60,10,28,0.6420017722958532,6.779406245983121,0.3809971858021466,-0.35469995412350375,0.5831672571366422,49.111111111111114,9
6,20,60,10,36,0.6809994699606658,5.547372586600779,0.3731051179134788,-0.3716967228053989,0.6141013681352321,43.77777777777778,9
6,20,60,10,44,0.7689288755401437,7.561393180817488,0.4944719821418807,-0.339946386629401,0.6371756749045565,41.333333333333336,9
6,20,60,14,20,0.616368024513571,4.467668094598639,0.3536267273218538,-0.35730032769608017,0.5836166312378902,51.44444444444444,9
6,20,60,14,28,0.7133026495630922,5.439738276727767,0.3948561713534174,-0.3725043967000237,0.6360593436340944,45.666666666666664,9
6,20,60,14,36,0.7711259806542934,7.153738658219526,0.46282035136392885,-0.36335875973475235,0.637750695359391,41.333333333333336,9
6,20,60,14,44,0.7947183799462499,5.992157198933114,0.48472839085444747,-0.344806567780576,0.6341216784469824,38.666666666666664,9
6,20,60,18,20,0.6913905459883005,5.237764033037941,0.37475215202065937,-0.37740742284077977,0.6187258963075402,47.666666666666664,9
6,20,60,18,28,0.7073504578608609,5.024403463422472,0.4031796680352707,-0.37647637563496966,0.6131734939336644,42.666666666666664,9
6,20,60,18,36,0.7618935436380244,5.937062477393956,0.45593995988141867,-0.37192093842436375,0.6398237927649691,39.111111111111114,9
6,20,60,18,44,0.7441068179483161,5.113062550205509,0.4410383066751605,-0.35176136875605507,0.6492250469546651,37.0,9
6,20,60,22,20,0.7224577475417493,4.914915727025521,0.4110734577930743,-0.3673214280305129,0.6220891163544321,43.666666666666664,9
6,20,60,22,28,0.7539859377542478,5.976314011764962,0.4427421454150958,-0.38465196203533064,0.6420279147023333,40.333333333333336,9
6,20,60,22,36,0.7224595855266642,4.781874241081068,0.4099571048187761,-0.35855289767126536,0.6432582856731464,37.333333333333336,9
6,20,60,22,44,0.7434435383232438,6.601665951969415,0.4460478953745341,-0.3406522149564502,0.6534349341366885,35.55555555555556,9
6,20,70,8,20,0.65497937365118,4.507614842616777,0.36267639024846576,-0.3773454118213361,0.5831169831812147,55.666666666666664,9
6,20,70,8,28,0.6497936427164556,5.320648672761627,0.3905216458935654,-0.35668792580706105,0.5658269755223598,49.333333333333336,9
6,20,70,8,36,0.6948408155572214,6.669803685831428,0.4137210149180268,-0.366578917225284,0.5749225956153823,44.77777777777778,9
6,20,70,8,44,0.7526116678030024,4.903015115497112,0.47789946307294695,-0.3445213402382007,0.6262747628815237,41.111111111111114,9
6,20,70,10,20,0.6527238272817094,5.536781427803982,0.3794653458405551,-0.3715557875603277,0.5786089079200776,54.22222222222222,9
6,20,70,10,28,0.664695242584429,6.008759721336364,0.3825654368000475,-0.3712457710161741,0.5666926907475656,48.22222222222222,9
6,20,70,10,36,0.7063746789561228,4.743884383540783,0.41851418269446705,-0.3600342615666551,0.6131954865007808,43.333333333333336,9
6,20,70,10,44,0.7508689902423401,5.2186395371134155,0.47098318941018635,-0.3449390775755679,0.6157540782335541,40.0,9
6,20,70,14,20,0.6636193394920264,6.3373630355150885,0.39722172910067094,-0.35537522869412136,0.596734481120657,50.333333333333336,9
6,20,70,14,28,0.6572643389942642,3.5551889048430385,0.36103711826251267,-0.3688719105683021,0.5981439754766256,45.77777777777778,9
6,20,70,14,36,0.7336598404238672,5.244640400528224,0.43873525073772157,-0.358118934609279,0.6155835950765348,40.0,9
6,20,70,14,44,0.7371573887021539,4.919184153139614,0.4387634927274602,-0.34842083941620033,0.6315523668464844,37.0,9
6,20,70,18,20,0.6301835515958121,3.371751358959259,0.32826223864101184,-0.38711704530470065,0.6087123701194364,47.888888888888886,9
6,20,70,18,28,0.7274045473979002,4.811385318999793,0.42680218339456594,-0.36608330036502557,0.6180155673220918,42.666666666666664,9
6,20,70,18,36,0.7234336783292756,4.698154528960118,0.4143754846849645,-0.3656097186910643,0.6351832351190503,38.0,9
6,20,70,18,44,0.7572826500467271,6.298963944885327,0.4453607119300254,-0.3471057495603109,0.6469160195940382,35.55555555555556,9
6,20,70,22,20,0.724337966395809,4.673494882639184,0.422913763961871,-0.36277474176691143,0.6234093308559819,43.22222222222222,9
6,20,70,22,28,0.71998123239751,5.242326497301232,0.4170931739564834,-0.35874596872951847,0.6242537190442974,38.888888888888886,9
6,20,70,22,36,0.7493546953509898,6.031122441845328,0.44969228987352383,-0.3382199396412717,0.6545911236313713,36.333333333333336,9
6,20,70,22,44,0.6975486521600617,4.433423526462338,0.38418276289823056,-0.353032520912812,0.6495182332192136,34.22222222222222,9
6,25,35,8,20,0.423056152221195,4.520785208538835,0.2383068788784242,-0.40956433570960754,0.5835571150089245,77.22222222222223,9
6,25,35,8,28,0.44985930740692504,4.940335509063784,0.2228734437954229,-0.4301975773043706,0.5939929578102396,70.55555555555556,9
6,25,35,8,36,0.4989987543230215,4.6110302843763,0.2834531406373847,-0.4175678472371958,0.6070048725818344,66.22222222222223,9
6,25,35,8,44,0.5463633990254465,3.597199554455324,0.3202788005410589,-0.35917702928187784,0.5978298320344193,64.88888888888889,9
6,25,35,10,20,0.48162239021317216,7.135265801392361,0.29538593687951537,-0.40461668743412155,0.5999035294002536,74.77777777777777,9
6,25,35,10,28,0.4006677931442075,3.3625876910838226,0.19385814281387656,-0.44553866133739706,0.5781195693957312,68.0,9
6,25,35,10,36,0.5284891934929264,3.6063980692552224,0.28092708456753984,-0.3879685378644773,0.5901210781896223,63.333333333333336,9
6,25,35,10,44,0.5450609463763809,3.3344185951909884,0.2943190519036568,-0.3694179443577176,0.5913648387218169,61.888888888888886,9
6,25,35,14,20,0.45509648752550613,3.881294892329448,0.22850440157318014,-0.4284872777551565,0.5839146229420887,68.22222222222223,9
6,25,35,14,28,0.5236124956452101,3.2221562574138853,0.2764769042627595,-0.4075227685180771,0.5861844007905836,61.55555555555556,9
6,25,35,14,36,0.5867435424178375,3.7063126055908975,0.2876001474376318,-0.40037319496118634,0.6243048107322626,56.55555555555556,9
6,25,35,14,44,0.6740063622573733,5.038128971652277,0.3527553149866992,-0.3781977858835839,0.6120486832118853,55.22222222222222,9
6,25,35,18,20,0.5312906037907028,2.7017996940784315,0.2585444686161411,-0.41738542794730643,0.6019745354955417,63.0,9
6,25,35,18,28,0.6479671108726704,5.3085545618333105,0.3469001865455678,-0.39524491767343917,0.6293049763437369,56.111111111111114,9
6,25,35,18,36,0.6853413889664649,4.63811270381048,0.3646388504785046,-0.38473685491348075,0.6313999627337541,52.22222222222222,9
6,25,35,18,44,0.7183066244864561,4.546117040578377,0.36478472527839245,-0.3939243302283661,0.6112651304710365,49.888888888888886,9
6,25,35,22,20,0.5762156496535691,3.6412522659410502,0.3033210472291028,-0.3920889947033632,0.5995099106832285,57.666666666666664,9
6,25,35,22,28,0.6692432464203486,4.073792079663175,0.35506745360435743,-0.37633994101514595,0.6102076376654979,53.666666666666664,9
6,25,35,22,36,0.7415499410323388,7.124195944733156,0.4376098107253999,-0.3555096052300389,0.6353127521296158,49.22222222222222,9
6,25,35,22,44,0.7309438149494746,5.35761033982336,0.4194940806026125,-0.370389117434651,0.6307445543137445,46.22222222222222,9
6,25,40,8,20,0.4639911813350357,5.168058367985093,0.2563757117258353,-0.40363022179696356,0.5783694272291895,67.88888888888889,9
6,25,40,8,28,0.46840062670572713,4.598200249950187,0.24886530124961956,-0.4304308743659524,0.5798637306834027,61.888888888888886,9
6,25,40,8,36,0.546340913405595,3.8493678199988417,0.28016718968513415,-0.39607021814810633,0.5915487569053961,56.333333333333336,9
6,25,40,8,44,0.6047265699946769,3.614145661535872,0.3118897873074621,-0.3889592190904099,0.5992747706558686,53.77777777777778,9
6,25,40,10,20,0.47276413498449255,4.352902913680554,0.2507117915198631,-0.4158434299828774,0.6001485954282596,65.77777777777777,9
6,25,40,10,28,0.5204187210749804,3.4967755302248174,0.2575269220634711,-0.4248403781551974,0.5798281593889573,59.333333333333336,9
6,25,40,10,36,0.577511148638465,3.5626695373475434,0.28632767259017194,-0.3974670374897831,0.6095861324417841,54.44444444444444,9
6,25,40,10,44,0.6655751944603825,4.202065840984848,0.34431256085776113,-0.3801963939068387,0.6231684311274008,52.333333333333336,9
6,25,40,14,20,0.5105605666309939,2.79452830019469,0.24426175183138474,-0.43396257005013494,0.5894105698034395,61.888888888888886,9
6,25,40,14,28,0.6119098851783893,4.225421043998905,0.3268094259631865,-0.3871440148567016,0.6107168188648089,55.888888888888886,9
6,25,40,14,36,0.6711317182608754,4.611406187209832,0.3505703902040746,-0.3810406516369368,0.6175018023658423,51.111111111111114,9
6,25,40,14,44,0.7121752939921376,5.008297697091971,0.3630696029512753,-0.40043937914189603,0.6040441877233985,48.333333333333336,9
6,25,40,18,20,0.5751731307310606,3.9414224154133817,0.2921495995398733,-0.4213352501228592,0.6118222650943366,57.22222222222222,9
6,25,40,18,28,0.6556938413797151,4.022549395200646,0.329686142254667,-0.40739794582246225,0.6132958640542806,52.666666666666664,9
6,25,40,18,36,0.6869825576128412,6.608421596996823,0.36014236189624743,-0.39310929860784927,0.6186424138984405,48.77777777777778,9
6,25,40,18,44,0.7129198084491721,5.766418446997205,0.398600997388245,-0.3805794417427073,0.6528601410776077,45.55555555555556,9
6,25,40,22,20,0.603413128714602,3.2944230232147493,0.29875428477559507,-0.4060885999951431,0.6040223664052937,54.0,9
6,25,40,22,28,0.7404230123885799,7.000296821291097,0.44764394421569265,-0.3444760512961238,0.635032072349494,50.333333333333336,9
6,25,40,22,36,0.7250476908204353,6.293435609266518,0.4406041214767351,-0.3536275718945146,0.6578747958566029,46.44444444444444,9
6,25,40,22,44,0.681423063028356,5.291403692987101,0.3604732064448574,-0.39372030486785914,0.6289428367264236,43.0,9
6,25,50,8,20,0.5042760832437598,3.6714674835993666,0.25683196965056587,-0.4118993824392465,0.5563874318101321,54.55555555555556,9
6,25,50,8,28,0.5245793328956033,2.987110980837985,0.25595250220782495,-0.4023893964053118,0.5685360825510659,51.0,9
6,25,50,8,36,0.6788493480533041,4.09961561646851,0.3526994497199435,-0.39147393274812514,0.6227930141460771,47.666666666666664,9
6,25,50,8,44,0.7304477888212608,5.266660821774355,0.39900746006934246,-0.37527683931194067,0.6257882158286607,43.44444444444444,9
6,25,50,10,20,0.5297911108072261,3.4268444946476344,0.25283099797541736,-0.40653105726617234,0.5844239492802817,53.111111111111114,9
6,25,50,10,28,0.5826631897542252,3.488841142277342,0.29661096047995533,-0.3836140126162427,0.5988887169123414,49.55555555555556,9
6,25,50,10,36,0.6882128032726761,5.042246434414308,0.3926113661445527,-0.37184012966585067,0.622991888312812,45.888888888888886,9
6,25,50,10,44,0.7181960595638935,5.809968178001727,0.3971391624590461,-0.3844963076739021,0.6381097003946313,42.22222222222222,9
6,25,50,14,20,0.598404009130975,3.225669993197346,0.3054092775666313,-0.3853050018380493,0.6013454935271964,51.0,9
6,25,50,14,28,0.7325668847379644,6.506345966702678,0.42859176360592677,-0.35694583137963415,0.6593353409133551,47.666666666666664,9
6,25,50,14,36,0.7233604348058837,5.238256343475353,0.3918574361953613,-0.38459329979940793,0.639340955289753,44.22222222222222,9
6,25,50,14,44,0.7162317707262957,5.269010890196307,0.39522942051004645,-0.3808652905121803,0.6455394369386667,40.0,9
6,25,50,18,20,0.686788067230318,5.380907881858551,0.3762314706287704,-0.3798232085736442,0.6320218831699603,48.333333333333336,9
6,25,50,18,28,0.7255506912959562,5.26910745780773,0.39540464331418623,-0.3819912798932341,0.6402514159081076,45.333333333333336,9
6,25,50,18,36,0.6858913502536249,5.964950189632917,0.3852022512845912,-0.36943043703392636,0.6332044768880448,42.55555555555556,9
6,25,50,18,44,0.7119749730852838,5.59726495826566,0.42053844473051955,-0.3574523757803088,0.6258049728738646,38.888888888888886,9
6,25,50,22,20,0.6993959567907837,5.652808558497057,0.37865052056499443,-0.3865018145966099,0.626720086568221,46.666666666666664,9
6,25,50,22,28,0.6993827562695837,5.745826587495554,0.3911607398133674,-0.3722952312891593,0.6268224120874618,44.0,9
6,25,50,22,36,0.6803781886850191,4.78413739799724,0.3698583828775785,-0.38626020594251737,0.6205187690960048,41.22222222222222,9
6,25,50,22,44,0.7503461762041217,6.855148441091441,0.4436580147614074,-0.3415962092063353,0.6497912554930099,37.77777777777778,9
6,25,60,8,20,0.5585256204917376,3.335826346434094,0.28728333298981196,-0.3864576774318891,0.5877039288749938,51.22222222222222,9
6,25,60,8,28,0.6894998629010911,6.535596093305923,0.39660078444137326,-0.3579148663761257,0.646826438974362,46.0,9
6,25,60,8,36,0.7469057942583373,6.018890352372808,0.4316413460741477,-0.3669278953079415,0.6290012907899087,41.888888888888886,9
6,25,60,8,44,0.770280286039836,6.231894931029763,0.4827242490838483,-0.3363412081407287,0.6210233877281932,39.333333333333336,9
6,25,60,10,20,0.637612836747955,4.624987236987104,0.34660682482832494,-0.37175205639609593,0.6175975714638711,49.888888888888886,9
6,25,60,10,28,0.7508527869089788,6.3443546628238074,0.43945503705186906,-0.35622151939340896,0.6466539021705375,44.111111111111114,9
6,25,60,10,36,0.7393476797386803,5.31011883418576,0.43891665237838207,-0.37050863797441635,0.6289811810457937,41.0,9
6,25,60,10,44,0.760281875366784,6.189599877406919,0.47348815733138533,-0.3415903491448917,0.6526534377411569,38.333333333333336,9
6,25,60,14,20,0.7205345238952702,5.3882261186096665,0.38194117886180456,-0.3846798298789378,0.6219119873916686,46.0,9
6,25,60,14,28,0.7290009458973186,4.964436762735332,0.39569333309917826,-0.3894583270210989,0.6261764173656781,42.0,9
6,25,60,14,36,0.7345620224530486,5.548713534429276,0.4212278291499197,-0.37049214014166487,0.6480704967547073,38.77777777777778,9
6,25,60,14,44,0.732353429163632,5.046749057643652,0.42391289546932387,-0.3531679687357328,0.6617328564696987,36.44444444444444,9
6,25,60,18,20,0.7281057938425239,5.877431280954906,0.401717009583374,-0.3810171376713049,0.621087411300137,42.888888888888886,9
6,25,60,18,28,0.7536744037054226,6.085602106183182,0.4372679763552189,-0.3740432380009652,0.6483378580939556,40.111111111111114,9
6,25,60,18,36,0.7051097324936046,4.971039798780584,0.39052079117983685,-0.3680085690886186,0.6397293935993625,37.333333333333336,9
6,25,60,18,44,0.7664296286829715,7.5359700584928975,0.4639655732726491,-0.33481759024201924,0.6764010938417544,35.333333333333336,9
6,25,60,22,20,0.7330133934659412,5.93260275917358,0.41896770686146384,-0.37302299795479293,0.6358267155353462,40.55555555555556,9
6,25,60,22,28,0.6904488687794708,4.935943379410983,0.38624298112849087,-0.3686792093381378,0.6206149758781337,38.111111111111114,9
6,25,60,22,36,0.7712493296331382,6.997568704376625,0.4778175404126409,-0.32878106727036915,0.6580683668402966,36.0,9
6,25,60,22,44,0.7246619966618464,4.874057592386904,0.43269001132543256,-0.3405824564054285,0.6583865027492478,34.44444444444444,9
6,25,70,8,20,0.6653665054968637,6.603127691011537,0.4014054700710591,-0.3535360907126028,0.5883167894673083,49.333333333333336,9
6,25,70,8,28,0.7086287504182633,5.405800412683899,0.42975712226977847,-0.3495385951303195,0.6234796606549082,44.333333333333336,9
6,25,70,8,36,0.7580952436754111,5.153981575086636,0.46758743265421554,-0.3446861387309292,0.6267139124434803,39.44444444444444,9
6,25,70,8,44,0.7455112767224253,5.0828689816975805,0.41670132097192286,-0.35844581387121505,0.6241649399544137,37.111111111111114,9
6,25,70,10,20,0.7010596446396182,5.76592216945195,0.4292078233278109,-0.3341590575530648,0.6089866479793621,46.666666666666664,9
6,25,70,10,28,0.7171605870334152,5.341468244334107,0.42856054598150783,-0.35728958252435306,0.6053024814489798,42.55555555555556,9
6,25,70,10,36,0.7171287789251878,4.21723087310192,0.4106310947099501,-0.36760181047763446,0.6288247834888828,38.0,9
6,25,70,10,44,0.7291802607646548,5.317339806239077,0.40410901340227784,-0.36022418904219894,0.6258805542861271,36.22222222222222,9
6,25,70,14,20,0.7267072503961104,5.784370919469023,0.4275033211821975,-0.35790797864280033,0.611291451367393,44.111111111111114,9
6,25,70,14,28,0.7217754306785409,4.32753201510531,0.4025005937573798,-0.3704987803285097,0.617436711948907,39.666666666666664,9
6,25,70,14,36,0.6995668424333839,4.833067934729616,0.37897265036465216,-0.3657746745823252,0.6243128067689471,36.333333333333336,9
6,25,70,14,44,0.7217348409615202,5.417392140605461,0.4137132657169598,-0.3472699778902939,0.6289606706273373,35.333333333333336,9
6,25,70,18,20,0.7303540468231052,4.642377736429868,0.42616593981443757,-0.37644921613345583,0.6341854516026831,41.22222222222222,9
6,25,70,18,28,0.7148622981280769,5.3301538617818,0.3969854289043508,-0.36478709612408455,0.6214662546963888,37.44444444444444,9
6,25,70,18,36,0.7628821385529329,5.815079788569975,0.4552956582183884,-0.3348823686905042,0.6529976946643613,35.55555555555556,9
6,25,70,18,44,0.7027923455011492,4.651565596880038,0.40078096960998666,-0.3489029058145366,0.6467208263776891,33.888888888888886,9
6,25,70,22,20,0.7220694602684354,5.552501340102284,0.41269203301960794,-0.3585474060114115,0.643507677718204,38.888888888888886,9
6,25,70,22,28,0.7210270316560862,5.451580834626686,0.4242757418996835,-0.338239510653382,0.6377727867923947,36.111111111111114,9
6,25,70,22,36,0.7071706977649341,4.208394220710649,0.42567632788344006,-0.3277639787186575,0.6374221910986617,34.55555555555556,9
6,25,70,22,44,0.7685477069907716,6.492972205747098,0.4750667045607488,-0.3340859230519839,0.657990962758515,33.0,9
6,30,35,8,20,0.5129704853094654,3.6176187877449184,0.29368180163625784,-0.36715864398240083,0.5892456027067757,89.22222222222223,9
6,30,35,8,28,0.5036263537660128,3.5774822522628296,0.28393612260742995,-0.37939976634951916,0.6016933744677713,81.33333333333333,9
6,30,35,8,36,0.5754052010843435,4.6619597475992025,0.3557952097864655,-0.35083056616319014,0.5899150574180473,77.66666666666667,9
6,30,35,8,44,0.5999111753610104,4.014548899935838,0.3307175794242869,-0.3746200321353755,0.6003011926021917,74.88888888888889,9
6,30,35,10,20,0.48497331567079843,3.8543357030116416,0.24487848018095656,-0.4103734026056409,0.6090502028571133,81.66666666666667,9
6,30,35,10,28,0.5341085611473638,3.862392578385101,0.3246923583698377,-0.34919037987697954,0.5998910625361863,73.33333333333333,9
6,30,35,10,36,0.6184763712496404,4.506335844820187,0.348610980077078,-0.37636773131825096,0.610748635118155,70.0,9
6,30,35,10,44,0.6457217210300904,4.6621341736608555,0.3599926459305245,-0.3680092046081531,0.6082803389585856,68.44444444444444,9
6,30,35,14,20,0.49092328361337434,2.953017304700777,0.23286212318720123,-0.4353113183230108,0.5918488048634657,71.22222222222223,9
6,30,35,14,28,0.5933012356740659,3.868643525883278,0.2780077721580028,-0.42605795331011825,0.6145418395438893,65.11111111111111,9
6,30,35,14,36,0.6681708056444964,5.94596423835174,0.349737406533873,-0.3886724627089053,0.6064227866834513,60.77777777777778,9
6,30,35,14,44,0.7175625964449688,6.078785135557469,0.39498086458962206,-0.3767703349829715,0.6202216055354884,58.44444444444444,9
6,30,35,18,20,0.5384279175686001,3.024028904995495,0.2789836678372153,-0.4118543798682339,0.6200613294151035,64.88888888888889,9
6,30,35,18,28,0.6811527121242783,5.790551808567203,0.37070377175792524,-0.38178167288356185,0.6245326277431091,58.111111111111114,9
6,30,35,18,36,0.7004603601569926,6.594164724941072,0.3881267525538339,-0.37077756643316756,0.6386622744664074,54.0,9
6,30,35,18,44,0.6857864488269415,5.485039157239964,0.3887113702390636,-0.3678608027231636,0.6167018246134484,52.0,9
6,30,35,22,20,0.5999782958832928,3.8162906433632062,0.3208606442765895,-0.3895830724480347,0.6172891134681596,60.55555555555556,9
6,30,35,22,28,0.650811644228715,4.2242945574183794,0.33906343023672103,-0.3867949089978054,0.6348593054239734,56.111111111111114,9
6,30,35,22,36,0.6792220911067877,5.94072361605512,0.36834207455367923,-0.38511662472692687,0.6201203672230087,51.111111111111114,9
6,30,35,22,44,0.6849942021308077,4.990938445596342,0.3836701122351266,-0.36055838000583834,0.61556924642925,49.0,9
6,30,40,8,20,0.4926710906168847,3.4627980544072647,0.23733653975098307,-0.4211832225092708,0.5990257016839912,76.88888888888889,9
6,30,40,8,28,0.5680077538441877,3.7666841990347026,0.28393039647532375,-0.39651692277539335,0.5821778806359679,68.33333333333333,9
6,30,40,8,36,0.6263974196238044,5.556294059237132,0.32899675703168874,-0.3907032044691572,0.6102429121607423,65.44444444444444,9
6,30,40,8,44,0.6377962039601953,4.390446166499944,0.3464689709688948,-0.3632787821942764,0.5956893046933717,63.77777777777778,9
6,30,40,10,20,0.5077387311808512,2.696937949228804,0.23758169828597925,-0.4206688656858602,0.5990248432302866,72.33333333333333,9
6,30,40,10,28,0.5689163427941595,3.2513180433327986,0.26592290995520673,-0.4265594749276669,0.5906023022983802,65.88888888888889,9
6,30,40,10,36,0.6381432169238266,4.435029788742314,0.3250267581749574,-0.39033245195557104,0.6066964455058002,61.666666666666664,9
6,30,40,10,44,0.6802634078762534,5.091777765026734,0.35492098982831166,-0.39061067314886444,0.6060376502819614,59.22222222222222,9
6,30,40,14,20,0.5515287513873007,2.5775563536709867,0.2714365650313748,-0.41763014928961023,0.5983621169250805,65.55555555555556,9
6,30,40,14,28,0.6587232913476837,4.3967306072974255,0.3449953265174431,-0.3904326255792551,0.6078700338875579,58.44444444444444,9
6,30,40,14,36,0.6937896570509356,6.692626256931025,0.3715152595909426,-0.38263816588643984,0.6338478613647965,54.22222222222222,9
6,30,40,14,44,0.6994886339830181,6.72592492653792,0.40339540711005956,-0.366735352419369,0.6291045472072286,50.888888888888886,9
6,30,40,18,20,0.6723522065980609,4.2932829148907885,0.34926770138061286,-0.3956038376651369,0.6324606356727734,59.111111111111114,9
6,30,40,18,28,0.6292541299304956,4.283324485262611,0.32017850799288394,-0.4030524867339343,0.6499319578610945,54.111111111111114,9
6,30,40,18,36,0.688433649249554,4.947940707993649,0.3745423376757274,-0.3778707202595918,0.6439547799796247,48.77777777777778,9
6,30,40,18,44,0.6444186524633743,4.808037657405794,0.3394295852409177,-0.3803926765253751,0.6329746353451257,46.333333333333336,9
6,30,40,22,20,0.6551325082989289,4.94720847140211,0.35503839442014185,-0.3756872632882319,0.6485579090709191,54.55555555555556,9
6,30,40,22,28,0.6682820267461442,5.003408851367506,0.35551143418368847,-0.37578709499308716,0.6278342194087045,51.111111111111114,9
6,30,40,22,36,0.6556156782142318,5.190566547593856,0.3822900709500751,-0.35382982618698744,0.6335079259030848,46.666666666666664,9
6,30,40,22,44,0.7265852057569419,6.169283863391974,0.4280887424548639,-0.3491378819574578,0.6457410483573275,43.77777777777778,9
6,30,50,8,20,0.6104985098493463,3.836283855341738,0.3228321713321178,-0.38304375465118706,0.599227435185523,57.44444444444444,9
6,30,50,8,28,0.6334680743983673,3.6451924030668232,0.35180453465594996,-0.3632362844060444,0.6233425421956365,52.77777777777778,9
6,30,50,8,36,0.695850346967586,4.884847322798837,0.37283713301916277,-0.38929474819936916,0.6188246015611746,48.333333333333336,9
6,30,50,8,44,0.69710468814161,5.500776592832539,0.4004126495361003,-0.3648383784237349,0.6305160463293032,45.888888888888886,9
6,30,50,10,20,0.623000370680444,3.3442867129269103,0.3339451464752011,-0.3669064300672697,0.6146810339787184,55.44444444444444,9
6,30,50,10,28,0.6491193908432065,3.9478564824679885,0.34415035639944563,-0.36990953091741097,0.631566788888812,50.77777777777778,9
6,30,50,10,36,0.7069617423954644,5.087254951947805,0.38419164784159565,-0.3815835893314581,0.6398875710903815,47.0,9
6,30,50,10,44,0.6805140550794246,4.787817230044166,0.37747570020041826,-0.36253943324960297,0.6314969623487302,44.0,9
6,30,50,14,20,0.6340571011044625,4.415133232032859,0.33670393784756825,-0.3716623390964098,0.6153319375572428,53.22222222222222,9
6,30,50,14,28,0.7054056080026325,4.793124779182013,0.3794711241373481,-0.38330947240278873,0.639239421149359,48.666666666666664,9
6,30,50,14,36,0.6232662355900773,4.317747918007554,0.3201613538167674,-0.38743472965409864,0.6083477388750285,45.111111111111114,9
6,30,50,14,44,0.7061317768759464,5.488591650058713,0.411880737907977,-0.3546561465894651,0.6323920515875517,41.666666666666664,9
6,30,50,18,20,0.7388203640469364,6.000409783697671,0.44766420800540235,-0.35263375915784034,0.6538408563805389,50.44444444444444,9
6,30,50,18,28,0.6878372619753046,5.403947935249999,0.3798663637241005,-0.36772975917598516,0.6362672769664752,47.111111111111114,9
6,30,50,18,36,0.7047551873229215,5.493885743571862,0.4132797509160952,-0.35728043380109287,0.6355255164918335,43.22222222222222,9
6,30,50,18,44,0.7268457119130237,5.869316536712297,0.4587994881899825,-0.332936675310313,0.6467970136997712,40.111111111111114,9
6,30,50,22,20,0.6691912749175359,4.069449098784203,0.35484767269495826,-0.38793538916366077,0.6296223908071469,47.77777777777778,9
6,30,50,22,28,0.6736776350853627,5.666548988457099,0.4285232357856301,-0.3307116243005876,0.6208943155859232,44.55555555555556,9
6,30,50,22,36,0.6810252015602143,5.48344165309352,0.4066181295043332,-0.3437610487403769,0.6342446603316169,41.22222222222222,9
6,30,50,22,44,0.7187526674999136,4.819764332343355,0.42408842554906734,-0.3366836917041657,0.6749479332812665,37.888888888888886,9
6,30,60,8,20,0.7044047485794862,3.8436794462782853,0.3596359981322872,-0.3977019380742639,0.6082160382357834,49.22222222222222,9
6,30,60,8,28,0.7741407778873591,5.918714937618296,0.45681354958617554,-0.3549532012353962,0.652441480289974,44.55555555555556,9
6,30,60,8,36,0.6931513710969951,4.769113638058422,0.39281832759223695,-0.37309491389897065,0.6383933304720826,41.77777777777778,9
6,30,60,8,44,0.6768937479597941,4.4759942050399015,0.38631633101023544,-0.3506264587512521,0.6205286595637473,38.0,9
6,30,60,10,20,0.7035461521342492,4.112806092936736,0.362233859105865,-0.3952105309071945,0.6356091423737121,47.22222222222222,9
6,30,60,10,28,0.7417259917354829,5.585867564758702,0.44294606838451,-0.35175982247185983,0.6496653423347053,42.888888888888886,9
6,30,60,10,36,0.6914345193038813,4.320409009250778,0.39922955847907116,-0.36802737045775347,0.6472882867343566,40.22222222222222,9
6,30,60,10,44,0.7305300489265965,6.205607633217945,0.4390985693751364,-0.3328739263489681,0.6436889594784332,36.44444444444444,9
6,30,60,14,20,0.7337798813843143,6.680400421535097,0.4355375317184348,-0.35474681803874436,0.6343564563736455,43.666666666666664,9
6,30,60,14,28,0.6771707995770471,4.631826370951938,0.38831194394721713,-0.3753370654570246,0.6327570601318997,40.77777777777778,9
6,30,60,14,36,0.7160053487478913,6.6184839310256915,0.4154900614146624,-0.3602835179011577,0.6452818540537838,37.77777777777778,9
6,30,60,14,44,0.7613871278313458,5.573731118389835,0.4568691640341269,-0.33608484405466243,0.6683284474951141,35.44444444444444,9
6,30,60,18,20,0.6678965579704054,4.337028301958429,0.3591631150041301,-0.3768427431925706,0.6349544716682072,41.333333333333336,9
6,30,60,18,28,0.7114980052102164,6.008466239799087,0.4034149658026893,-0.3615644355409328,0.6459687757933372,38.22222222222222,9
6,30,60,18,36,0.7532084822591587,6.222495907217818,0.460034776091259,-0.32839192959944913,0.6509145833707237,37.22222222222222,9
6,30,60,18,44,0.7315866422571297,5.4370834908675825,0.4362279647648957,-0.34623710208243585,0.6559493683268194,34.55555555555556,9
6,30,60,22,20,0.6754037831661582,4.490825384492859,0.36687824208869213,-0.3733124381950617,0.6388740293425788,39.111111111111114,9
6,30,60,22,28,0.7479934032551312,6.584685616029734,0.4634399186924092,-0.33041463637185375,0.6669269616638038,37.22222222222222,9
6,30,60,22,36,0.740251691608454,5.938177349139998,0.4585617284415706,-0.33485547968706836,0.6690375631552102,35.22222222222222,9
6,30,60,22,44,0.7305983494039798,5.400238895712224,0.4468990257475202,-0.3246245452077787,0.6602763053782978,34.0,9
6,30,70,8,20,0.7126044396573339,5.9262643268464865,0.38681248736071056,-0.38023083824442033,0.605543751260756,46.44444444444444,9
6,30,70,8,28,0.7105319909808846,5.12809223873576,0.4150988504934027,-0.3613568925298586,0.6083782103751769,40.666666666666664,9
6,30,70,8,36,0.7216584029976224,6.018559969333705,0.41607842254528643,-0.35876559228391475,0.6453130154857798,37.22222222222222,9
6,30,70,8,44,0.7570679873741725,5.728422946685744,0.4491353325604987,-0.337041580537873,0.658084713429432,36.0,9
6,30,70,10,20,0.6985306741975985,5.607028243507128,0.3858181591589795,-0.3684795393510323,0.6110027334789285,44.44444444444444,9
6,30,70,10,28,0.6856618432776023,4.496922573623454,0.3844826637950573,-0.3703106898987995,0.623676689619162,38.666666666666664,9
6,30,70,10,36,0.7426968486505753,6.062114660633969,0.44257725142670584,-0.34504221148175823,0.6463346453542532,36.44444444444444,9
6,30,70,10,44,0.7246037120080155,4.809717408360707,0.41660454746172354,-0.34600574862597566,0.6674683707690798,35.22222222222222,9
6,30,70,14,20,0.7049561475949465,5.069709702569309,0.403021951468895,-0.3734712651260501,0.6338136838704053,40.77777777777778,9
6,30,70,14,28,0.7145246855398378,5.660071016528183,0.400919994244243,-0.363853554762168,0.6335048378908028,36.333333333333336,9
6,30,70,14,36,0.7334285010052141,5.365453180881592,0.4279023877186946,-0.339255616665524,0.6345128863511216,35.22222222222222,9
6,30,70,14,44,0.7429929476074215,5.660838336146987,0.439059366361241,-0.3460447536241913,0.6482963121166789,33.77777777777778,9
6,30,70,18,20,0.7241575642974541,6.4498360406953,0.39643716716663163,-0.37734984732770077,0.6552582788392902,37.0,9
6,30,70,18,28,0.762820493819769,6.12739048624855,0.4598993292012293,-0.3338074867991623,0.6611089675847157,35.44444444444444,9
6,30,70,18,36,0.7194574311537603,5.216731260763709,0.4548921438759147,-0.3220467788293784,0.665692486672088,34.111111111111114,9
6,30,70,18,44,0.7293566950307844,5.747399814618108,0.4310480930460666,-0.3475683435827852,0.6319666062906101,32.666666666666664,9
6,30,70,22,20,0.7299663189277265,5.737463605294576,0.4366078927482275,-0.33724688414350434,0.6398077731411065,35.77777777777778,9
6,30,70,22,28,0.7414217587311511,5.510911506633769,0.472112939516495,-0.31390956375232953,0.6378668807590375,34.333333333333336,9
6,30,70,22,36,0.7634628373566995,6.413707510462229,0.48514641660632674,-0.32661295427229275,0.6467504401565123,33.333333333333336,9
6,30,70,22,44,0.7367359869457558,4.7428200574240185,0.40553883138297186,-0.35526433137606195,0.6483959615126599,31.77777777777778,9
6,34,35,8,20,0.4724413863646792,3.0147390905910325,0.22247069694861515,-0.42100128706643497,0.593802654372538,99.77777777777777,9
6,34,35,8,28,0.5610770591652073,3.6159687305351884,0.30384437784912627,-0.3836619727802399,0.5972988738856295,91.11111111111111,9
6,34,35,8,36,0.6240787592364594,4.266294036594811,0.35827444275792836,-0.36539779964338015,0.6022776604573031,88.0,9
6,34,35,8,44,0.6173177424385666,4.040985261574215,0.322942953764707,-0.37926730813468423,0.5946844280558712,84.33333333333333,9
6,34,35,10,20,0.49369046209234657,2.8965480076055723,0.2240110995143777,-0.44140585179688085,0.5917619050353264,89.33333333333333,9
6,34,35,10,28,0.5304105279475206,3.7129967820747987,0.23980230398141755,-0.43525626926559435,0.5859580213305405,83.11111111111111,9
6,34,35,10,36,0.6240699422017737,3.9946426004089424,0.3117051472685178,-0.39717555152835704,0.5941683404838648,78.55555555555556,9
6,34,35,10,44,0.6043853310325273,3.3383622474929333,0.2798578039506843,-0.41846109780932017,0.5887837860968481,76.66666666666667,9
6,34,35,14,20,0.5319503128645994,2.6231398903033654,0.2571352314901433,-0.4198042741157375,0.5997275289852294,78.44444444444444,9
6,34,35,14,28,0.6374241272193555,3.8720612507555234,0.3329643698378675,-0.39182984800825765,0.6081156798933538,70.0,9
6,34,35,14,36,0.6977504945433828,4.781847109190703,0.37536580557078847,-0.3754250283138834,0.624587330769753,67.66666666666667,9
6,34,35,14,44,0.6813874052765629,5.647616360740294,0.3765829755057551,-0.3725014610017165,0.6236098779520443,65.44444444444444,9
6,34,35,18,20,0.5531930529893171,2.493097881989994,0.25934138113727667,-0.4155667970774106,0.6094741578335743,69.44444444444444,9
6,34,35,18,28,0.619733726842158,3.041758691914078,0.292035592823547,-0.419418553340083,0.6455944089936525,62.111111111111114,9
6,34,35,18,36,0.6272446084138777,3.85239616589087,0.3117412120683551,-0.4022043698464881,0.6252118640822137,58.77777777777778,9
6,34,35,18,44,0.6161536191264481,4.285177684206796,0.3353999866032797,-0.37876823956752215,0.6052617831772206,56.888888888888886,9
6,34,35,22,20,0.6589155812972867,4.136472181332107,0.3857606683228283,-0.35483876413692256,0.6300745072867835,66.77777777777777,9
6,34,35,22,28,0.6252099909557496,4.181150523870368,0.330201821331108,-0.38881412563234385,0.6109867148588035,59.77777777777778,9
6,34,35,22,36,0.637544456986562,4.843194869284517,0.3513427918288609,-0.36114705765203575,0.6194014534456156,55.0,9
6,34,35,22,44,0.6865459042555992,5.14235800343108,0.3735202593422196,-0.36429628604107794,0.6111728922260576,52.55555555555556,9
6,34,40,8,20,0.5408128289383934,3.251821922389885,0.25969017766488317,-0.43573967151799314,0.593288410088274,85.88888888888889,9
6,34,40,8,28,0.560854090343812,2.978751117646295,0.2742211227061081,-0.4016467742124416,0.5783371668213417,79.0,9
6,34,40,8,36,0.6462749272721663,4.0773999415879665,0.32174899642743193,-0.3981770430294563,0.5793693911115447,74.55555555555556,9
6,34,40,8,44,0.585147187032731,5.198541042467481,0.27631407864210633,-0.4393694169234452,0.5805447293218191,71.88888888888889,9
6,34,40,10,20,0.5475356294169812,2.4249941176179037,0.2665957099561113,-0.44038749990810505,0.5901507612406766,79.77777777777777,9
6,34,40,10,28,0.5819468741618936,2.8357914244382045,0.27269848898436555,-0.4246447343394332,0.5937797622482289,71.11111111111111,9
6,34,40,10,36,0.6173484031288934,3.8839829734252316,0.3001834371709046,-0.40935955900831045,0.5814057063900706,67.33333333333333,9
6,34,40,10,44,0.6114882384262913,3.9314908253111653,0.3029684699377658,-0.4123251384081787,0.5810538903149669,64.66666666666667,9
6,34,40,14,20,0.5589295970641505,2.679217267896052,0.2568875888740052,-0.429228962778755,0.600489082631818,70.11111111111111,9
6,34,40,14,28,0.6042988031548232,3.218409541730159,0.28529366596637806,-0.423743216673494,0.6414245692426722,62.55555555555556,9
6,34,40,14,36,0.616542112562529,2.661328027764645,0.3095646483873463,-0.40709059275309106,0.6259614781564571,57.44444444444444,9
6,34,40,14,44,0.6166035785587547,3.6382359388525938,0.30868531596722865,-0.39968327083312727,0.6020219890172309,55.77777777777778,9
6,34,40,18,20,0.5674639717511305,2.9284745554150624,0.27461283376479945,-0.4153843136193134,0.62121645691254,61.77777777777778,9
6,34,40,18,28,0.6174559129517433,3.8436341643337943,0.29685692115506934,-0.4066201050700904,0.6202666784730272,56.44444444444444,9
6,34,40,18,36,0.6310471619865096,3.9683218913138836,0.3191196748202252,-0.3881550384906698,0.6200874714113485,51.333333333333336,9
6,34,40,18,44,0.6574032961439931,4.477369052388508,0.33815116919925015,-0.39058847470296243,0.6076123073342812,48.55555555555556,9
6,34,40,22,20,0.6720423403426377,4.925659615974945,0.38206592741607376,-0.37649781276559524,0.6437993417231613,56.666666666666664,9
6,34,40,22,28,0.6319889030823339,3.965197318853631,0.35635468505159545,-0.3652716574930206,0.6077111634688358,53.22222222222222,9
6,34,40,22,36,0.6668048515031861,4.425127643636265,0.40940213009465765,-0.33429025306016685,0.5960223433918426,49.0,9
6,34,40,22,44,0.7274805621722336,5.464010389653208,0.46463440881578794,-0.3196436231820326,0.6448237632987972,44.888888888888886,9
6,34,50,8,20,0.5766900735053705,2.9521184384620422,0.2837003212925112,-0.40140605000807256,0.5995529128514386,62.666666666666664,9
6,34,50,8,28,0.5894595200192043,2.991299339394934,0.27803284115323307,-0.4174896922446566,0.6218136072358341,55.44444444444444,9
6,34,50,8,36,0.6329950297955261,3.3568657384620497,0.33168781314707585,-0.3764406599656136,0.5963642264490022,51.22222222222222,9
6,34,50,8,44,0.6257183074029729,4.120498342000846,0.3161781588414138,-0.39074975394331446,0.6225693240259067,48.77777777777778,9
6,34,50,10,20,0.5369631936151438,2.6846501895022445,0.26055534896253285,-0.39316641983673806,0.6021753259315017,61.0,9
6,34,50,10,28,0.6080334804105447,3.2051289004387566,0.31026425052366174,-0.40988022263718976,0.6401025694895427,54.0,9
6,34,50,10,36,0.6552316720988745,4.144953801427724,0.3340608057702456,-0.38393158799035226,0.624524391532811,49.0,9
6,34,50,10,44,0.6907845543587013,4.403392169483027,0.38279463041818995,-0.36875930589254396,0.6103595963097977,47.333333333333336,9
6,34,50,14,20,0.5954018348904694,3.883041829783216,0.3084826392677843,-0.3935640769604464,0.6297782833904456,57.111111111111114,9
6,34,50,14,28,0.7107083882736505,4.569561716037966,0.39710838468790005,-0.359884464605859,0.6382179631759465,51.22222222222222,9
6,34,50,14,36,0.6744908565113986,4.279892518853547,0.42080092885652703,-0.3434276702869081,0.6195965316952149,47.111111111111114,9
6,34,50,14,44,0.7067016432779982,6.190898946362005,0.4615814250083196,-0.3298513859328587,0.6327892393182007,44.333333333333336,9
6,34,50,18,20,0.6773794994480957,4.795681039786597,0.37341557259068275,-0.3597077857566068,0.6211218104823976,53.333333333333336,9
6,34,50,18,28,0.634351752638275,4.041156586159653,0.37892315021439843,-0.3443391196323281,0.5988553774543702,48.44444444444444,9
6,34,50,18,36,0.6700562111211061,4.465239865612942,0.42060921672260027,-0.3351104150738625,0.6274245175571108,44.666666666666664,9
6,34,50,18,44,0.694579448350482,5.640705847824683,0.4315228392238538,-0.32929685724694524,0.6577796234772979,41.666666666666664,9
6,34,50,22,20,0.6575910780693595,4.483561582431116,0.37437260812500767,-0.3523182134091872,0.6068833468667518,48.888888888888886,9
6,34,50,22,28,0.6466209361418492,3.940519667242845,0.39591701803842877,-0.3366627637264589,0.6042145221598821,45.333333333333336,9
6,34,50,22,36,0.7407773724011977,7.575613052868353,0.4630252407843937,-0.3384162689323972,0.6526508046549643,41.55555555555556,9
6,34,50,22,44,0.7389732962430836,5.861729700012712,0.4364293211225856,-0.3405857018780749,0.6546846804014114,38.0,9
6,34,60,8,20,0.6630349695561027,3.6004493473375216,0.358100980341934,-0.3922384606661862,0.6119043340606682,50.888888888888886,9
6,34,60,8,28,0.6780549480004293,4.240815061647396,0.3740429009157694,-0.3624452942154293,0.6094403218713138,45.55555555555556,9
6,34,60,8,36,0.6661151065233246,5.145198679256577,0.3875847304990585,-0.36294510360439375,0.626855727233665,42.22222222222222,9
6,34,60,8,44,0.6951683767514495,5.422461543804821,0.4333961229286818,-0.3231003112812847,0.6497432285301348,39.111111111111114,9
6,34,60,10,20,0.6472567720156537,3.5230872542730878,0.3399464222771182,-0.4011466241385018,0.5949547424441701,49.0,9
6,34,60,10,28,0.6972704694902736,4.335163004947428,0.3928542035033616,-0.3710799560175878,0.6320924469306674,43.888888888888886,9
6,34,60,10,36,0.6952526728068851,5.268718062972848,0.4072767965008686,-0.35020567111528983,0.6594726533639298,41.0,9
6,34,60,10,44,0.7310719940191654,6.057876375464328,0.4423239427162299,-0.32838686329106076,0.6394957569540368,37.666666666666664,9
6,34,60,14,20,0.7189465132532946,4.893985366935143,0.4112046079742313,-0.3590977170259515,0.6295511328580766,45.22222222222222,9
6,34,60,14,28,0.620259807389717,4.443944242375181,0.35475096363835124,-0.3578836474562834,0.6388698248454348,41.77777777777778,9
6,34,60,14,36,0.749240136891027,7.371351232024675,0.4797797808129889,-0.32408203869483265,0.6517032874132016,38.77777777777778,9
6,34,60,14,44,0.7657612671838846,6.328405840198165,0.47588732117823107,-0.3278640642769604,0.6598475765142431,36.111111111111114,9
6,34,60,18,20,0.6288665704341558,4.332785846567557,0.3708204369958295,-0.34725605056574693,0.6311556329849013,42.111111111111114,9
6,34,60,18,28,0.7180197578158615,6.502024118616523,0.4881964568972804,-0.3120124349790082,0.636687702541361,40.333333333333336,9
6,34,60,18,36,0.7448691039197199,5.5018777900951585,0.4549637672122501,-0.3324288217672322,0.6800125313283208,37.0,9
6,34,60,18,44,0.749650516147983,5.956200307297016,0.45775644513323155,-0.3259464852359179,0.6627073880234355,34.888888888888886,9
6,34,60,22,20,0.6918632412929808,5.515452060196793,0.44856903278921945,-0.3224730809574077,0.6515330376370172,40.55555555555556,9
6,34,60,22,28,0.7169818173393683,5.177585525028655,0.4241186843118893,-0.35691639934746416,0.6562019265915634,38.333333333333336,9
6,34,60,22,36,0.7426471999970867,5.749224219262614,0.46340574413375535,-0.319987831491238,0.6430299346966014,36.55555555555556,9
6,34,60,22,44,0.7159149002322853,5.10619619528459,0.4059319613445165,-0.34299387121191266,0.6605001359903321,34.22222222222222,9
6,34,70,8,20,0.6713353189830511,4.667310285135156,0.34469533072990854,-0.384391491926938,0.6043697338910106,46.22222222222222,9
6,34,70,8,28,0.7410413444902886,6.257572989482444,0.4260992577576117,-0.3549919026900325,0.6422535712009396,38.22222222222222,9
6,34,70,8,36,0.7544900270451989,6.021383206530131,0.4311566289839852,-0.34923333233365983,0.6443777171847347,37.333333333333336,9
6,34,70,8,44,0.7604446993529776,5.486662736917513,0.45283203719075504,-0.3343984675816981,0.6602199058855406,35.44444444444444,9
6,34,70,10,20,0.673205841949342,4.798858977175781,0.3622807573077991,-0.37704510148785136,0.6062265790707598,43.111111111111114,9
6,34,70,10,28,0.76620688206677,6.298606008337203,0.451590732815343,-0.3426053834888622,0.6606509588965729,37.77777777777778,9
6,34,70,10,36,0.7608985477396826,7.7617123605477225,0.45129424458665074,-0.3462079202874236,0.6591072148992686,36.333333333333336,9
6,34,70,10,44,0.7403987172273869,5.865298934035779,0.43463894418817817,-0.3389104411257669,0.6577099711387637,34.77777777777778,9
6,34,70,14,20,0.7364354621677033,6.537300799652753,0.431746563065917,-0.3589567900177158,0.644195660928455,39.888888888888886,9
6,34,70,14,28,0.7637703558193248,7.7556643390172475,0.4713621731974214,-0.3361430632104888,0.6652054906956868,36.0,9
6,34,70,14,36,0.7556832417878261,8.377048026065692,0.46568597952681867,-0.3390884278342057,0.6723682907506437,34.22222222222222,9
6,34,70,14,44,0.7276640100188819,5.555922667905577,0.43383810361618336,-0.33687910809225374,0.6351236454177631,33.44444444444444,9
6,34,70,18,20,0.7657281697510399,7.79563071336163,0.49498196114478954,-0.3310425064931523,0.6426818975838583,36.77777777777778,9
6,34,70,18,28,0.7624993274050352,7.384229735163619,0.4737715239060749,-0.3318619516544079,0.6844569552967387,34.77777777777778,9
6,34,70,18,36,0.7278573852969515,6.278268531237955,0.42776111802989036,-0.34063384623760695,0.6443088911463357,33.333333333333336,9
6,34,70,18,44,0.7287234611130198,5.131798778490831,0.4063424324572779,-0.35364208199253366,0.6417836652419195,32.111111111111114,9
6,34,70,22,20,0.7535077548328726,5.986543160406975,0.4600663743409182,-0.32764199814224065,0.6553237219903887,35.0,9
6,34,70,22,28,0.7380904906005563,6.2146496674867535,0.46211907769693855,-0.3335853883661573,0.6316406269560919,33.333333333333336,9
6,34,70,22,36,0.7335484767308631,4.527217633042775,0.4139614846493026,-0.34168726667753296,0.6628431691999054,32.44444444444444,9
6,34,70,22,44,0.7632374908635725,4.286169745570164,0.3893174610238446,-0.3747328249360249,0.6619735463426166,31.444444444444443,9
6,40,50,8,20,0.6030082410801171,4.409018631294093,0.3223965023220739,-0.3859193289205819,0.6149833362669401,77.44444444444444,9
6,40,50,8,28,0.6692068574481846,4.441340273671668,0.37266225704668565,-0.3649203908307244,0.6077923285948216,67.22222222222223,9
6,40,50,8,36,0.6688833751188489,6.645397765352242,0.3899063893112531,-0.365819165424338,0.5915065343334498,62.22222222222222,9
6,40,50,8,44,0.6653733920377448,5.9920607277210545,0.3916056251172428,-0.36398890586423704,0.5982471992599668,59.55555555555556,9
6,40,50,10,20,0.5525112654107732,2.663228390742451,0.3159473668676733,-0.3553121611800697,0.5724575875207517,73.11111111111111,9
6,40,50,10,28,0.6380081905777728,3.728643988611237,0.35923882738252677,-0.35647615722496384,0.5871436303445193,64.22222222222223,9
6,40,50,10,36,0.6583276925680851,5.177800482085451,0.392201640923285,-0.3499296462154311,0.5932587139211971,58.55555555555556,9
6,40,50,10,44,0.68086680049782,7.30419096369209,0.4389883714468812,-0.3476552713682366,0.594003022210917,56.22222222222222,9
6,40,50,14,20,0.5966651059193446,2.959323532167163,0.3071636497816425,-0.3758383284450224,0.5714805237925294,64.55555555555556,9
6,40,50,14,28,0.6384367088646636,3.4139917128835835,0.39040726969442663,-0.33802223273523846,0.5731833795340643,56.111111111111114,9
6,40,50,14,36,0.6562962267347472,4.5443274125776245,0.44539346249868433,-0.3237062843826062,0.6340885609023306,50.888888888888886,9
6,40,50,14,44,0.6812187382930716,6.252003666937312,0.4680679596986628,-0.31603677274259123,0.6181744093648855,48.77777777777778,9
6,40,50,18,20,0.6321241033179622,3.3733752842017037,0.3702848195070275,-0.3379832954698906,0.5875170357270352,57.77777777777778,9
6,40,50,18,28,0.6502905310314708,4.193055500963913,0.38946661498532564,-0.34162792908678324,0.6120810821090933,51.111111111111114,9
6,40,50,18,36,0.7050031931588612,6.564646264484639,0.4428118578476792,-0.33159077294504313,0.6400974817894777,46.44444444444444,9
6,40,50,18,44,0.6931079771142784,5.234389077964732,0.4364208272254121,-0.33673020253234953,0.645968150338069,44.111111111111114,9
6,40,50,22,20,0.6435651268151243,3.78301788685142,0.3725936768140082,-0.34386157975667064,0.6169417988909559,51.666666666666664,9
6,40,50,22,28,0.7165082842007675,7.16371153915431,0.4383168531209662,-0.34923457227811566,0.6328773279899536,47.111111111111114,9
6,40,50,22,36,0.7527735308644901,5.551791363763609,0.47825038778794227,-0.34105013015107843,0.6488262231269597,43.333333333333336,9
6,40,50,22,44,0.7445356616096295,5.87751817193,0.4593920503436651,-0.32877319477229383,0.6485291194593521,40.44444444444444,9
6,40,60,8,20,0.6653011904975331,4.353542489296809,0.3727544358068401,-0.35612211536512756,0.6033212581626483,56.77777777777778,9
6,40,60,8,28,0.6620508572485418,4.359496102994008,0.41346422479465683,-0.3289078982466171,0.6126398346468502,50.111111111111114,9
6,40,60,8,36,0.7116212323812037,8.002613188781053,0.49655075367430057,-0.3095402400132474,0.6565100589614928,45.111111111111114,9
6,40,60,8,44,0.7165107349454595,5.423507277603495,0.44250833098236675,-0.3334232841082129,0.65745443412802,43.0,9
6,40,60,10,20,0.6709836119961694,3.878937645651221,0.39056170372039883,-0.3433523521848477,0.6037902924211241,54.888888888888886,9
6,40,60,10,28,0.6635654884766861,4.607993043438501,0.39770847370751883,-0.3365238241025887,0.623865780204042,47.77777777777778,9
6,40,60,10,36,0.7253731355876715,8.864311939774725,0.48415620013428157,-0.3179023221862911,0.6521540677940151,44.333333333333336,9
6,40,60,10,44,0.753163168082175,6.977620612129651,0.49699791472163857,-0.32160854007927864,0.665245163921911,41.111111111111114,9
6,40,60,14,20,0.703074710826042,5.983527741751782,0.4399600390364148,-0.32416168047275074,0.6311751452524862,52.55555555555556,9
6,40,60,14,28,0.7025984314010133,7.551827575760202,0.4485252120884644,-0.32731781065135385,0.6404809937885305,45.44444444444444,9
6,40,60,14,36,0.7440626340895233,7.122275687242953,0.47830126754485974,-0.32919475853494073,0.651643418310085,42.0,9
6,40,60,14,44,0.7706122127737726,6.839695067312761,0.48442960372717386,-0.32166102079762315,0.6465078294025662,38.55555555555556,9
6,40,60,18,20,0.7197299358271407,7.231850441550869,0.46619251719031785,-0.32582276605284816,0.6549722560761722,46.888888888888886,9
6,40,60,18,28,0.7530655587701064,8.282729514047316,0.49628363228087596,-0.3307218549165736,0.6511443382496511,43.111111111111114,9
6,40,60,18,36,0.7635086194184524,7.788593569262732,0.4874361240053241,-0.32394901365444057,0.665327710898956,39.77777777777778,9
6,40,60,18,44,0.7204998752972491,4.298408167482892,0.41353583934219246,-0.3357373517278969,0.6417727251060584,36.333333333333336,9
6,40,60,22,20,0.7886289181722118,8.979564458184011,0.5008507519085226,-0.3383103399131907,0.653483645993531,43.111111111111114,9
6,40,60,22,28,0.7938201714205008,8.427219757327528,0.5045488402857833,-0.33764381860746706,0.6600842238439137,41.333333333333336,9
6,40,60,22,36,0.7399493918324063,6.486573764934531,0.43824083847481976,-0.33889313944299077,0.664397452845438,37.333333333333336,9
6,40,60,22,44,0.7224328502716015,4.895101503511862,0.41700858504051386,-0.35268740434045676,0.650086619797662,35.0,9
6,40,70,8,20,0.7205987273702139,11.721440112180815,0.49420980618723376,-0.3221902884896629,0.6223039244197291,47.666666666666664,9
6,40,70,8,28,0.7415473082571216,11.816487652580925,0.5113008430296109,-0.32287404087969807,0.6386343134574319,40.55555555555556,9
6,40,70,8,36,0.7500230666277772,7.8588521706298975,0.47579576915416805,-0.32125379097804946,0.6765188975715292,38.333333333333336,9
6,40,70,8,44,0.7088013967302158,5.371706596319789,0.4057033694874679,-0.34262311597456685,0.6371847205237537,36.0,9
6,40,70,10,20,0.7164310239663175,11.703966421789495,0.5057528798289126,-0.31720553936364215,0.6275530943449475,44.666666666666664,9
6,40,70,10,28,0.7467230298792757,9.934975683339681,0.496044021327434,-0.3160896255621953,0.6505692919707609,39.44444444444444,9
6,40,70,10,36,0.734257493543606,6.47880103146311,0.4697305237621554,-0.32094942910027074,0.6542605430202328,36.888888888888886,9
6,40,70,10,44,0.7228023996759634,5.133042027398047,0.4320736117309282,-0.3328403819206938,0.6629872306342894,34.55555555555556,9
6,40,70,14,20,0.7226600683717077,9.763267899832009,0.4705160277771221,-0.32856101748828864,0.6527855316918517,40.888888888888886,9
6,40,70,14,28,0.7766987597491033,9.907392361610306,0.49677290780230077,-0.3268305583072857,0.6633081521626413,37.0,9
6,40,70,14,36,0.7221735435884798,5.128115279904743,0.4140296226514495,-0.34423211598201686,0.6668609168609169,34.55555555555556,9
6,40,70,14,44,0.708959942585444,4.483486552856736,0.3984995328379168,-0.34642203006705347,0.6462680375780846,33.55555555555556,9
6,40,70,18,20,0.774076038654342,10.483638353226585,0.5096173872414905,-0.32154192775923307,0.6775921015085101,37.666666666666664,9
6,40,70,18,28,0.7585904685475716,6.3080516999295435,0.45569734913497484,-0.3328670722070608,0.6762451419314164,35.22222222222222,9
6,40,70,18,36,0.7106372195995116,4.87084927111685,0.43120294577080326,-0.33067540142154933,0.6585227101593326,33.44444444444444,9
6,40,70,18,44,0.711758637254753,3.420912535341498,0.3624874332779916,-0.3743158934202009,0.660410597116005,32.55555555555556,9
6,40,70,22,20,0.7877967301071196,7.763333311163281,0.4814438798047016,-0.3319807018479091,0.69313453214382,35.666666666666664,9
6,40,70,22,28,0.7147800291865691,4.968278088280949,0.42767197491186315,-0.3341293056389949,0.6424234209812957,33.888888888888886,9
6,40,70,22,36,0.6859418792105685,3.4633478882310795,0.343867631565511,-0.37758545771713403,0.6416463815894556,32.77777777777778,9
6,40,70,22,44,0.729078124959576,3.696895050534953,0.36115467814005986,-0.3788762940895186,0.6508895086219565,31.666666666666668,9
8,15,35,8,20,0.5216740608092392,3.831147565400572,0.24998789110041145,-0.4442859477629959,0.5837246662264166,67.11111111111111,9
8,15,35,8,28,0.48079319006162763,2.6100006052226976,0.2340740770137095,-0.4341854662148779,0.5848992835848298,61.666666666666664,9
8,15,35,8,36,0.5320919599086638,4.099575650079814,0.25153091125420324,-0.44313151309942334,0.5719749709399613,57.333333333333336,9
8,15,35,8,44,0.5995584726172252,5.666791622707759,0.32926169210569467,-0.4022927645172473,0.5761430566796331,55.666666666666664,9
8,15,35,10,20,0.48301324164695963,2.602775191487274,0.21833679536801,-0.4521095091198161,0.5772725586189821,66.11111111111111,9
8,15,35,10,28,0.48770585983825904,3.953894020963416,0.23724769023066605,-0.45630462103784786,0.5826152184084609,61.111111111111114,9
8,15,35,10,36,0.5724345956656057,4.484082832489187,0.29939763110793505,-0.4159508263055731,0.5662032439063415,56.333333333333336,9
8,15,35,10,44,0.5905015744263648,5.236770250796207,0.32645079732976484,-0.3942451774682235,0.5773957505329689,53.44444444444444,9
8,15,35,14,20,0.4809807746546641,3.147625285955732,0.23966593656094926,-0.44507294939920566,0.5784325342339152,64.22222222222223,9
8,15,35,14,28,0.5971750577645123,5.4138796536436455,0.31760784460323394,-0.4100197466496723,0.5858015739457385,58.333333333333336,9
8,15,35,14,36,0.5745990652827279,4.14361349135619,0.3013186588313972,-0.4114266185097278,0.5888881897091479,54.22222222222222,9
8,15,35,14,44,0.6049634438677859,4.794809244064946,0.3373312346436261,-0.3628183026676367,0.590900699088944,50.0,9
8,15,35,18,20,0.568845884002619,4.029760499919925,0.2940328406985234,-0.4081746783085726,0.5798250671332202,60.44444444444444,9
8,15,35,18,28,0.5499814782258938,4.011530599010869,0.2709217032555048,-0.4245662127062097,0.5828814559671112,54.55555555555556,9
8,15,35,18,36,0.5552395397514028,3.518381131943406,0.2758769223704205,-0.4068405510720542,0.5891178385801887,51.22222222222222,9
8,15,35,18,44,0.6505349518396274,4.642349342149229,0.32776679154237554,-0.39805307163562464,0.6051679568205967,46.888888888888886,9
8,15,35,22,20,0.5407782567440695,5.506810477972367,0.2901342590595942,-0.4129204810358721,0.5753716336791671,55.111111111111114,9
8,15,35,22,28,0.5559677020545872,4.119137241396305,0.27275117105977864,-0.41386696874220674,0.6070164433384313,51.22222222222222,9
8,15,35,22,36,0.6988075170116058,4.902333624819699,0.3625308968868591,-0.395902939814778,0.6142629922518474,47.22222222222222,9
8,15,35,22,44,0.7531707838606005,6.1004046980658355,0.43101231521647965,-0.3647121308231612,0.6323367309595249,44.0,9
8,15,40,8,20,0.4772290035983208,3.79261507589837,0.24193196442926038,-0.4497634395984325,0.5690418998074269,64.88888888888889,9
8,15,40,8,28,0.5052779601594027,3.6658928838875053,0.2481021849564567,-0.42525107641849913,0.5620452372478,59.111111111111114,9
8,15,40,8,36,0.5601129493313427,4.933463288454195,0.2866586397020835,-0.405184928267112,0.5798951345839434,55.666666666666664,9
8,15,40,8,44,0.617777898117594,5.657590124537232,0.3481489364102385,-0.38100865316645743,0.5763811945230927,50.77777777777778,9
8,15,40,10,20,0.5003248856512489,3.435332467025026,0.2353216999027209,-0.44750076133522754,0.5654809170995188,62.55555555555556,9
8,15,40,10,28,0.512983025825752,3.1101310065830283,0.2380525776938071,-0.4340669031809386,0.5591493782823087,57.888888888888886,9
8,15,40,10,36,0.5915142213601323,4.54275419657515,0.3015743617185161,-0.41225233133011113,0.5716885158163855,54.111111111111114,9
8,15,40,10,44,0.6192158526531615,5.496330725609907,0.3394228247939902,-0.37737236242602756,0.5798303512364567,49.111111111111114,9
8,15,40,14,20,0.5298330595234604,3.5359632117548565,0.24908113347909713,-0.44598745760356245,0.5633951204569333,60.22222222222222,9
8,15,40,14,28,0.5996254917865973,4.102322838834062,0.30641509329320754,-0.4067104285157241,0.5741018064747462,55.44444444444444,9
8,15,40,14,36,0.5945171397953252,4.58729108983856,0.32292382224147864,-0.3870618802709701,0.5911179755548054,50.111111111111114,9
8,15,40,14,44,0.632552346722155,5.054708004878155,0.33151905181407587,-0.39080646522702855,0.5865921316482535,46.77777777777778,9
8,15,40,18,20,0.5876857838112121,4.866620414518828,0.32351204384584686,-0.3946438475340703,0.5769590880226425,56.333333333333336,9
8,15,40,18,28,0.5610573867352007,3.9513104130936907,0.27588811912757477,-0.42795752520965336,0.583341780479,52.111111111111114,9
8,15,40,18,36,0.6455002498219887,4.93777030611879,0.33212627451615473,-0.3977756187601018,0.6004649263437423,46.888888888888886,9
8,15,40,18,44,0.75329500653336,5.908345393263762,0.43949719675044785,-0.35739237531366874,0.6375023689314218,43.44444444444444,9
8,15,40,22,20,0.5590563211833876,4.597536068577297,0.28373072361038193,-0.41804891541902456,0.582678461794215,51.888888888888886,9
8,15,40,22,28,0.6461862484055465,4.502811798744549,0.3207315277216163,-0.406707628897377,0.6058117003610984,48.44444444444444,9
8,15,40,22,36,0.7538906519494141,6.798688451311097,0.43132401529718095,-0.3718747179767939,0.6536678224705813,44.77777777777778,9
8,15,40,22,44,0.7291677640237568,5.387577503012987,0.3958866130344534,-0.39156532443976544,0.6248227062322355,41.333333333333336,9
8,15,50,8,20,0.521097567755445,5.607904690302812,0.24716179268917987,-0.4507652247120155,0.5531492450089749,63.44444444444444,9
8,15,50,8,28,0.5631457582463248,4.850165746857165,0.31511444305610486,-0.38657746247719826,0.5818133784418819,54.333333333333336,9
8,15,50,8,36,0.6192892160656227,6.077946014838059,0.3510166143674785,-0.38048329744817955,0.5806892566837782,48.666666666666664,9
8,15,50,8,44,0.6081416767479308,5.102441467444645,0.3565310280574547,-0.3875195744419068,0.5564256955317153,47.77777777777778,9
8,15,50,10,20,0.5491947625413457,5.35980234864191,0.27288700928654597,-0.43078848398256975,0.5884547535252165,60.55555555555556,9
8,15,50,10,28,0.5905169071829699,5.662552031805083,0.3247360376157553,-0.3997105278259838,0.5635095884846604,52.77777777777778,9
8,15,50,10,36,0.6199191615312952,5.809738349412589,0.3414142896033237,-0.38742483526065946,0.58074568481588,47.22222222222222,9
8,15,50,10,44,0.6547189056527238,6.39434597179456,0.3753046851777627,-0.37186620511025503,0.5849205873625034,45.55555555555556,9
8,15,50,14,20,0.5639534578918695,4.829194228671032,0.3008984905312929,-0.41946029981812893,0.5860303085628141,56.44444444444444,9
8,15,50,14,28,0.6010063350316911,5.50037382821446,0.3419048098804647,-0.37398717645434265,0.5760541636544967,48.888888888888886,9
8,15,50,14,36,0.6846094290439922,5.468537609694642,0.38295635774530357,-0.3711423098289123,0.6058983058529488,44.77777777777778,9
8,15,50,14,44,0.7330723610730993,6.063015216550472,0.4551837114017844,-0.34968675471790955,0.6104766967161286,42.77777777777778,9
8,15,50,18,20,0.5864090517694733,6.067450634888776,0.34213722338125424,-0.3725218340805889,0.5914439567221643,52.0,9
8,15,50,18,28,0.6530878100408962,5.345901611220263,0.33427094286005254,-0.39678771641370325,0.6184475326306342,46.111111111111114,9
8,15,50,18,36,0.7220540911003993,5.173207950578164,0.4027275425050635,-0.38050168614074825,0.6155890791640132,42.666666666666664,9
8,15,50,18,44,0.7784735081245592,6.31254207343895,0.48043367954516353,-0.3574610140553177,0.6516821048806499,39.77777777777778,9
8,15,50,22,20,0.6098313890569904,4.574572925955966,0.30553884964119427,-0.409398957148404,0.6020916227367785,46.44444444444444,9
8,15,50,22,28,0.7674522671240505,6.660944912791795,0.4527697964599214,-0.353714125912608,0.6179142026250874,43.44444444444444,9
8,15,50,22,36,0.7653435240782476,5.523169909412818,0.42422339703082157,-0.3858819631562072,0.6392107075810094,39.888888888888886,9
8,15,50,22,44,0.7498717208913457,4.9327597640288605,0.43257942506628644,-0.36583233567439827,0.6461280284809696,37.333333333333336,9
8,15,60,8,20,0.5170611514280377,3.868397042417932,0.2559544871475482,-0.42026052381931894,0.5484218411546444,60.888888888888886,9
8,15,60,8,28,0.567789833030321,5.636339882894636,0.3242150062554775,-0.39777562263673916,0.5420312124610506,52.111111111111114,9
8,15,60,8,36,0.6277966272032232,5.4557254950294745,0.35162210394769683,-0.37754613480678106,0.5590013709031234,47.111111111111114,9
8,15,60,8,44,0.6578950648448413,8.846027468111734,0.3716448161399989,-0.3852403989449871,0.5930340024672108,45.111111111111114,9
8,15,60,10,20,0.5463722593417212,4.3660494845236775,0.28549731446260823,-0.41300536579548947,0.5678347111375223,59.0,9
8,15,60,10,28,0.6094230802311564,6.052857475939074,0.37835381056613365,-0.367717886434165,0.5539351061722777,50.44444444444444,9
8,15,60,10,36,0.6675679322350042,7.040773074792611,0.39578244308959143,-0.35813784521501724,0.5669323670684537,46.0,9
8,15,60,10,44,0.7456970041617103,7.59299136103979,0.47869973989924564,-0.3447911785602924,0.6169699253638018,43.666666666666664,9
8,15,60,14,20,0.5888853057141404,5.792748767899379,0.3453919565976291,-0.3959950831270033,0.559559020341004,55.111111111111114,9
8,15,60,14,28,0.6864553576407366,6.994386902990773,0.41447673897424897,-0.3533881447050893,0.5842477236815592,47.77777777777778,9
8,15,60,14,36,0.7476381215765575,6.9570081112355355,0.4736757782653751,-0.345787828237784,0.6250991030628975,43.22222222222222,9
8,15,60,14,44,0.817914289655599,7.499572265606353,0.5413205767096467,-0.34207481829356606,0.6702472775643505,40.22222222222222,9
8,15,60,18,20,0.6689814966430414,6.259234020637437,0.39289831547879805,-0.35343644603393987,0.6055723994153124,49.77777777777778,9
8,15,60,18,28,0.704730884265727,5.404483661218169,0.4228077272900037,-0.35669544083217086,0.6117317102312212,44.77777777777778,9
8,15,60,18,36,0.7702484255763358,5.171124465101187,0.47233446724365064,-0.35421303837790247,0.6262599796207282,39.666666666666664,9
8,15,60,18,44,0.7730058465006828,5.50364303834451,0.4434979305195428,-0.35894687471656056,0.6227077041318527,37.55555555555556,9
8,15,60,22,20,0.7183278183160806,5.003428061096743,0.42058678175523895,-0.3629801232446074,0.6181652840628395,45.333333333333336,9
8,15,60,22,28,0.7327081320881244,5.233151973122812,0.43651295634691295,-0.3628985244421223,0.6341516007993603,40.888888888888886,9
8,15,60,22,36,0.7251497889896338,4.743668368918673,0.4031235816245903,-0.37584399953381487,0.6242417697526056,36.888888888888886,9
8,15,60,22,44,0.7363582683917329,5.620843956476985,0.41984173979131195,-0.3582702800754516,0.6382904278737612,35.333333333333336,9
8,15,70,8,20,0.6209683561094038,5.841358006235342,0.34472199509434565,-0.3959194150138714,0.5711320237743656,60.77777777777778,9
8,15,70,8,28,0.6336004071834532,8.349107940520243,0.3982615894799179,-0.3791203509503694,0.581811199258405,52.22222222222222,9
8,15,70,8,36,0.6305717257032678,6.84105075562251,0.3583137733322112,-0.379381558959046,0.54205304888078,47.77777777777778,9
8,15,70,8,44,0.6772461874879848,7.547348623541331,0.41196711512731304,-0.3602668077232916,0.589262681716071,45.44444444444444,9
8,15,70,10,20,0.6328153821970927,5.914798073679478,0.3728600348423892,-0.3982749768521452,0.5935983453175633,58.888888888888886,9
8,15,70,10,28,0.6180354322228062,7.867924505585064,0.35785398228975734,-0.3837145931385588,0.554699184875266,51.0,9
8,15,70,10,36,0.6851322441194047,8.134911370642676,0.41534696240961166,-0.36383644150574307,0.5877705716852428,46.333333333333336,9
8,15,70,10,44,0.7445360362012254,6.27573987307096,0.46006843985192547,-0.3556986802412994,0.5976072644855501,43.888888888888886,9
8,15,70,14,20,0.622691578629962,7.233439062978388,0.35903399372614964,-0.37478117464318506,0.5703694079329289,54.44444444444444,9
8,15,70,14,28,0.6383670474413987,5.612732743762953,0.36673732242636536,-0.3676871668510681,0.5775128635606925,48.333333333333336,9
8,15,70,14,36,0.7067547705499793,4.765675314486547,0.423038465407609,-0.3589954972741466,0.6098914297954633,43.55555555555556,9
8,15,70,14,44,0.7606449480856748,5.845451476688176,0.482312816005786,-0.33680413832129624,0.6331209014046283,40.111111111111114,9
8,15,70,18,20,0.6259027319429228,5.392111249910268,0.36005622860214104,-0.3711653316587752,0.5736980067422432,50.0,9
8,15,70,18,28,0.6853375806979167,4.903328702820283,0.3801547551006491,-0.37315480539649903,0.6104607063649375,45.111111111111114,9
8,15,70,18,36,0.7665174485904902,5.322627337706676,0.4626517801466469,-0.35500358853966324,0.6257496156725939,39.666666666666664,9
8,15,70,18,44,0.7859851501812557,5.737409412168096,0.496146602191491,-0.3344777407110515,0.6450796690734771,36.888888888888886,9
8,15,70,22,20,0.6593588226892516,4.068404006176864,0.36335136976791804,-0.3653325510267841,0.5907143478731023,45.888888888888886,9
8,15,70,22,28,0.766120999224552,5.127188472862586,0.4499526756583799,-0.3651471601508789,0.6247980055318524,40.44444444444444,9
8,15,70,22,36,0.7536814312354371,5.9832268148243095,0.4372449921366141,-0.3538375685685966,0.624685722931337,37.0,9
8,15,70,22,44,0.7366448116798625,4.807485305723897,0.4359310126990983,-0.34334065462434943,0.6097740948231145,34.44444444444444,9
8,20,35,8,20,0.5304468318111666,4.247359553967896,0.2543586422221923,-0.4425949844702177,0.5910890438629701,67.77777777777777,9
8,20,35,8,28,0.5600430880795254,4.396279348309288,0.28582764064229377,-0.41622173647824473,0.5862718714745855,62.333333333333336,9
8,20,35,8,36,0.553030419980588,3.7066390174929844,0.291249943898926,-0.41174678289512734,0.562042468183394,57.333333333333336,9
8,20,35,8,44,0.5556115753646256,4.269412135281483,0.30647462136453796,-0.3972366426530935,0.5812858158595636,55.77777777777778,9
8,20,35,10,20,0.5270993223866198,4.047902592571756,0.2761728660111716,-0.40707545504718984,0.5964572608465819,66.55555555555556,9
8,20,35,10,28,0.536252254689952,3.933697604420674,0.2686904521383511,-0.42163381495128566,0.588050156707299,61.22222222222222,9
8,20,35,10,36,0.5469356883734737,4.408850934180056,0.29245600676188377,-0.41031438356024935,0.5867994923901747,56.44444444444444,9
8,20,35,10,44,0.5571370940223348,3.3455566655645317,0.2756356737881547,-0.39888019189867374,0.5867753635107703,54.22222222222222,9
8,20,35,14,20,0.5158060964463137,4.946578973745906,0.2692506128607544,-0.4240252438793316,0.6001973818620713,64.33333333333333,9
8,20,35,14,28,0.49837147905683843,3.8577582329891933,0.2503605379440725,-0.42894401477875926,0.5862532168802992,57.77777777777778,9
8,20,35,14,36,0.5843295713493292,3.999051465406268,0.2881998031926451,-0.42313000080693874,0.600918470202096,53.0,9
8,20,35,14,44,0.6528124125157804,4.251366814402729,0.3394313441639294,-0.40001736721745784,0.6134623879428107,50.666666666666664,9
8,20,35,18,20,0.5523647964997525,4.008834901020939,0.2749093029323855,-0.4271503613829202,0.601987704836032,60.111111111111114,9
8,20,35,18,28,0.6356311375811047,5.097043516061128,0.35939904015234586,-0.3720454059345455,0.6095661500757323,54.333333333333336,9
8,20,35,18,36,0.686329644395139,4.500705944650284,0.3578623773695261,-0.3893392962585286,0.6130630248947524,50.22222222222222,9
8,20,35,18,44,0.7523018377819639,5.8800412873248025,0.4073375627771101,-0.3889533620366564,0.63202537080654,47.22222222222222,9
8,20,35,22,20,0.606090007147517,4.496780909382306,0.32070514969406627,-0.385417223231601,0.6067552717831011,55.111111111111114,9
8,20,35,22,28,0.6812966790141609,4.2561433067908725,0.3534253761525041,-0.3830299556344126,0.6316757436727312,51.333333333333336,9
8,20,35,22,36,0.7367022560176503,6.904456502080976,0.4164367885122562,-0.3815078795163758,0.6373409049750401,46.888888888888886,9
8,20,35,22,44,0.7734102096704292,6.4320627819644365,0.4427304063100094,-0.37320446751841835,0.6341684090167407,43.333333333333336,9
8,20,40,8,20,0.5460464732546186,3.9584281224532734,0.27683557872306586,-0.42759995274318013,0.5736009487758716,62.44444444444444,9
8,20,40,8,28,0.5957726993666668,5.637882021471346,0.33509719463428694,-0.39503725869137046,0.5886838744370505,56.55555555555556,9
8,20,40,8,36,0.5643878004941282,3.873130445771816,0.2948870499450981,-0.4053835346453799,0.5722644818378604,53.22222222222222,9
8,20,40,8,44,0.6087533775570786,4.797522156414836,0.32572602763701947,-0.38152338691402565,0.5832036159093791,49.0,9
8,20,40,10,20,0.5550357240389885,3.783418400147789,0.28523829676511947,-0.4085121775350238,0.5753782886384836,61.55555555555556,9
8,20,40,10,28,0.5700842263462605,4.668171707317345,0.29632470721391563,-0.4158958429283518,0.5882276645799296,55.55555555555556,9
8,20,40,10,36,0.5793284752723091,3.2335699225619825,0.287407797429878,-0.40062642542507043,0.5850378634820084,51.44444444444444,9
8,20,40,10,44,0.6270083514275383,4.967453032556722,0.3176482285765075,-0.3983575159710783,0.6110273300192246,47.888888888888886,9
8,20,40,14,20,0.543815471306391,4.629311913760039,0.27882462062153784,-0.42409793340708557,0.600675826570474,58.333333333333336,9
8,20,40,14,28,0.5785809330643263,4.312890303739839,0.2943664823319752,-0.41066664808472014,0.5779685932107868,53.111111111111114,9
8,20,40,14,36,0.6509708027475538,4.295243465217118,0.321603485982241,-0.4175549833243419,0.5922936806149518,49.0,9
8,20,40,14,44,0.751077686636611,5.551222868552384,0.4233732063151236,-0.3649675068771226,0.6365189415960051,45.44444444444444,9
8,20,40,18,20,0.5897183600595854,4.19008141306156,0.2903274013089463,-0.4158936420467409,0.5941128775814374,54.44444444444444,9
8,20,40,18,28,0.660182744014534,4.534957311949995,0.3434111163789884,-0.38654073130184446,0.6127788716109847,51.0,9
8,20,40,18,36,0.753783246384993,5.3977952043551465,0.3929558472539722,-0.3993588710412446,0.6297193203491385,46.22222222222222,9
8,20,40,18,44,0.7428893980615121,5.795158323352144,0.4175616599354715,-0.37567349282252815,0.6328611803755045,43.44444444444444,9
8,20,40,22,20,0.6414854072707519,4.6408331392025515,0.3453295275211927,-0.37370442625224143,0.615297381293717,51.666666666666664,9
8,20,40,22,28,0.7226276477214412,5.661949289592387,0.3987622553188021,-0.36476023236498817,0.6329699314199932,48.77777777777778,9
8,20,40,22,36,0.763506220187565,6.734407495879687,0.44672308378519887,-0.3619191036016854,0.6460004073694297,44.44444444444444,9
8,20,40,22,44,0.7683192277108073,6.442893054851986,0.443684631449604,-0.3746199774571724,0.6540215949886964,41.666666666666664,9
8,20,50,8,20,0.5948396334298399,4.122905783425077,0.31162933851888097,-0.40630277109219726,0.572231560109068,55.44444444444444,9
8,20,50,8,28,0.5969909344317476,4.201917928514007,0.33717675119873863,-0.3873300104381134,0.5910409793896205,50.55555555555556,9
8,20,50,8,36,0.6257507344320773,4.121475082972892,0.3317989533914253,-0.3803266462014599,0.6022671663999137,45.888888888888886,9
8,20,50,8,44,0.6770305761124448,4.946530242043092,0.36848386866191585,-0.37772545756660997,0.6045395626917366,43.0,9
8,20,50,10,20,0.5702421906766578,4.312768833876851,0.2984741971030094,-0.4037430313291599,0.569203313822813,54.0,9
8,20,50,10,28,0.589173022024663,3.796813671828257,0.3191151190790762,-0.38729316191072083,0.5953927182507746,48.77777777777778,9
8,20,50,10,36,0.6699243881593013,5.038966922234327,0.36326856901763116,-0.3742046825375845,0.6286573290554364,44.55555555555556,9
8,20,50,10,44,0.733031340319468,5.554858454297294,0.43209118051206263,-0.36306993866259535,0.6313578781102641,42.111111111111114,9
8,20,50,14,20,0.5885716410663324,4.442878506340526,0.3266865407300627,-0.3890531980464821,0.6040492931267174,51.111111111111114,9
8,20,50,14,28,0.6801052330242654,5.453394691571069,0.3505317692966003,-0.3963266782349501,0.6239981919098477,46.333333333333336,9
8,20,50,14,36,0.7735023920143235,6.6449245888434385,0.4588554982223777,-0.36788657915123896,0.6232941561454005,43.44444444444444,9
8,20,50,14,44,0.7581584219699573,5.786520453081595,0.43737306037049173,-0.3735260732847111,0.6354963756126547,40.333333333333336,9
8,20,50,18,20,0.6492929486680644,4.233675207177702,0.3253348564317128,-0.4020581643011673,0.6012310605881438,47.888888888888886,9
8,20,50,18,28,0.7737879012902952,6.381543447964149,0.4680300536366746,-0.36969207545040156,0.6500617534977132,44.55555555555556,9
8,20,50,18,36,0.756909074217728,5.395829811582745,0.41734458194753493,-0.38156213248815746,0.6217753490111213,41.55555555555556,9
8,20,50,18,44,0.7555321627778357,5.037486968729108,0.4407460202022594,-0.3615828126850118,0.6417568556887443,38.44444444444444,9
8,20,50,22,20,0.7649110940380095,6.459617404987993,0.4213108659840079,-0.39273663762048655,0.6514125166227085,44.77777777777778,9
8,20,50,22,28,0.7665322465950694,6.341148498422697,0.45257079681411017,-0.3689369557327929,0.6359196254945841,42.55555555555556,9
8,20,50,22,36,0.7182976134889535,5.234810808222179,0.41087548354179204,-0.36846118258847643,0.6215764679179314,39.55555555555556,9
8,20,50,22,44,0.7307201454917002,5.4892236392750275,0.40782102048527613,-0.36461629476126567,0.6399936890132968,36.666666666666664,9
8,20,60,8,20,0.5679480251117801,4.15220352605563,0.3061657220175993,-0.40025813392590565,0.5693620613228456,53.55555555555556,9
8,20,60,8,28,0.6587123272791398,7.579412736801198,0.3842687764516961,-0.35748603736672574,0.5707833432672906,48.22222222222222,9
8,20,60,8,36,0.7229650001039535,6.282037585593993,0.4235794106612805,-0.35547670389479996,0.6365814569154973,43.0,9
8,20,60,8,44,0.7893875141090247,7.935903452653965,0.5007854005965044,-0.3507148281789344,0.6481244913469552,40.44444444444444,9
8,20,60,10,20,0.6207308340925743,5.028294690698559,0.35568352940289144,-0.36851525642452976,0.575715215168696,52.22222222222222,9
8,20,60,10,28,0.687377011394382,6.470527515980545,0.39147186775495196,-0.3642210860229743,0.6100169288575086,46.77777777777778,9
8,20,60,10,36,0.7826892633224356,7.603040132867108,0.49548688880644204,-0.34810478939941447,0.6414786717543876,41.666666666666664,9
8,20,60,10,44,0.7819444661601007,6.4025701270425,0.48776911479379087,-0.34251979113963205,0.6319408238912883,39.111111111111114,9
8,20,60,14,20,0.6582723286601704,5.752467863077819,0.3651899057367101,-0.36857672300670274,0.6056505305037697,49.22222222222222,9
8,20,60,14,28,0.7574147446882127,6.962641305695943,0.452714719829558,-0.3597721861558699,0.6166323947391233,43.44444444444444,9
8,20,60,14,36,0.7549459625979268,5.154236105478656,0.4497384815307694,-0.3647560037627981,0.6364549355777426,39.55555555555556,9
8,20,60,14,44,0.7798708113252766,5.656381156098341,0.47901119819193877,-0.34787155199660674,0.6417929539446567,37.44444444444444,9
8,20,60,18,20,0.7573409455553618,6.137894924684035,0.43161873330617034,-0.36674443323396,0.6410787236118825,45.44444444444444,9
8,20,60,18,28,0.7366379829476348,5.307085227203387,0.4336400225785342,-0.3824732041999901,0.634587949649995,41.0,9
8,20,60,18,36,0.7507203188823656,5.231416585923654,0.4139611005968761,-0.38107753554200285,0.6417188154030259,37.77777777777778,9
8,20,60,18,44,0.7307047294351743,6.335869455086939,0.45395096207602337,-0.33603241897166813,0.6265192541314832,36.22222222222222,9
8,20,60,22,20,0.7517952383509697,5.7447388808827045,0.44711391745375006,-0.3830068947130394,0.6329363676659541,42.0,9
8,20,60,22,28,0.7575319341894093,5.283884816912198,0.42629911560903994,-0.3748240204538049,0.6398825117091371,38.888888888888886,9
8,20,60,22,36,0.7251132348485504,5.572349024752466,0.4128535912003277,-0.35929488836596657,0.6242471093348285,36.111111111111114,9
8,20,60,22,44,0.7013845361585148,4.427749313791434,0.38751532632555247,-0.353432122437362,0.6527987359818479,34.44444444444444,9
8,20,70,8,20,0.6491016583148259,5.948920956138696,0.3866126121104885,-0.36335721982425984,0.5718671973309634,52.666666666666664,9
8,20,70,8,28,0.6543596263761319,5.819224469814689,0.37226278040378125,-0.381383595021218,0.5600772726204014,47.22222222222222,9
8,20,70,8,36,0.731628311159139,4.890993165010461,0.4336197501975254,-0.3518491258254337,0.6053055142529282,41.77777777777778,9
8,20,70,8,44,0.7596958165330654,5.03106585446926,0.47758095021014607,-0.3395395233954561,0.6282031674522046,38.666666666666664,9
8,20,70,10,20,0.6270303080443415,5.8051544974157965,0.37604420790658466,-0.3513584627206383,0.5586822659065142,50.77777777777778,9
8,20,70,10,28,0.6809168478364439,4.407824264615272,0.4075596566134229,-0.3548717087771743,0.590144753295418,46.333333333333336,9
8,20,70,10,36,0.7331415901140858,4.8974668114348034,0.4470892465972176,-0.35672922174563126,0.623307119669978,40.111111111111114,9
8,20,70,10,44,0.7369786841985927,4.696672697648363,0.43835358809192465,-0.3580521932763068,0.6198223527170895,37.55555555555556,9
8,20,70,14,20,0.6399440647761598,5.023959059133255,0.3746703175148366,-0.36308276895122243,0.5768568681738799,48.22222222222222,9
8,20,70,14,28,0.7071633446742209,4.587927889352938,0.4029928893071031,-0.36777869786487893,0.6038400997348222,43.0,9
8,20,70,14,36,0.7506163911870918,4.778937003383159,0.44789704480701165,-0.34878849127747436,0.6289918995203547,38.22222222222222,9
8,20,70,14,44,0.7304401350925617,5.200065996320086,0.44588598742043306,-0.3380781787590301,0.6346966601417066,35.666666666666664,9
8,20,70,18,20,0.698157811798622,4.08561410572862,0.3785677018151287,-0.38030157218671434,0.6065068946745987,45.666666666666664,9
8,20,70,18,28,0.7351906208719977,4.7819618678663875,0.4216123740340671,-0.3738808339359636,0.6144567150152227,40.44444444444444,9
8,20,70,18,36,0.7688288726337168,6.703726777401831,0.4666802808787469,-0.3429016594305964,0.6369535504726422,36.44444444444444,9
8,20,70,18,44,0.7474873366350934,5.217869498288424,0.4292247703230756,-0.35020158076379193,0.6383177068548586,34.888888888888886,9
8,20,70,22,20,0.7471224089872857,5.279751396408181,0.4426695515828339,-0.3600769002047146,0.6193670943670944,40.44444444444444,9
8,20,70,22,28,0.7672840546874251,6.379619099812871,0.4460603657036582,-0.35255852762104517,0.6310302681819709,37.333333333333336,9
8,20,70,22,36,0.7024340930369098,4.363272865904225,0.38297000442155493,-0.3646277601947257,0.6377493564993565,35.0,9
8,20,70,22,44,0.7320056692966372,4.970407830642581,0.4253491100479778,-0.3460138874572453,0.6589982001272324,33.22222222222222,9
8,25,35,8,20,0.48726819643720237,4.165479422743,0.259450319411426,-0.4046673939816359,0.6016056905014593,74.55555555555556,9
8,25,35,8,28,0.44802467418668473,5.358090404447215,0.2578887208765574,-0.4318090199916431,0.5781370111091999,67.11111111111111,9
8,25,35,8,36,0.5391901935322615,3.8215653927390836,0.3104248626116102,-0.37648286836343636,0.5850701870421857,63.888888888888886,9
8,25,35,8,44,0.5876647126688417,4.107984619768068,0.3378771246778507,-0.3580814790911865,0.6047513676996228,60.44444444444444,9
8,25,35,10,20,0.4692333190393268,4.263127560805016,0.25057612401607515,-0.4086108157553625,0.5888761288258564,71.77777777777777,9
8,25,35,10,28,0.48790569678275364,3.5778589320235437,0.23358945039587736,-0.4322570311357973,0.5987115627172648,65.0,9
8,25,35,10,36,0.5442550382883904,4.188512138313392,0.3019292445973987,-0.38442536564912166,0.5747398052402319,59.55555555555556,9
8,25,35,10,44,0.6160363588048835,4.628362077383522,0.3232888459884578,-0.3841739941374928,0.625618012569326,57.44444444444444,9
8,25,35,14,20,0.47024027351495273,2.7771808078216726,0.23996319104227323,-0.42253396901683143,0.5770057907370013,65.55555555555556,9
8,25,35,14,28,0.5472433883088057,3.5713985953426644,0.27319585964055787,-0.40348342714849983,0.6078903962463904,58.888888888888886,9
8,25,35,14,36,0.6217504177160387,4.136366357913522,0.31830873836618234,-0.3906773284881746,0.6152002120354196,53.77777777777778,9
8,25,35,14,44,0.6865046239122948,5.255648192682136,0.3432546394945399,-0.4005998294845038,0.6144928537230193,52.0,9
8,25,35,18,20,0.5917086063451616,4.027232233809681,0.2975858656841292,-0.41028289624598746,0.6063595626128427,60.333333333333336,9
8,25,35,18,28,0.6489572310566303,4.15091354705069,0.32334327809287633,-0.4136909845460115,0.6329688890146407,53.666666666666664,9
8,25,35,18,36,0.724265018676574,6.943431361472786,0.412438661697202,-0.36876755482052503,0.6349372103230135,49.666666666666664,9
8,25,35,18,44,0.7374208449761475,6.261159384172116,0.4339178437543616,-0.3706728570889282,0.6227732095339249,47.77777777777778,9
8,25,35,22,20,0.6035412738863155,3.9129023037757693,0.295770506905094,-0.41057319189328473,0.5976580259869019,55.55555555555556,9
8,25,35,22,28,0.738130818209148,7.111262282002311,0.43671674863802246,-0.3591743436583665,0.6373274321285789,51.333333333333336,9
8,25,35,22,36,0.7606909351631779,6.976560657154111,0.4571641062514033,-0.35423282394092165,0.6371399186666135,47.77777777777778,9
8,25,35,22,44,0.7048513294604967,5.594100201053257,0.3927755215099063,-0.37032921020081155,0.6142004861323395,44.55555555555556,9
8,25,40,8,20,0.4785001233050728,4.7843729743415695,0.24877393979471618,-0.43131997910049896,0.5877702301253369,65.55555555555556,9
8,25,40,8,28,0.491688241525458,3.8232939030571425,0.24033527576861402,-0.43456264788312443,0.5666769851668668,58.111111111111114,9
8,25,40,8,36,0.6036485973412336,4.132949416302048,0.30363137883202646,-0.3978150591345162,0.6207105230355795,53.77777777777778,9
8,25,40,8,44,0.6675731597387948,4.3997262071500955,0.32896536913068947,-0.40140581672349507,0.6215261733213268,51.333333333333336,9
8,25,40,10,20,0.45403112067392065,2.7882934271340125,0.21543231187225184,-0.44346985868082833,0.5734551663430455,63.333333333333336,9
8,25,40,10,28,0.5333614443418553,3.935320135880619,0.2739176258449675,-0.4076148580028106,0.5933713863558329,56.0,9
8,25,40,10,36,0.647932899455192,3.956992903974032,0.3286658299335121,-0.3912697934130176,0.624444231109048,52.55555555555556,9
8,25,40,10,44,0.7099940654357539,5.307962559462895,0.3600294715655283,-0.39816649557758477,0.6416969459239991,49.55555555555556,9
8,25,40,14,20,0.5458602345997746,3.063326897269783,0.24192908957891607,-0.4422962054654346,0.6010882456630727,59.77777777777778,9
8,25,40,14,28,0.6430231772746614,4.426433075896149,0.32115672676518137,-0.39859234350851236,0.6275729465493924,53.44444444444444,9
8,25,40,14,36,0.7151702444815153,6.685088794054945,0.38904343178279643,-0.3767768145056966,0.6233120493546376,49.0,9
8,25,40,14,44,0.7086803110230525,6.079920142817297,0.393951395240715,-0.3812883744666176,0.6187089664664288,46.666666666666664,9
8,25,40,18,20,0.6116592173180677,3.7534997089108018,0.2975931696765376,-0.4116879166292601,0.6316825136358182,54.888888888888886,9
8,25,40,18,28,0.693756004660913,5.082130400767762,0.3734147733566666,-0.3801046054636279,0.6345729521912351,50.888888888888886,9
8,25,40,18,36,0.7566000151043824,7.2367655223086285,0.442817102765811,-0.3608623915263197,0.6193617877822317,47.0,9
8,25,40,18,44,0.7380982398498942,5.722465343349115,0.42759995954760094,-0.36755735088755254,0.634033987130639,44.0,9
8,25,40,22,20,0.6671479752500029,4.709379328832778,0.3517519519642875,-0.38034309308720626,0.6367586908358186,52.111111111111114,9
8,25,40,22,28,0.7455406929468048,6.211570803998298,0.4426996911963382,-0.34920932972434915,0.6428813904492353,49.0,9
8,25,40,22,36,0.6774400176562759,5.253679654223577,0.3776807852049214,-0.36833728878790195,0.6299990987686849,44.111111111111114,9
8,25,40,22,44,0.7195401951723472,5.8661230169706675,0.3918583704032881,-0.3799977467561253,0.6383041445435093,41.77777777777778,9
8,25,50,8,20,0.5387604803173593,3.2586535721891083,0.25862545817258964,-0.4046508178333552,0.5855364338278384,52.55555555555556,9
8,25,50,8,28,0.6382661385344789,3.866148357436382,0.3337673983524754,-0.37865425760547544,0.6071477393448279,49.22222222222222,9
8,25,50,8,36,0.7001753864283027,5.167441474134185,0.39747948827327517,-0.3581470752221516,0.6120399526383076,45.111111111111114,9
8,25,50,8,44,0.7065029636850744,5.434720117455132,0.3873019981705321,-0.3839822109511604,0.6369061613676088,42.0,9
8,25,50,10,20,0.5583590385346471,4.075433446047808,0.2920643398691117,-0.3981479756384649,0.574418608730088,51.44444444444444,9
8,25,50,10,28,0.6780762009379979,4.209031173914995,0.38463290435479586,-0.3639158226981251,0.6282104805177577,48.111111111111114,9
8,25,50,10,36,0.7368094442167652,6.936514362345624,0.4292016415432832,-0.3625383910257531,0.6442699991731816,43.888888888888886,9
8,25,50,10,44,0.7509907050746221,5.530962570986292,0.42420409882444987,-0.3702173003039265,0.6470569702192434,40.77777777777778,9
8,25,50,14,20,0.678673248119599,4.334535079376676,0.3503057000371563,-0.38653552194276863,0.6260642066467865,48.77777777777778,9
8,25,50,14,28,0.7342569088884541,6.553522362810906,0.4476714366640493,-0.35425533322356173,0.634069183976677,45.77777777777778,9
8,25,50,14,36,0.7393603253944478,6.139427944583119,0.4325144219218249,-0.3625704090496617,0.6261839362612501,42.44444444444444,9
8,25,50,14,44,0.7215436788497457,5.163369121217034,0.4079791299595546,-0.3690445905169997,0.6282604802181182,38.77777777777778,9
8,25,50,18,20,0.7303705001872676,6.530213920876474,0.44141479707113457,-0.35001295358478157,0.6314318018295817,46.77777777777778,9
8,25,50,18,28,0.7239940332856426,5.611619062484854,0.4064364598261667,-0.3703842607190594,0.6328917524849982,44.111111111111114,9
8,25,50,18,36,0.6862049259565745,4.7785598643668905,0.37072637069643677,-0.39104589884998364,0.6165669077041738,41.111111111111114,9
8,25,50,18,44,0.7519433004863236,7.316406992361432,0.4342015898276692,-0.3511380598462242,0.6487325560854973,38.0,9
8,25,50,22,20,0.7347891465701405,5.213500692137414,0.42104481658504744,-0.3705419036690743,0.6328581881831004,44.666666666666664,9
8,25,50,22,28,0.6899490643213421,5.234949267838257,0.3817573419157523,-0.37303547405803683,0.631491271362059,42.77777777777778,9
8,25,50,22,36,0.7104310195208965,6.264887017948008,0.42782038024216296,-0.3467004448015158,0.6288575608858022,39.333333333333336,9
8,25,50,22,44,0.7279532661638811,5.12918171454411,0.42811879472492176,-0.33218600719408187,0.6457386604445428,37.111111111111114,9
8,25,60,8,20,0.6486293948901452,5.341516395359016,0.3611468048723485,-0.3609336887174616,0.6132303042846631,49.111111111111114,9
8,25,60,8,28,0.7438911648579075,6.126361677640911,0.44655408671937935,-0.35018881496684146,0.6259264690844826,43.22222222222222,9
8,25,60,8,36,0.7367242597977577,5.733152287881364,0.4253164864936878,-0.37994546797612544,0.622756596879404,40.111111111111114,9
8,25,60,8,44,0.7459600281337118,5.382566215027712,0.4546311581166923,-0.34515441171091804,0.6388617977765265,37.55555555555556,9
8,25,60,10,20,0.6643270853473697,4.858817282752529,0.34580037734719876,-0.3864496149470871,0.6267818427732088,46.888888888888886,9
8,25,60,10,28,0.7309735988822083,5.584907202924737,0.40981705546334407,-0.37804618074240914,0.6275840971669886,42.111111111111114,9
8,25,60,10,36,0.7308137926382794,5.913468069969913,0.42976446139386787,-0.36597879196510186,0.628647077258147,39.333333333333336,9
8,25,60,10,44,0.7325982975487163,4.664627541989322,0.42770242128208846,-0.3513263748901734,0.6515783265783265,37.0,9
8,25,60,14,20,0.7506783112688462,6.461236865271324,0.43921308680753207,-0.3617938820543304,0.6268916125069373,43.44444444444444,9
8,25,60,14,28,0.7363932079679483,5.088275376174811,0.4192293964497129,-0.38544214255886794,0.6292982357114965,40.666666666666664,9
8,25,60,14,36,0.6962249307130809,4.864099472917035,0.3956150832691645,-0.3644593489605763,0.6332851867719346,38.0,9
8,25,60,14,44,0.7154334567601769,5.855239644378593,0.42458497085537755,-0.3433134454380577,0.6618025081324874,35.888888888888886,9
8,25,60,18,20,0.7632777147795096,5.924328684225633,0.4507237392137251,-0.36683320105461603,0.6291977640294903,41.55555555555556,9
8,25,60,18,28,0.7234763670030863,5.180854890449078,0.42022265175273965,-0.3606091590438913,0.6397719334818179,39.0,9
8,25,60,18,36,0.74239861002604,6.783115236741853,0.43345275432149233,-0.3487364412918899,0.6590938511991145,35.888888888888886,9
8,25,60,18,44,0.7137189075462859,4.905393436108735,0.41809224289014424,-0.35482476064363744,0.6712723052183835,34.666666666666664,9
8,25,60,22,20,0.7304030539829054,5.1529368164595795,0.42007803975887237,-0.36816364713902344,0.6489135205117234,39.22222222222222,9
8,25,60,22,28,0.7295477527035942,7.085106076114149,0.4294459704710304,-0.3471066831457831,0.6367897973161132,37.0,9
8,25,60,22,36,0.7371809129818069,5.243196692431258,0.43543830520779525,-0.3414402416246224,0.6545977859703349,35.333333333333336,9
8,25,60,22,44,0.7832884821904401,5.7853634417781254,0.49076143229551417,-0.31626557849133047,0.661634493864886,33.888888888888886,9
8,25,70,8,20,0.6927586897285001,5.171986454320383,0.40732265257735945,-0.348710870697003,0.6151155933211021,46.44444444444444,9
8,25,70,8,28,0.7383354791209825,5.709368784265227,0.4546460566951449,-0.34284333132093414,0.619318132144405,40.77777777777778,9
8,25,70,8,36,0.7349406329673004,4.597918826628573,0.4095378268235974,-0.3644619818280844,0.6122535043587676,37.22222222222222,9
8,25,70,8,44,0.7357789698884082,5.33101757055222,0.41111903132504807,-0.3594871783273021,0.6541572502098817,36.0,9
8,25,70,10,20,0.715943052396458,5.980818580646103,0.44021576508192495,-0.34706890868518425,0.6180523355400337,45.111111111111114,9
8,25,70,10,28,0.7092243127658099,4.249097672838935,0.3963344549058565,-0.372109737839615,0.6252976009394495,39.22222222222222,9
8,25,70,10,36,0.7368812795532376,5.298721389727457,0.393667549962434,-0.38376460118667594,0.6312194110439724,36.666666666666664,9
8,25,70,10,44,0.7252487757850627,5.482213171217726,0.4038683846777214,-0.3544580505210915,0.6398129221658634,35.22222222222222,9
8,25,70,14,20,0.7061164642994148,4.803921432762575,0.402852377385596,-0.3694273776005014,0.6187952201199547,42.111111111111114,9
8,25,70,14,28,0.7380921662640402,5.973701115158779,0.42703815705711806,-0.35726144805060955,0.6234839813787183,37.111111111111114,9
8,25,70,14,36,0.7614976128431558,6.5132678331171885,0.4652836765367985,-0.33217660844940433,0.6331033414366748,35.77777777777778,9
8,25,70,14,44,0.719312248290071,4.986623123688187,0.39712369067211967,-0.36135358361608194,0.6574751954653917,33.77777777777778,9
8,25,70,18,20,0.744312477858356,5.621602024947108,0.46541403948109916,-0.34506974361517884,0.6127957571474901,39.22222222222222,9
8,25,70,18,28,0.7509973898499187,6.280413407277492,0.457939032158299,-0.3413755459836602,0.633873037123811,36.333333333333336,9
8,25,70,18,36,0.7145692586657736,4.677150723547876,0.40816934278730943,-0.3409340681627724,0.6614307760141094,34.666666666666664,9
8,25,70,18,44,0.7491355172378102,5.4656045262093045,0.4486159734711694,-0.3435062312832008,0.6692441492726123,32.77777777777778,9
8,25,70,22,20,0.7221032277492684,6.006718182353418,0.4145159296813471,-0.3586659605883672,0.6308451308451308,36.888888888888886,9
8,25,70,22,28,0.7039803791503542,4.812167522293949,0.4061884932786066,-0.3417765950395772,0.6296707956666678,35.888888888888886,9
8,25,70,22,36,0.7476731003129546,5.112404543214569,0.46237486573849057,-0.3235810942354321,0.663464653538183,33.77777777777778,9
8,25,70,22,44,0.7736575722801682,5.555847816015019,0.44100063819895474,-0.3474891943516958,0.66177590768108,31.333333333333332,9
8,30,35,8,20,0.5176626637837741,3.7789770044993904,0.3044704403582019,-0.37787028255036426,0.5932710447965925,83.55555555555556,9
8,30,35,8,28,0.5423996490185149,3.994802854170465,0.3125519381124801,-0.36481458922452475,0.6025795329299299,74.77777777777777,9
8,30,35,8,36,0.5978340358504239,4.401824944278642,0.3320330436416518,-0.37376999291171775,0.5938430571114913,71.11111111111111,9
8,30,35,8,44,0.6328075329339073,4.70965668597219,0.35347836969297375,-0.3678445860528206,0.6071327737994404,69.55555555555556,9
8,30,35,10,20,0.5043041628095474,4.276406295867842,0.2616109552404463,-0.407250102696037,0.6001962547691613,76.77777777777777,9
8,30,35,10,28,0.5849549131867959,4.026727464469302,0.3146333434797685,-0.39155651723117313,0.606177770623612,68.66666666666667,9
8,30,35,10,36,0.6555303098414881,4.901204014259504,0.3846297551191537,-0.356025109470812,0.6105628443903918,66.11111111111111,9
8,30,35,10,44,0.646609257490391,4.699415424454955,0.3343848180445961,-0.38740597624886136,0.6107442176413785,62.666666666666664,9
8,30,35,14,20,0.5617172628313292,2.8642685634854375,0.26549386871384456,-0.4250972709192434,0.5990455408769991,68.66666666666667,9
8,30,35,14,28,0.5965346786183922,3.368267485341165,0.2711309357898203,-0.43694678431121825,0.6027851196670679,61.666666666666664,9
8,30,35,14,36,0.7066022162519695,6.016819178293648,0.37940621399922425,-0.3789725641261566,0.6132847422720636,56.666666666666664,9
8,30,35,14,44,0.7593035380187703,9.076891499271236,0.4538533183782515,-0.3695444168333036,0.6284961986468578,54.333333333333336,9
8,30,35,18,20,0.6022321957471282,3.2073872820033262,0.30083041539216826,-0.415054917971295,0.5989209899266307,62.22222222222222,9
8,30,35,18,28,0.6845403521193503,5.977122801008869,0.3635457941752495,-0.38716606057759423,0.6367177831179818,55.22222222222222,9
8,30,35,18,36,0.7422175371297651,6.993176514071921,0.45366724566014355,-0.3417257979547174,0.6447337096974616,51.22222222222222,9
8,30,35,18,44,0.6925683057473594,4.697836944289556,0.39215129245981223,-0.36029979546729657,0.6185726781491366,49.55555555555556,9
8,30,35,22,20,0.6346770664007187,5.043711604387583,0.3525978448385414,-0.3752705823036442,0.6057880349673381,57.111111111111114,9
8,30,35,22,28,0.6792615281529687,5.133798269303148,0.37939544926959895,-0.3764551697053248,0.6515597806551777,52.333333333333336,9
8,30,35,22,36,0.6538813069325335,5.073485153862053,0.3574591273924337,-0.3748545004028498,0.6280161851974833,49.0,9
8,30,35,22,44,0.7307384552119535,6.135079137061774,0.3958277553893594,-0.3716984043029621,0.6076876898295533,46.0,9
8,30,40,8,20,0.4907132626081462,2.924786867836195,0.23120287809246584,-0.4165863927804908,0.5865139691589274,72.33333333333333,9
8,30,40,8,28,0.5811170153929202,4.094197251945186,0.285859477977008,-0.4051868843940969,0.6054165866204548,64.22222222222223,9
8,30,40,8,36,0.643470707803141,4.8521726288187335,0.32961923285840383,-0.3866594525645144,0.6115966982913048,61.333333333333336,9
8,30,40,8,44,0.6890797444059342,4.885503871708454,0.3727623207989126,-0.3850797641245474,0.6094598634935662,57.77777777777778,9
8,30,40,10,20,0.5531845498497999,3.1677391521470484,0.2660525064905463,-0.42282652417737576,0.5867682633245637,69.55555555555556,9
8,30,40,10,28,0.5762792491204595,3.112576864345378,0.2646666189876781,-0.42964482763005424,0.5868845319322923,61.333333333333336,9
8,30,40,10,36,0.6780709910031656,5.278974677217089,0.36082487586834655,-0.3748858754903606,0.6143224441061014,57.666666666666664,9
8,30,40,10,44,0.7276446801499081,7.439521383920535,0.42350097176754126,-0.37646601929358553,0.6238516344632532,55.77777777777778,9
8,30,40,14,20,0.5857607611117338,2.770511236205119,0.2908478440197184,-0.40422947659273145,0.5861336812793404,63.77777777777778,9
8,30,40,14,28,0.6622205290164013,5.4469776530005545,0.3624076082902973,-0.3747002486852378,0.6349217891665967,56.0,9
8,30,40,14,36,0.7081827333816062,5.418997798111956,0.3826273290252524,-0.38671383820303834,0.6362689855458031,50.888888888888886,9
8,30,40,14,44,0.6612793379797386,4.556005985916498,0.370618999029133,-0.3593945357376279,0.6116654781570747,49.44444444444444,9
8,30,40,18,20,0.6317770162929865,3.9911078253183643,0.3394415433142615,-0.37769937901202943,0.6161115616992794,56.77777777777778,9
8,30,40,18,28,0.7048080917562456,5.469777205417034,0.4041657298829576,-0.3621265522467541,0.6605156205997864,51.55555555555556,9
8,30,40,18,36,0.6146029024527383,3.480791805458876,0.31340899160746766,-0.38470117741868753,0.6204513786190805,48.0,9
8,30,40,18,44,0.6779208976693748,4.958804614028221,0.37368340932391964,-0.37208538204578057,0.6182454875200072,44.22222222222222,9
8,30,40,22,20,0.7062561364173984,5.676090667828429,0.40540834746957727,-0.36667991168705416,0.6568015161659516,53.44444444444444,9
8,30,40,22,28,0.6635999304040235,4.340551511134695,0.36062049196484475,-0.3806933542041951,0.6274713264310722,49.22222222222222,9
8,30,40,22,36,0.670824790268319,5.683073878140304,0.4013927018463525,-0.3422207014148539,0.6319923791010411,44.888888888888886,9
8,30,40,22,44,0.7509003545415385,5.854253814572515,0.46295616983328297,-0.33933602112597866,0.6488833352288678,41.888888888888886,9
8,30,50,8,20,0.6155356297810419,3.1097127423779916,0.3139608023662051,-0.3881641266142203,0.5982731929937213,55.111111111111114,9
8,30,50,8,28,0.6871643161552532,4.897715706326591,0.3924485080982165,-0.3513272930059105,0.6290922313642677,50.44444444444444,9
8,30,50,8,36,0.7035690976827437,5.641242715234973,0.3916938709936721,-0.3723082516811413,0.6252943662132684,46.0,9
8,30,50,8,44,0.6740262411391347,4.316901475429731,0.36548986368787273,-0.37239603501809193,0.6371544987487017,43.77777777777778,9
8,30,50,10,20,0.6523360178198598,3.8508761208092164,0.3728091378073714,-0.34890273626084795,0.6226907282697784,53.77777777777778,9
8,30,50,10,28,0.6961281900567425,4.988001258646236,0.3736283260321064,-0.3878672068918998,0.6463903948761013,49.111111111111114,9
8,30,50,10,36,0.6843914140324926,5.689889101110921,0.37905665779922576,-0.3698862843830646,0.6291467454896379,45.22222222222222,9
8,30,50,10,44,0.6770174215629324,4.798063899122481,0.36624165675163456,-0.3717649010166949,0.632086205928964,42.333333333333336,9
8,30,50,14,20,0.6811938922169918,4.4561879309687855,0.38371008170543514,-0.37521086524916386,0.6537324098248468,50.77777777777778,9
8,30,50,14,28,0.6861874234671415,5.075599129179159,0.37377495153976525,-0.37716888349488914,0.6283568698661841,47.22222222222222,9
8,30,50,14,36,0.6990119587768372,5.444056979763289,0.4056955432417857,-0.3594903950798501,0.6183966317044605,43.77777777777778,9
8,30,50,14,44,0.7082932754470997,6.438757753522648,0.4214418943738299,-0.34435209080131735,0.6360108846637491,40.55555555555556,9
8,30,50,18,20,0.6457649392771861,4.427004887130786,0.3415725010551528,-0.37588427057216045,0.6171677402588129,48.44444444444444,9
8,30,50,18,28,0.7073316293460163,5.99726158688247,0.429994938225081,-0.3511034548035441,0.6099359303799637,45.55555555555556,9
8,30,50,18,36,0.6954134406868915,5.331980253864256,0.4125977833066506,-0.34983231347210186,0.6446006405993088,41.666666666666664,9
8,30,50,18,44,0.7374661334523941,4.974509458448737,0.44686746645772857,-0.3318720250238711,0.6443314807563845,38.111111111111114,9
8,30,50,22,20,0.6940339605752287,5.34459562813304,0.41537284844450434,-0.3538739264402618,0.6332585542961737,46.111111111111114,9
8,30,50,22,28,0.6757429691518867,4.778787436718777,0.4189137321372836,-0.33991868357746835,0.6216837980013398,42.77777777777778,9
8,30,50,22,36,0.7179128554485108,5.16848715788629,0.4184858664511489,-0.34069643914597386,0.651280779971409,40.0,9
8,30,50,22,44,0.7378277842429428,5.712741075337684,0.43820080525266003,-0.3489796472816411,0.6605403796838265,36.77777777777778,9
8,30,60,8,20,0.7265591812632428,5.226739172499285,0.3920495891180901,-0.3935994926595018,0.6319556274178837,46.888888888888886,9
8,30,60,8,28,0.7529341605559678,5.551001317671114,0.4440289923005111,-0.3532451820614217,0.6563372029857024,42.55555555555556,9
8,30,60,8,36,0.6746211255702589,4.555288373994795,0.37694384354116156,-0.3703629423154462,0.6343299101879472,39.44444444444444,9
8,30,60,8,44,0.7357975176049999,5.9473206339527325,0.44194568834226394,-0.3348357673019927,0.6402900430312712,36.666666666666664,9
8,30,60,10,20,0.797354792514946,6.426881784509485,0.462319890219057,-0.37220082981411257,0.6588570000554207,44.55555555555556,9
8,30,60,10,28,0.713109055901419,5.056059228628219,0.4020490416245029,-0.37141669214970113,0.6555917987407633,40.888888888888886,9
8,30,60,10,36,0.6998777010879719,5.330159217084394,0.4058991910329863,-0.35861197412670276,0.6469463679989995,38.666666666666664,9
8,30,60,10,44,0.7469586670710968,5.326044790054265,0.4562930028171501,-0.3285431728187436,0.6595790266842898,36.22222222222222,9
8,30,60,14,20,0.729153495727071,5.2288142187846915,0.419443645781666,-0.3606683950084845,0.6439085652592768,42.0,9
8,30,60,14,28,0.7002020492023631,5.397791410802668,0.3987578206541091,-0.37122470130097035,0.6389258444778343,38.888888888888886,9
8,30,60,14,36,0.727499077140348,5.839138924163873,0.42103780147674214,-0.34450511852413607,0.6486959095318229,36.666666666666664,9
8,30,60,14,44,0.7276544915225535,5.369696071428832,0.440419034334677,-0.33063139261062785,0.6560876204968052,35.111111111111114,9
8,30,60,18,20,0.7037000619784451,4.637762856420146,0.39399763520827347,-0.3788875004910416,0.6272567433992337,39.44444444444444,9
8,30,60,18,28,0.730731823458474,6.828259627236857,0.4496731422358542,-0.333137076470354,0.6572745720370882,38.0,9
8,30,60,18,36,0.7500057805923722,6.68216564576495,0.45896839902863956,-0.3339319835513249,0.6547260440449294,35.666666666666664,9
8,30,60,18,44,0.764371481454106,5.8587005753470525,0.4722072229599136,-0.32655573143244726,0.6821852840235193,34.22222222222222,9
8,30,60,22,20,0.7453647586418182,7.318276126385276,0.4604634746354522,-0.3317303133777063,0.6632511198300671,38.111111111111114,9
8,30,60,22,28,0.7345584089580347,5.662079362103788,0.42123623328262305,-0.3484152031881732,0.6574697118556769,36.55555555555556,9
8,30,60,22,36,0.7268645674834792,5.2984600335491665,0.4375032961106096,-0.33103886673600247,0.6550651842318509,34.666666666666664,9
8,30,60,22,44,0.7626486751984995,5.566397053621403,0.44452842093809686,-0.3463402933011392,0.646303963097132,33.44444444444444,9
8,30,70,8,20,0.7013430768560354,4.882264434941425,0.37884754522501446,-0.3838917763396306,0.6193292699906184,43.22222222222222,9
8,30,70,8,28,0.7155302868210084,4.980722135185761,0.40728131006663193,-0.36842337528962815,0.6075083362310577,38.44444444444444,9
8,30,70,8,36,0.7504131449880496,5.718589826774747,0.4457967538181864,-0.33942358294342184,0.6467035644667223,36.44444444444444,9
8,30,70,8,44,0.7289770865309633,5.058412241802302,0.4192685024462752,-0.3437215369192958,0.657150251362775,34.888888888888886,9
8,30,70,10,20,0.7022571963810451,4.9739345977876654,0.3961645061495426,-0.36934359520791826,0.6264551447300268,42.22222222222222,9
8,30,70,10,28,0.7294996294510262,6.637204697799055,0.4064101979787883,-0.3713904772900902,0.6199250409776726,37.111111111111114,9
8,30,70,10,36,0.7155860279403613,4.705167554404301,0.4103496793174762,-0.34211068201564276,0.6468017562380308,35.44444444444444,9
8,30,70,10,44,0.7194443035128733,4.651486292089003,0.433966113545251,-0.34406422271380827,0.6505178741421626,34.0,9
8,30,70,14,20,0.7316446888036181,5.906037034384005,0.4078488220056896,-0.37026762307181055,0.6485050865855819,38.22222222222222,9
8,30,70,14,28,0.7573298622086858,5.805863164578552,0.4307094160673858,-0.35251911351581694,0.6361778445111779,35.77777777777778,9
8,30,70,14,36,0.7245898308373451,4.8575421871395426,0.435894325344667,-0.3326180908895161,0.6557278316291599,34.111111111111114,9
8,30,70,14,44,0.7628413335785723,6.346354180429397,0.4829729461512378,-0.32552848219996766,0.6416648431393847,33.22222222222222,9
8,30,70,18,20,0.7350238929572493,7.1585707292496785,0.4355500936791276,-0.3442505821023343,0.6321025970148777,36.55555555555556,9
8,30,70,18,28,0.7527213723003311,5.484653750766239,0.46473052263988457,-0.322646273836523,0.6573153335408236,34.666666666666664,9
8,30,70,18,36,0.7625525780295579,6.485961907849865,0.4730470525698375,-0.3309589074253875,0.651992795869298,33.333333333333336,9
8,30,70,18,44,0.7479039934222433,5.777065139136705,0.4261464357610405,-0.34962695320399323,0.6353428737086233,32.0,9
8,30,70,22,20,0.7555090298232531,5.2916457705600966,0.4701084889329022,-0.3234108676118375,0.6488529671127711,35.111111111111114,9
8,30,70,22,28,0.7770795175767219,6.331133959616297,0.47962176579707627,-0.3303912979783,0.6581952751070399,33.55555555555556,9
8,30,70,22,36,0.7534137806587687,5.730211439118942,0.4275676845553354,-0.35315533556194606,0.6389099725911871,32.22222222222222,9
8,30,70,22,44,0.7829504993769736,5.2525897133415524,0.42148609649061913,-0.3721628800208845,0.672214633513544,30.77777777777778,9
8,34,35,8,20,0.49384682200299757,3.1200107072174386,0.21693259323060698,-0.44969024050551354,0.590991167190934,92.33333333333333,9
8,34,35,8,28,0.5676921304755957,4.87342502112559,0.2934611250253117,-0.39766159789353484,0.5803506411130722,86.0,9
8,34,35,8,36,0.6044373988170572,3.2390931119136357,0.32820907179761016,-0.369035062304361,0.5799402167983386,80.0,9
8,34,35,8,44,0.6306221749502261,4.324128034248517,0.3205729154820382,-0.3888607597599944,0.5841516938701447,79.11111111111111,9
8,34,35,10,20,0.5292271875358519,3.362894165630276,0.24958770556448476,-0.43969981891064897,0.5849176046926581,83.88888888888889,9
8,34,35,10,28,0.5653725818167442,2.879430046798894,0.25891831494362055,-0.42245169806192245,0.5928441494662589,76.77777777777777,9
8,34,35,10,36,0.6569942108868245,4.501324912832768,0.3313966812005951,-0.3952146379835115,0.5900155681035036,71.77777777777777,9
8,34,35,10,44,0.6175618428974635,4.068249036543797,0.31756158868556184,-0.4171606666182661,0.5901067849913717,70.22222222222223,9
8,34,35,14,20,0.5578972056975025,2.4601809590373875,0.2731920255713014,-0.4165255206794371,0.5978838730488726,74.88888888888889,9
8,34,35,14,28,0.6242340438765105,3.4052338774041804,0.31730053492537297,-0.39257463768344114,0.6199605041587279,66.55555555555556,9
8,34,35,14,36,0.720660426815857,5.046749562042297,0.39709788782458344,-0.37338701824724385,0.6554678280066286,62.111111111111114,9
8,34,35,14,44,0.6373770515467432,4.180285460640202,0.3290617335615687,-0.4054830167502438,0.6157058686542185,59.55555555555556,9
8,34,35,18,20,0.6170100568208284,3.7220521535113087,0.3152257206455702,-0.3939565700186472,0.6210464179760984,66.44444444444444,9
8,34,35,18,28,0.6498703618884416,3.8140520656302335,0.33869367032495873,-0.3902684185403002,0.6399463730916516,58.22222222222222,9
8,34,35,18,36,0.6393951435463187,3.62415175297316,0.33640741560406834,-0.3861846854290778,0.6209557834411635,54.666666666666664,9
8,34,35,18,44,0.6000371623623313,3.5286410652437685,0.3133941932329896,-0.3853974467736801,0.5944573292403914,52.55555555555556,9
8,34,35,22,20,0.6580217446582111,4.914545768727248,0.3776471650577928,-0.38033316878710016,0.6257922225368844,62.0,9
8,34,35,22,28,0.6322659917711982,4.0531022013742835,0.3412804822413093,-0.3742938886138484,0.6189613959541798,55.333333333333336,9
8,34,35,22,36,0.6716705415428784,5.239495273630727,0.39757202492703914,-0.34369555419333686,0.6185591640935191,52.111111111111114,9
8,34,35,22,44,0.7565185815128389,6.906197141064891,0.5017973135673748,-0.32443051172107645,0.6307320382567903,48.55555555555556,9
8,34,40,8,20,0.5578377701674995,3.1230292302196125,0.26413655972566663,-0.4528724215882721,0.5819404658233956,82.11111111111111,9
8,34,40,8,28,0.5989200461434363,2.8491161410140875,0.2900663337545796,-0.41308439838488803,0.5858922074738853,72.77777777777777,9
8,34,40,8,36,0.6357724525592272,4.340265807951542,0.3048241717933693,-0.4108670209468922,0.598767949185093,68.44444444444444,9
8,34,40,8,44,0.59904080581675,4.1909796163106074,0.29736657423557156,-0.4205837126368716,0.5814138049938031,65.55555555555556,9
8,34,40,10,20,0.5696466430305889,2.813768960638831,0.26880705996201737,-0.44430683854322994,0.590734165934873,75.11111111111111,9
8,34,40,10,28,0.6076591128724471,4.122663810748254,0.3014914387280027,-0.403609026822923,0.5834440722924891,67.11111111111111,9
8,34,40,10,36,0.6286421407422019,3.5666879858424614,0.30855726994593646,-0.4111469916766837,0.605527966742294,62.77777777777778,9
8,34,40,10,44,0.6217020525036978,4.118953098867617,0.3258802414681947,-0.40344785048532267,0.5847112552345882,59.0,9
8,34,40,14,20,0.5805469192986291,2.838294810629309,0.27699949894762343,-0.41150593361738974,0.6013705889837941,67.22222222222223,9
8,34,40,14,28,0.6232261789012093,3.140993617149727,0.2982244100388663,-0.4144013886895772,0.6280527959802578,58.888888888888886,9
8,34,40,14,36,0.6029229952660252,2.9015578197001535,0.2984972061859155,-0.414968482128373,0.614483629245534,52.77777777777778,9
8,34,40,14,44,0.6290958810791492,3.349409416349695,0.3183540780099602,-0.3902010065114174,0.6185407661425049,51.22222222222222,9
8,34,40,18,20,0.583281903280064,3.2449107168523357,0.2812083459914113,-0.41671470636804975,0.6195172381535857,58.44444444444444,9
8,34,40,18,28,0.6207581801084514,3.5989251470777504,0.2980718435704354,-0.41168209202763156,0.6096730512158789,53.333333333333336,9
8,34,40,18,36,0.6678536823000064,5.2735608458804455,0.3761450190931628,-0.37047003740219187,0.6173987227741339,48.888888888888886,9
8,34,40,18,44,0.7056393502747461,5.725158058847826,0.41930481783944423,-0.3360131700509603,0.6420854555300406,46.44444444444444,9
8,34,40,22,20,0.630189245976351,4.240811638036756,0.3309909820462042,-0.3827636391778243,0.6132006123816327,54.666666666666664,9
8,34,40,22,28,0.6510446196356608,4.025213748926891,0.36803523903848934,-0.35900650963884156,0.6002929365154965,50.333333333333336,9
8,34,40,22,36,0.6665360886601758,3.803199349533216,0.4121398829794201,-0.3320698172044101,0.630970807014814,45.888888888888886,9
8,34,40,22,44,0.7780733179575718,5.426322155168164,0.5109042561606748,-0.3110092497967671,0.6719090936650761,42.888888888888886,9
8,34,50,8,20,0.5460644540889912,2.4715142673496207,0.26409266067313886,-0.4023172691052881,0.5977617606084843,60.111111111111114,9
8,34,50,8,28,0.5902973652519287,3.1880962276329803,0.3011698211418303,-0.41437810896820115,0.6234913251933815,53.0,9
8,34,50,8,36,0.6213741356563615,3.9212171732317893,0.3075465680691974,-0.3949620407051233,0.5983693816718794,48.77777777777778,9
8,34,50,8,44,0.6841849703550344,4.983034892063149,0.38980377968078667,-0.3551799815214155,0.6163223425441953,45.888888888888886,9
8,34,50,10,20,0.5551151303972559,3.206957895135089,0.26023971673527085,-0.40767878624268117,0.6021480930251087,57.888888888888886,9
8,34,50,10,28,0.639411637130265,4.111646907947039,0.34901443730708337,-0.3617383218859646,0.6057568750770748,51.333333333333336,9
8,34,50,10,36,0.713101082694301,4.569648952968643,0.40623768146337075,-0.36560953194637835,0.60581944361669,47.888888888888886,9
8,34,50,10,44,0.7286878123402529,5.74500354702972,0.47182146121561697,-0.3412796847823938,0.6297739485335175,45.0,9
8,34,50,14,20,0.6463786354075718,4.930230040850656,0.3587573532790234,-0.36195932398081926,0.6244794290319483,54.55555555555556,9
8,34,50,14,28,0.6964128519251176,4.520918448432007,0.4160394483860156,-0.34255865162278054,0.6260411018827031,49.333333333333336,9
8,34,50,14,36,0.6701282075056088,5.205061039563019,0.4176126768339822,-0.34486555953638937,0.612765334504465,45.22222222222222,9
8,34,50,14,44,0.713847688836283,4.757359808575846,0.4469341624045765,-0.33217057644676906,0.6340549176833672,42.111111111111114,9
8,34,50,18,20,0.7062214421015801,5.130032510111075,0.42432733504057907,-0.34126486622555785,0.6332272310633654,50.666666666666664,9
8,34,50,18,28,0.640824496147661,4.4198909505763275,0.4013359363379988,-0.3406724611344482,0.6061087698861365,46.77777777777778,9
8,34,50,18,36,0.7244109907385343,6.7596054334451745,0.47162608922929444,-0.32881886279125644,0.6447961655926093,43.0,9
8,34,50,18,44,0.701509644707848,4.715090048811858,0.4012694646739028,-0.35009270561090955,0.634464479813317,40.0,9
8,34,50,22,20,0.6503527925928041,3.8892411557765985,0.3933808944991253,-0.34189719079683856,0.6113323568712097,47.111111111111114,9
8,34,50,22,28,0.6923542036703695,5.429740849118041,0.42275543219518896,-0.3379938787373182,0.638380927007952,44.0,9
8,34,50,22,36,0.7548185328924795,5.492618371217154,0.4513910759927859,-0.34001091094310987,0.6680969816934729,40.333333333333336,9
8,34,50,22,44,0.7651005252580334,6.817325737191461,0.46518928435827334,-0.34044758248737383,0.6479595087438224,37.0,9
8,34,60,8,20,0.6507560952362803,3.6501426021627896,0.3466223634844064,-0.3831637536206773,0.6096413049170637,47.666666666666664,9
8,34,60,8,28,0.7115553698823933,5.05101144589512,0.42389405978713435,-0.35625803103554987,0.6082581580941002,43.44444444444444,9
8,34,60,8,36,0.6570124111517924,4.8389958542499905,0.3851647482536423,-0.35459914429327183,0.6296707484406318,40.666666666666664,9
8,34,60,8,44,0.755399050641987,6.388240269361056,0.46520713192271146,-0.32395297860582,0.6553476740783242,37.0,9
8,34,60,10,20,0.6961484450464961,4.162766844025481,0.3722648611890499,-0.3758904117583763,0.6024703297752942,46.333333333333336,9
8,34,60,10,28,0.6741333425431343,4.6766982992617105,0.4057745461627149,-0.3559272871024132,0.643909423626556,42.111111111111114,9
8,34,60,10,36,0.6868149380947238,5.4041048986611315,0.4086266349071116,-0.34875767307577704,0.6401789358892483,39.55555555555556,9
8,34,60,10,44,0.7566150853301046,6.679107861739555,0.47267959759016187,-0.3217619787409849,0.6457927624594292,36.22222222222222,9
8,34,60,14,20,0.6980185054554908,5.267971018032116,0.43209938536075226,-0.346445655409126,0.6542559869320907,43.333333333333336,9
8,34,60,14,28,0.6848330762454413,5.067467903230015,0.41305536852645847,-0.33345996366394076,0.6198327869059577,40.333333333333336,9
8,34,60,14,36,0.7350534076643075,5.095389244501004,0.42835318679454626,-0.3412422125503929,0.6561300926311371,37.22222222222222,9
8,34,60,14,44,0.7531732270460227,6.636632961571329,0.47226987877965215,-0.31862698933815803,0.6652057362906176,35.111111111111114,9
8,34,60,18,20,0.6587534121266703,4.5828060895422915,0.40492878125954196,-0.3375613395311839,0.6438672438672438,41.22222222222222,9
8,34,60,18,28,0.7528246672226051,7.44078845844182,0.4636248929736912,-0.3334374984301553,0.6763516368779526,38.77777777777778,9
8,34,60,18,36,0.7462498808192329,5.818689163984812,0.4483807475687089,-0.3384781386755267,0.6716936640311254,36.22222222222222,9
8,34,60,18,44,0.7547193792732895,5.5490162494194495,0.4406270350085428,-0.34002306802050497,0.6359599907394026,34.111111111111114,9
8,34,60,22,20,0.7661721062704053,7.621807624190759,0.5048208811063902,-0.31443888563393113,0.6739967927387696,38.888888888888886,9
8,34,60,22,28,0.7628777842501901,6.27571617970942,0.4726410527578633,-0.3383435810203708,0.6620690470925816,37.22222222222222,9
8,34,60,22,36,0.7575955410231444,6.148249973697232,0.4490833904196422,-0.33830123384450217,0.6460463646738157,35.333333333333336,9
8,34,60,22,44,0.7288906303000342,4.885867433749728,0.39594893184712654,-0.3517346927126584,0.6441850724464577,33.44444444444444,9
8,34,70,8,20,0.6720192936952923,4.971946633107588,0.3617896943542497,-0.37227359709114277,0.6101666683560941,42.22222222222222,9
8,34,70,8,28,0.7590801357979218,6.876378565953839,0.4554116648704672,-0.3342761945155222,0.6676305575535356,37.22222222222222,9
8,34,70,8,36,0.756668484218549,5.376470251242731,0.4457605717811152,-0.33823152726760974,0.6587780353518227,35.77777777777778,9
8,34,70,8,44,0.7512009109822624,5.724616566622605,0.44606145740554015,-0.33670520690731276,0.6497877449806609,34.22222222222222,9
8,34,70,10,20,0.7121979252605554,5.169058798507272,0.4070799125001324,-0.35330069129031627,0.626606445205169,40.77777777777778,9
8,34,70,10,28,0.7878667961827998,7.038401204003594,0.48633133155911307,-0.3319247191213469,0.6666955416955417,36.111111111111114,9
8,34,70,10,36,0.7618683636164543,6.535620729138111,0.4661004112586131,-0.33084531693323593,0.6616163448271293,34.77777777777778,9
8,34,70,10,44,0.7189229032139964,5.305966253370711,0.41478905149472123,-0.3590804379401064,0.6368849560026031,33.55555555555556,9
8,34,70,14,20,0.7686719701364477,7.2823106032079785,0.47038860032820196,-0.3429302810506065,0.6427494780630884,38.77777777777778,9
8,34,70,14,28,0.7525871855892267,6.4906942536133805,0.4606872101354177,-0.3261226163179256,0.675918725189881,35.22222222222222,9
8,34,70,14,36,0.7449787819563075,7.051912121100589,0.45339251383964396,-0.3404629995178813,0.6442736185383245,33.666666666666664,9
8,34,70,14,44,0.7240912553672272,5.289606027894412,0.41574228614451747,-0.3449180679417483,0.6523593780946721,32.55555555555556,9
8,34,70,18,20,0.7664661901050698,6.8284932314039875,0.4655569667466457,-0.3316473157546487,0.6745796954259287,35.666666666666664,9
8,34,70,18,28,0.755564012475713,7.3902101619134255,0.462533859389431,-0.3410813521241096,0.6532142663191051,33.44444444444444,9
8,34,70,18,36,0.7385106541529222,6.393332269092612,0.43006282077907215,-0.3437836282903391,0.6645063572838716,32.55555555555556,9
8,34,70,18,44,0.7787164082751522,5.183155648665099,0.42148066622645836,-0.3618655650952021,0.6689638511442149,31.0,9
8,34,70,22,20,0.7532896984305336,7.080279846361056,0.462565641540204,-0.3362600568827597,0.6623296472561179,33.77777777777778,9
8,34,70,22,28,0.7832778006974306,6.764181666438936,0.4845931271322815,-0.32478538197513607,0.666256544162142,32.77777777777778,9
8,34,70,22,36,0.7454735004768476,4.9984519158129865,0.39002049899389024,-0.3751513795844349,0.6523727949961347,31.88888888888889,9
8,34,70,22,44,0.7652131409810407,4.156826397649659,0.3822391322932018,-0.3814134245761005,0.6653855439716363,30.77777777777778,9
8,40,50,8,20,0.6317139582027316,4.488169575037281,0.37992645142746845,-0.3374986962317907,0.5904365869577257,73.22222222222223,9
8,40,50,8,28,0.684618854289686,4.437038734305706,0.40303036369389367,-0.35724222188232096,0.5904440077656794,62.888888888888886,9
8,40,50,8,36,0.6475015796210575,5.837035883372987,0.3752050673811821,-0.3639122563663136,0.5869126132350675,57.111111111111114,9
8,40,50,8,44,0.7013870823741165,7.85616172178176,0.4329338557368679,-0.3549261614921477,0.6149694905633604,55.55555555555556,9
8,40,50,10,20,0.6057809059692597,3.4711372391538102,0.35708682302225075,-0.3574602393330905,0.5988524744690866,69.11111111111111,9
8,40,50,10,28,0.6569681606905756,3.674211829276431,0.3888976952801234,-0.34630110044003337,0.5850561589353278,58.77777777777778,9
8,40,50,10,36,0.6537319698775821,5.361426192773907,0.38844690919698466,-0.3611651136268942,0.5994453049806953,54.666666666666664,9
8,40,50,10,44,0.700167684500679,7.899541039019752,0.4570210109602492,-0.3308489975172895,0.6208145399749966,51.77777777777778,9
8,40,50,14,20,0.6441814600865674,3.8279169909436326,0.37783594807811544,-0.34254701977731616,0.5962629070750296,61.111111111111114,9
8,40,50,14,28,0.6367111099009626,4.056342555421248,0.4054118159961015,-0.329476472264133,0.6076156231715311,53.333333333333336,9
8,40,50,14,36,0.6780234619711573,7.556247263508889,0.4586998399788205,-0.3240778230204313,0.6316283936742546,48.333333333333336,9
8,40,50,14,44,0.7316405457161058,6.7425407742602355,0.46754267273724026,-0.3251633040503248,0.6565055401123893,45.666666666666664,9
8,40,50,18,20,0.6426373567867832,3.5254406327620185,0.3890643796415386,-0.3326028528192237,0.6002254320739147,55.111111111111114,9
8,40,50,18,28,0.7131450813871427,4.9048717798831705,0.4397728995435346,-0.33368225272371516,0.6404241882003875,48.77777777777778,9
8,40,50,18,36,0.7287252794098236,5.955400816222421,0.45905765336680115,-0.331028878591693,0.6448705407175406,44.44444444444444,9
8,40,50,18,44,0.6973570695241076,4.701718326868086,0.4261373994517689,-0.33478497344042446,0.6492279867548061,42.0,9
8,40,50,22,20,0.672187811018175,4.789683627913351,0.3926316833438111,-0.34861933041957277,0.6309058966376148,49.666666666666664,9
8,40,50,22,28,0.729523738043195,6.353345920721548,0.45487258714399154,-0.3450114058601571,0.6400002489256318,45.44444444444444,9
8,40,50,22,36,0.7437376872464264,6.504204119383141,0.47304581628081305,-0.33692719080744055,0.6548421503087463,41.111111111111114,9
8,40,50,22,44,0.7077613957262195,4.168250691026443,0.3729499107524652,-0.3689089979055744,0.6645504449666016,38.333333333333336,9
8,40,60,8,20,0.6800988591868261,3.823127655510435,0.40569296068183375,-0.3387999357101865,0.6092853472260312,54.0,9
8,40,60,8,28,0.6879001386294192,5.458570693185945,0.42263428437152417,-0.33745948618427574,0.6538258612109661,47.111111111111114,9
8,40,60,8,36,0.7387071176102281,7.586557665725838,0.4830121032188121,-0.32196749307058464,0.6433226066577074,41.888888888888886,9
8,40,60,8,44,0.7445168399416744,6.703350974802982,0.48293887870889507,-0.31476570074850874,0.6409982758971723,39.888888888888886,9
8,40,60,10,20,0.6808526292212312,4.474896983750568,0.432850427501763,-0.3245106461767448,0.6199732777510555,52.111111111111114,9
8,40,60,10,28,0.7057445343288171,8.041856633347082,0.45263385706070913,-0.33496751411347697,0.6446880297327415,45.888888888888886,9
8,40,60,10,36,0.7241780526743249,6.709715425086734,0.4688806246292326,-0.3216881983712066,0.6567716986416173,41.22222222222222,9
8,40,60,10,44,0.7687120292737244,6.260803066167482,0.473899823332667,-0.3273011211138413,0.6500705882284828,38.55555555555556,9
8,40,60,14,20,0.7218752135399169,7.969211169596589,0.4587996526186623,-0.3341967065454312,0.6499231109991612,49.0,9
8,40,60,14,28,0.7348697909685784,7.709739755146272,0.488123374880601,-0.32365123604389473,0.6240852964355823,44.22222222222222,9
8,40,60,14,36,0.7580979276334021,7.5064564358212085,0.4747574619138344,-0.3335921196776867,0.641002759423812,39.77777777777778,9
8,40,60,14,44,0.7475890919628244,5.166403029219076,0.4504767884621505,-0.3262546259483379,0.6559293833803638,36.44444444444444,9
8,40,60,18,20,0.731082506658059,8.25160273602998,0.48930019701893823,-0.3174030794698354,0.6501394350887714,45.55555555555556,9
8,40,60,18,28,0.7539300038497939,6.03414082714374,0.4993010067434089,-0.32215763460419977,0.6486547718018696,41.888888888888886,9
8,40,60,18,36,0.7383294621249253,7.82567740969121,0.43717427591972347,-0.3442215395722963,0.6655776655776655,37.77777777777778,9
8,40,60,18,44,0.67441962656428,4.394790279784567,0.35632297769356436,-0.3675715666387343,0.6248175027586793,35.0,9
8,40,60,22,20,0.763966289428462,7.120909441159515,0.5284790955645409,-0.3144383164488441,0.6479109266434478,42.22222222222222,9
8,40,60,22,28,0.7644267138800882,9.449406242021404,0.47238138762696974,-0.3423706124239791,0.6602178272203449,39.55555555555556,9
8,40,60,22,36,0.7197745819409163,4.8132338165459325,0.4155341413096787,-0.3413521389824049,0.6477465537321058,36.0,9
8,40,60,22,44,0.7039244668809262,3.72220391333904,0.3613152177290307,-0.36665151072456453,0.6485942478352346,33.888888888888886,9
8,40,70,8,20,0.7303994726919936,9.626548039971844,0.4940872039932845,-0.31605926245451177,0.6420068954628788,44.111111111111114,9
8,40,70,8,28,0.7737176630454878,8.864969370571824,0.5159623357083872,-0.31226153595275263,0.6592845544065056,39.22222222222222,9
8,40,70,8,36,0.7522265143508335,6.780556669200379,0.48260197595305165,-0.3163454701229529,0.6393340118830315,36.0,9
8,40,70,8,44,0.7088149230480706,4.434646505775714,0.4001077220185991,-0.3383769704604995,0.6580397672309437,34.77777777777778,9
8,40,70,10,20,0.7121880428901689,7.865887214270044,0.4650003568683913,-0.329360514224039,0.6296279621080069,41.666666666666664,9
8,40,70,10,28,0.7812175348214585,10.716416202923048,0.4991648605129834,-0.3267933530645878,0.6820280150757507,37.888888888888886,9
8,40,70,10,36,0.7387815239189283,6.390037230052259,0.4386677999155497,-0.33835310050504214,0.6599948756020864,35.111111111111114,9
8,40,70,10,44,0.7236222958349331,4.439241733013465,0.40650845190288976,-0.34726716654735934,0.6382948342507166,34.0,9
8,40,70,14,20,0.744848901973587,9.280749562686204,0.49427286118275643,-0.32352904492664275,0.6631053700209146,39.0,9
8,40,70,14,28,0.8225540948522387,10.294362769934297,0.5338922060337455,-0.32035332096178065,0.6788648720021269,35.77777777777778,9
8,40,70,14,36,0.7372338036712469,4.932294385183333,0.43858389123232755,-0.3368164270215946,0.6445702957487638,33.77777777777778,9
8,40,70,14,44,0.7373475748940532,3.8242976725249966,0.3853474286023501,-0.36216633090307426,0.6648767082590612,32.44444444444444,9
8,40,70,18,20,0.7691534309170313,7.489000571023068,0.4890009019723895,-0.3245993904573617,0.670575316725484,36.44444444444444,9
8,40,70,18,28,0.7414378727643959,5.423286327368583,0.4555583156886977,-0.3303125953510639,0.6443863333606666,34.111111111111114,9
8,40,70,18,36,0.7119454504958104,4.09429869384349,0.37089528154087886,-0.3681713466302484,0.657972331976127,32.666666666666664,9
8,40,70,18,44,0.7154132591760359,3.6779919226282356,0.35772859282003516,-0.37105133953210834,0.6512205221972611,31.333333333333332,9
8,40,70,22,20,0.7694933910485146,5.348207021921155,0.46678449739960165,-0.3289736059453726,0.6365863938167861,34.22222222222222,9
8,40,70,22,28,0.7151463822403894,4.61699042486108,0.40035669336514523,-0.35761006787586574,0.6570332287362647,32.888888888888886,9
8,40,70,22,36,0.6962170389537026,3.338410892983128,0.33776110165257406,-0.3879897572832498,0.6549807052178969,32.111111111111114,9
8,40,70,22,44,0.7213780389579509,3.4745679326803733,0.33062760801691016,-0.3988344559467741,0.6373079292896247,30.555555555555557,9
10,15,35,8,20,0.506564178005117,3.223822168335701,0.2390043192657514,-0.4390068248116199,0.5768558919194363,66.33333333333333,9
10,15,35,8,28,0.49839652354223546,4.093745708055373,0.2702658451670695,-0.42529558848351673,0.5890020574964266,61.0,9
10,15,35,8,36,0.5679288110828026,4.761615217582185,0.30227480728914946,-0.41444534021501034,0.5741194827093536,55.55555555555556,9
10,15,35,8,44,0.6060905377266672,6.200538066526745,0.3461078187759068,-0.39448288096627654,0.5764250624829518,52.77777777777778,9
10,15,35,10,20,0.502581571669578,3.318830940806051,0.24708836727444128,-0.4278019164109664,0.5797262320649704,65.0,9
10,15,35,10,28,0.5092150970940554,3.5799301413521687,0.2407388451339471,-0.44013384052314114,0.580323209482295,60.0,9
10,15,35,10,36,0.5893596756802001,4.543908800331405,0.29888376411920503,-0.4105128295544343,0.5786174273950508,54.22222222222222,9
10,15,35,10,44,0.6332079977584141,8.637825411208139,0.3746626554960016,-0.387436255611362,0.5879131318417034,51.22222222222222,9
10,15,35,14,20,0.5084187858398087,3.473065551929764,0.2441059113512712,-0.42823022378477876,0.5703535160114561,62.0,9
10,15,35,14,28,0.592145562719717,4.418054106703622,0.30530445151058955,-0.4127450883319357,0.5820891546136105,56.77777777777778,9
10,15,35,14,36,0.5926609495456644,4.624297511323168,0.30370494748000604,-0.4106519534656956,0.5940258993290898,52.333333333333336,9
10,15,35,14,44,0.6124859235682082,4.197978150987729,0.32036362731176854,-0.38593153790495466,0.5572506509782724,48.333333333333336,9
10,15,35,18,20,0.5748936912428935,4.25608426539696,0.299221866250797,-0.4111608342898003,0.5708822386170036,58.666666666666664,9
10,15,35,18,28,0.56910416544725,3.1513229597605585,0.2702364967602801,-0.4330528843253249,0.5912974463266861,53.44444444444444,9
10,15,35,18,36,0.6314697897566798,5.2307226125386075,0.3308087826772741,-0.3993460482444097,0.6071890819126947,48.55555555555556,9
10,15,35,18,44,0.7252568925549181,6.341550497445057,0.40754011554612596,-0.36809299188925554,0.6253132450570225,45.22222222222222,9
10,15,35,22,20,0.525090199061018,3.8775240741217707,0.2528661941628634,-0.43130381086712277,0.5856192099716958,54.111111111111114,9
10,15,35,22,28,0.5982619216914099,3.8444755525430443,0.29452498822746626,-0.40657854870481813,0.6101255336768673,50.111111111111114,9
10,15,35,22,36,0.7346588356826925,6.038164335790453,0.40103681561464644,-0.38253552137588637,0.6311788775554331,45.666666666666664,9
10,15,35,22,44,0.7450026653775759,5.935326482821844,0.43122207810352625,-0.36609459803731387,0.6322777822379564,42.666666666666664,9
10,15,40,8,20,0.47747426649419356,3.153725510769532,0.23275847677941913,-0.4398460768075081,0.5701174295998718,63.0,9
10,15,40,8,28,0.5400187523613453,3.3015718870250215,0.2676515108578597,-0.41921804486585984,0.5749770277715962,57.44444444444444,9
10,15,40,8,36,0.6146720258968124,5.716486172271562,0.3300250338982351,-0.402282060473836,0.5799819664278721,52.111111111111114,9
10,15,40,8,44,0.6099047442422076,4.984852797135463,0.33610997651151764,-0.38807208408907884,0.569490626149118,48.22222222222222,9
10,15,40,10,20,0.5014421843541064,3.70718157879012,0.23544964342307673,-0.4587237792529121,0.5853404209520111,61.22222222222222,9
10,15,40,10,28,0.5869633052866292,4.904357038325025,0.30511430008140517,-0.40306714403711325,0.5854497384094901,56.55555555555556,9
10,15,40,10,36,0.5938585245929121,5.354134903271461,0.31644794506672475,-0.40402809288424435,0.5638817825974127,50.44444444444444,9
10,15,40,10,44,0.6474124431348968,6.629366012534594,0.3707041629527053,-0.3631367602961356,0.5892794328078016,47.0,9
10,15,40,14,20,0.5653968112656048,4.044226797071889,0.27300670147081935,-0.43214164648215375,0.5803903400349262,57.55555555555556,9
10,15,40,14,28,0.6120379000739186,4.972970709634672,0.32273520634446357,-0.41919501645981105,0.5815012836607263,53.333333333333336,9
10,15,40,14,36,0.6258875778850471,5.510042032935988,0.3387635229665824,-0.38829529834325843,0.569578338940624,48.0,9
10,15,40,14,44,0.6847586205302713,5.821209289846745,0.37777531644526857,-0.3733610468589714,0.6166779952745164,44.77777777777778,9
10,15,40,18,20,0.5683867568495873,4.639807198172189,0.2978531786243665,-0.40632826414156514,0.5790957921345915,54.22222222222222,9
10,15,40,18,28,0.5787578687224668,3.9957830273239483,0.2822576777161416,-0.4149969870451082,0.5938898460160564,50.0,9
10,15,40,18,36,0.7195411939452712,7.169849974928035,0.3852932372479977,-0.39026774748041637,0.6205884731431706,45.22222222222222,9
10,15,40,18,44,0.7391000342238895,5.707569592081811,0.4195582874613091,-0.3742339816024679,0.6336410026534347,42.55555555555556,9
10,15,40,22,20,0.5592186717157108,4.265285400240098,0.28140753342430397,-0.4127099920269075,0.5934132538919351,50.55555555555556,9
10,15,40,22,28,0.7022208985599572,5.736844601770293,0.36397283640794487,-0.3997597931260673,0.6295664684671777,47.0,9
10,15,40,22,36,0.7566413221824579,5.887227223135122,0.43152736329810404,-0.3705100914672142,0.636232479837131,43.22222222222222,9
10,15,40,22,44,0.7872223216563649,5.687942481613548,0.454236531324326,-0.3824156275726829,0.6340601280192886,40.0,9
10,15,50,8,20,0.548583208398446,5.218253902284974,0.27736257197259584,-0.4246763345514879,0.5645221996216684,60.0,9
10,15,50,8,28,0.6130787317856746,6.416872108088824,0.34436458610037146,-0.3981750639116023,0.587782859787075,51.55555555555556,9
10,15,50,8,36,0.6072728213522139,5.3657962953184795,0.33280573425286936,-0.39727635262268635,0.5799251329565429,47.111111111111114,9
10,15,50,8,44,0.6757142672930728,6.820132983891678,0.39795351400745627,-0.36374969261687784,0.6024029162371688,44.77777777777778,9
10,15,50,10,20,0.5400153409350859,4.07564045769775,0.2815306219659819,-0.3979436447690728,0.5650141853900561,58.22222222222222,9
10,15,50,10,28,0.609892172663379,4.893979490987105,0.34174740898570305,-0.37745584574427926,0.5779958795746022,49.666666666666664,9
10,15,50,10,36,0.6384552202946118,5.524848983538039,0.3543094031530851,-0.3739165180620536,0.5692778936047955,46.111111111111114,9
10,15,50,10,44,0.7093449865177317,6.412967343412702,0.41713291563565896,-0.3575576028451339,0.6137908703762363,43.666666666666664,9
10,15,50,14,20,0.5858346849490199,5.734967459072563,0.31224130166572034,-0.4072872619298478,0.58495975101371,54.666666666666664,9
10,15,50,14,28,0.609162881245653,5.3496262697106705,0.32659460856885913,-0.38840440347012195,0.5590970262128457,47.22222222222222,9
10,15,50,14,36,0.7142189952900908,5.198221474157478,0.41057835910388063,-0.36270581222895615,0.6125433464743893,43.888888888888886,9
10,15,50,14,44,0.7766765168443366,6.1723587629877175,0.4841495251260337,-0.3525893571470384,0.6400495731279086,40.55555555555556,9
10,15,50,18,20,0.6049086553981559,5.562010698419715,0.3290472787925602,-0.3810122300120928,0.5655235458399501,49.55555555555556,9
10,15,50,18,28,0.7329770036767405,6.391565988100733,0.4297528038349716,-0.35217496492836925,0.6402202035845659,44.55555555555556,9
10,15,50,18,36,0.7588416510447717,5.751906931734831,0.4556099681348979,-0.36961401643042313,0.6411555068835971,41.666666666666664,9
10,15,50,18,44,0.7667305435659753,5.943668793301216,0.45415883126272305,-0.35739856207835796,0.6378131249006428,38.22222222222222,9
10,15,50,22,20,0.7012442727485236,6.110468989123253,0.3690936241550562,-0.395054462736361,0.6136781417169134,44.666666666666664,9
10,15,50,22,28,0.7705905794269419,6.484189402836601,0.45092606774260574,-0.3656674028818285,0.642011268424579,41.77777777777778,9
10,15,50,22,36,0.7679691154034344,6.035441233961856,0.4465691686704244,-0.37388934240708027,0.6420080846268266,39.111111111111114,9
10,15,50,22,44,0.7339333127053408,5.089586386428675,0.4271252635568845,-0.3541483247285235,0.6494756445736838,36.44444444444444,9
10,15,60,8,20,0.5646864402207115,4.2761652153089305,0.3006142744108704,-0.40119322172345595,0.5791098714159486,58.111111111111114,9
10,15,60,8,28,0.5946435324204806,6.194660424361228,0.36180833996581735,-0.37149782174782864,0.5458329483203571,49.44444444444444,9
10,15,60,8,36,0.6737675202139225,8.232162768017417,0.39335961136251457,-0.3614082481815111,0.5869910280243602,45.22222222222222,9
10,15,60,8,44,0.7436011925861444,7.167446838209331,0.4479406845226561,-0.36065379122387964,0.611673699332047,42.55555555555556,9
10,15,60,10,20,0.6002008443313508,4.340673796598883,0.3294830006844449,-0.3975235323090901,0.576117008247675,56.111111111111114,9
10,15,60,10,28,0.6456361933613048,8.261301475751393,0.41855680842611726,-0.34468256473985,0.577291556959382,48.333333333333336,9
10,15,60,10,36,0.6950983756389396,8.226293311887613,0.4032499195887993,-0.36593074336654674,0.5982464729132341,44.0,9
10,15,60,10,44,0.8018590808117617,7.752392330725079,0.5239542618661777,-0.3373454221903627,0.6492034935694069,41.0,9
10,15,60,14,20,0.6806976168016702,10.313302680270258,0.42251468322529184,-0.37212219267593083,0.5682589175671171,51.77777777777778,9
10,15,60,14,28,0.6955768304963046,7.4823799261679085,0.4232097135651193,-0.35645650475521146,0.6054016637363469,46.111111111111114,9
10,15,60,14,36,0.7802112035742224,7.03381150929162,0.5037693250135487,-0.3467779913243315,0.6496883146647803,40.44444444444444,9
10,15,60,14,44,0.7980369862641369,6.617636905093317,0.4818086754262145,-0.3564888125450287,0.6443428749005281,38.333333333333336,9
10,15,60,18,20,0.6506713146576464,5.202692606232441,0.3775010842638109,-0.3603286715728417,0.5996677263983121,48.22222222222222,9
10,15,60,18,28,0.7421429814753447,5.9571374472076775,0.44786107159396693,-0.3577667005960124,0.6150310516598835,42.888888888888886,9
10,15,60,18,36,0.751329374337433,4.59614719203413,0.4439583314507567,-0.3594878168881879,0.6137013018629722,38.22222222222222,9
10,15,60,18,44,0.7426429924469365,4.6539820176047995,0.42027221013504196,-0.35207598492302244,0.6496017548649129,36.44444444444444,9
10,15,60,22,20,0.7549005312524645,5.99223039573618,0.4524955783683229,-0.35519133861245167,0.6267693340657533,43.44444444444444,9
10,15,60,22,28,0.7531714674992561,4.512838197705071,0.4346796775306496,-0.36888936359611135,0.6261816682976289,39.55555555555556,9
10,15,60,22,36,0.7373683603632976,5.113714290697384,0.43627952839730705,-0.3570645431056551,0.6337850548376864,36.666666666666664,9
10,15,60,22,44,0.7389017319774449,5.116942941668651,0.4235740535717092,-0.35045748663030907,0.6466759683671449,34.0,9
10,15,70,8,20,0.6394464851457752,5.400172134250378,0.35893258652861,-0.40600423143041897,0.584283733049102,58.0,9
10,15,70,8,28,0.6311409903466703,8.660869643615989,0.36893623467969117,-0.3772101741568533,0.558057643572856,50.22222222222222,9
10,15,70,8,36,0.6927903756946904,7.86131185705455,0.4213341207642556,-0.3633853762955915,0.5755333720188158,46.0,9
10,15,70,8,44,0.7600152694849865,6.470392007948255,0.4685241433580775,-0.349408531114911,0.6076969901766852,43.0,9
10,15,70,10,20,0.6267659419793459,6.950141590782565,0.37418015519763004,-0.4011362147876001,0.5790336323754491,55.55555555555556,9
10,15,70,10,28,0.6675702892625736,8.800999087246748,0.40736769650803123,-0.36288904100281744,0.5775560721043407,48.77777777777778,9
10,15,70,10,36,0.7064000888886918,5.689917338187396,0.41810834958744664,-0.3670507707096784,0.5925470780223606,44.333333333333336,9
10,15,70,10,44,0.7649850358051766,5.679429509759551,0.4794037840360084,-0.3469626494286705,0.6290196609008742,41.0,9
10,15,70,14,20,0.6419785390705474,6.663941723687419,0.3741231803192092,-0.36829485659818206,0.5574287739037663,52.0,9
10,15,70,14,28,0.648223104409602,4.479802721257899,0.37267613295537916,-0.3729860991866063,0.5778326889060094,46.888888888888886,9
10,15,70,14,36,0.7521221588059676,5.267165810582963,0.46697060530884765,-0.348062607506554,0.6284130800353862,41.22222222222222,9
10,15,70,14,44,0.7737720870309217,6.017125661722638,0.46829363068322283,-0.351372538805225,0.6292123046509012,38.22222222222222,9
10,15,70,18,20,0.6407540217281733,5.142075161059541,0.3680511236076153,-0.3798875624627475,0.5682556557193388,47.77777777777778,9
10,15,70,18,28,0.7219910787638353,5.690953604326609,0.4246693813645336,-0.3679171604169443,0.5979395676101102,43.111111111111114,9
10,15,70,18,36,0.7860379346482536,5.13400850153778,0.4651113303873444,-0.35513928938523354,0.6246059825007193,37.55555555555556,9
10,15,70,18,44,0.751050582792751,5.84639119400206,0.4745764605486593,-0.32641514473450095,0.6291569382384655,36.0,9
10,15,70,22,20,0.7132956912710471,6.496687366550233,0.4076497155946987,-0.3754745910133264,0.5942931563596711,43.22222222222222,9
10,15,70,22,28,0.7584756645172787,5.209513813377537,0.4289191129553086,-0.3730989501340537,0.6191001875212403,38.77777777777778,9
10,15,70,22,36,0.7966615428181929,5.693688103677598,0.4849600973746584,-0.33639869708731385,0.6367823239856264,35.55555555555556,9
10,15,70,22,44,0.7340258966390807,4.667511851149509,0.41822484299777335,-0.35655872482674594,0.6363632237406747,33.333333333333336,9
10,20,35,8,20,0.509610748725439,3.509019157896793,0.24455915468876427,-0.4344494805176537,0.588814666428046,67.0,9
10,20,35,8,28,0.5653618029991465,3.9221702947549,0.2764478533166377,-0.43310400762954654,0.5868263286146772,60.888888888888886,9
10,20,35,8,36,0.5598883682256458,4.639555254135655,0.3011185118571052,-0.4153424188686175,0.5874557970431994,54.888888888888886,9
10,20,35,8,44,0.5664495860167348,4.5940514243402815,0.2905296984026081,-0.39967115626834654,0.5763938757425348,53.333333333333336,9
10,20,35,10,20,0.5682640447895737,4.119808516538752,0.29140237370201644,-0.40163606720220835,0.5892191585133127,65.77777777777777,9
10,20,35,10,28,0.5666668002502231,5.235002717985416,0.30008384588542597,-0.4122549482908168,0.5733388891575372,59.22222222222222,9
10,20,35,10,36,0.5790335007472898,3.2764736697680314,0.2918365289903246,-0.3932277778502576,0.5999759264484045,54.111111111111114,9
10,20,35,10,44,0.6188107007216402,4.738537888209,0.327203027530337,-0.39010819578795103,0.5898743353444572,51.666666666666664,9
10,20,35,14,20,0.5104366519152131,3.6123086398698536,0.256096660751971,-0.43666197977159044,0.5776426083429199,63.0,9
10,20,35,14,28,0.5337195941176914,3.531278433067685,0.2572510515444557,-0.4199341746204439,0.5843440151529871,56.111111111111114,9
10,20,35,14,36,0.597253911681026,3.122381459867271,0.2809939094864489,-0.423866605840417,0.6047571722939902,51.333333333333336,9
10,20,35,14,44,0.6952357062412466,4.730951104547192,0.35616420305859414,-0.3932335261187634,0.6118396956205994,48.888888888888886,9
10,20,35,18,20,0.5153872496803164,2.9554301152595266,0.23947229434548267,-0.4372704849963365,0.5850962866793787,58.77777777777778,9
10,20,35,18,28,0.6452031247392997,4.180330780017062,0.3336735300532231,-0.3868813731739468,0.612802031640007,53.0,9
10,20,35,18,36,0.7253152251187336,4.751466299334412,0.3718799927668918,-0.3975791155632123,0.6311932604347036,48.55555555555556,9
10,20,35,18,44,0.7989888450701788,6.376533376876173,0.46847027093381577,-0.3703901035167363,0.6351964178859495,45.55555555555556,9
10,20,35,22,20,0.6284458430433126,4.421205044238794,0.3141137092548948,-0.40481227139833764,0.6064002096385868,53.55555555555556,9
10,20,35,22,28,0.7287793914084099,4.682914998962705,0.39328168165390115,-0.380004186425398,0.6279435818355931,49.888888888888886,9
10,20,35,22,36,0.761551001546525,7.163808379989326,0.4354232157371163,-0.3739728586487444,0.646527637283756,45.666666666666664,9
10,20,35,22,44,0.7860463631739693,6.4964268623862615,0.4594651466619216,-0.36712255884799117,0.6340196911902338,42.666666666666664,9
10,20,40,8,20,0.5606415306645283,4.459625482579913,0.2780561807677818,-0.42698282149675443,0.5722827040206869,61.111111111111114,9
10,20,40,8,28,0.589417654011879,5.4727763116666095,0.3195697853219545,-0.40295932700237524,0.5819173119550911,55.22222222222222,9
10,20,40,8,36,0.5996240621874414,4.530019020658759,0.3166054780074829,-0.3907529161167169,0.5799202394624486,50.22222222222222,9
10,20,40,8,44,0.6769440183360531,6.122415131113486,0.35179801890537427,-0.3965768142591781,0.5993869887949442,46.77777777777778,9
10,20,40,10,20,0.5765104552045934,4.473740072935213,0.2883083714819951,-0.4228884602015641,0.5824978009465358,59.0,9
10,20,40,10,28,0.5530817396572787,3.6516399928539136,0.26143199532222666,-0.42928161786981356,0.5899647762856071,54.22222222222222,9
10,20,40,10,36,0.6139724604198018,4.134487088124301,0.31210995048574286,-0.3985116923014795,0.6066588744260561,49.44444444444444,9
10,20,40,10,44,0.6867497471748584,5.69847002526237,0.35905305991745246,-0.3897249727651245,0.6166750633499767,45.666666666666664,9
10,20,40,14,20,0.5450987937625247,4.441754818875917,0.25929528475804037,-0.43773620982254463,0.5744710327832353,56.22222222222222,9
10,20,40,14,28,0.6145070460389428,4.474811813446008,0.3122205811372595,-0.39937705754462205,0.605265387170149,52.22222222222222,9
10,20,40,14,36,0.7030447010093722,5.790730076816658,0.3542620046974591,-0.4111103364165358,0.6208091065254004,47.44444444444444,9
10,20,40,14,44,0.764507709049487,6.129437150917357,0.4257340886354479,-0.3774785759684033,0.6424334344455679,43.666666666666664,9
10,20,40,18,20,0.6039549744227185,5.051792779266044,0.3219439586025341,-0.3915740233427342,0.6104037340096041,53.333333333333336,9
10,20,40,18,28,0.6885733588968425,3.81631432728809,0.36039998366695747,-0.39052329747929765,0.6140387074176481,49.77777777777778,9
10,20,40,18,36,0.7618921660277688,7.416906581434464,0.457863392128884,-0.37983603541516137,0.647290795980998,45.22222222222222,9
10,20,40,18,44,0.7605960717908419,5.3753177297396775,0.4281939438741494,-0.3799650425708203,0.6337078896258325,42.333333333333336,9
10,20,40,22,20,0.6824146961196598,4.4815287752715385,0.3623703217130283,-0.3779281840386747,0.6344040797583551,50.22222222222222,9
10,20,40,22,28,0.7477086021526591,7.267229039044491,0.43391686407066227,-0.3575914578685401,0.6311245871656206,47.0,9
10,20,40,22,36,0.7605068697339243,6.167615398122302,0.4552164417130789,-0.36467731778623724,0.6354209799861974,43.44444444444444,9
10,20,40,22,44,0.7758235656355166,5.291066699891704,0.45066041776955884,-0.36979691640834855,0.6410848363351573,40.22222222222222,9
10,20,50,8,20,0.600722324790115,4.837618748419264,0.31805593535932786,-0.4085298097963999,0.5699542522251159,53.333333333333336,9
10,20,50,8,28,0.6243794710603244,4.6363106322788274,0.34423343038197984,-0.3833160615869857,0.5849954637136531,48.0,9
10,20,50,8,36,0.6867148056993129,4.485840176845622,0.3659879715464691,-0.37826733928302614,0.6213562470808847,44.333333333333336,9
10,20,50,8,44,0.7380468776826185,6.148709285996718,0.4432324774616592,-0.3634277279472146,0.6288662517718722,41.77777777777778,9
10,20,50,10,20,0.566349025511554,5.088178584823589,0.3264070264387127,-0.3884649637772137,0.5869832659596131,52.44444444444444,9
10,20,50,10,28,0.6239806393391691,4.345425835025207,0.3231067072870204,-0.3929516790909705,0.5992177583212119,47.0,9
10,20,50,10,36,0.7370374457890094,6.073498149697983,0.43898903577424025,-0.35324081738233654,0.634411457060803,43.77777777777778,9
10,20,50,10,44,0.7573045172504231,5.704903604739903,0.4312834075154878,-0.380533412760953,0.6336986505006743,41.111111111111114,9
10,20,50,14,20,0.5964985052085139,4.074882195278464,0.30445046396637576,-0.4037663080310099,0.5879237595018385,49.22222222222222,9
10,20,50,14,28,0.7609635738173739,6.732367455385951,0.4634102702206153,-0.3488665451411077,0.6292942948927267,44.888888888888886,9
10,20,50,14,36,0.7542683571874521,6.111528555179938,0.43063146209704206,-0.3773479910746,0.635946556855416,41.888888888888886,9
10,20,50,14,44,0.7599329672073503,5.430671264457218,0.44291796995125643,-0.3700655462291194,0.6311119287691817,38.77777777777778,9
10,20,50,18,20,0.7479972518387377,6.728236317678138,0.40226888078218453,-0.39471141257522047,0.6224383853712497,46.111111111111114,9
10,20,50,18,28,0.7461087077591962,6.23256647275605,0.43317199248857463,-0.37394912914800116,0.6347941392515035,43.0,9
10,20,50,18,36,0.7629925835929515,5.693633867766085,0.4334114516715866,-0.37671315545014766,0.6339888198084453,40.55555555555556,9
10,20,50,18,44,0.7435988893196719,5.087850859253806,0.42020255784745125,-0.3622933103656377,0.6285519086602679,37.55555555555556,9
10,20,50,22,20,0.7683979828173806,7.205937305178655,0.4450927335899642,-0.36489518555097106,0.6386159042402544,43.77777777777778,9
10,20,50,22,28,0.7436139307825994,5.995692493839216,0.4138057846715094,-0.37937878741199405,0.6405803163035153,41.666666666666664,9
10,20,50,22,36,0.7144699321960624,5.274737094478492,0.40307972147401616,-0.3643562518769655,0.631107035828398,38.22222222222222,9
10,20,50,22,44,0.7558320264582508,5.65986048489322,0.463235211266114,-0.33252605553034775,0.6540361458318116,35.888888888888886,9
10,20,60,8,20,0.6151889568866188,5.815852950373235,0.36015023190711415,-0.37541023665566237,0.5782313571922371,51.55555555555556,9
10,20,60,8,28,0.6889667469808949,7.3599932795636205,0.39715658110298474,-0.36957823326800426,0.5959803641832402,45.77777777777778,9
10,20,60,8,36,0.7920735733129977,7.542349126218984,0.49742612633382194,-0.34954008611320275,0.6411191310314117,41.0,9
10,20,60,8,44,0.8121527000041474,7.778589794600773,0.5137439446396422,-0.34390321182562217,0.6410810674560077,38.55555555555556,9
10,20,60,10,20,0.66030120616174,5.952702225081816,0.3885568648795556,-0.35882354056885973,0.5677517658316332,50.55555555555556,9
10,20,60,10,28,0.7108571785047655,5.586800685899405,0.41199545090823697,-0.3657351823825832,0.6149566060322115,44.55555555555556,9
10,20,60,10,36,0.7733302201752326,5.859150040336573,0.4833725240462265,-0.34636497077902195,0.6371471121471122,40.333333333333336,9
10,20,60,10,44,0.7812475369236508,5.667124644951691,0.448016040884822,-0.35286638917913266,0.6285218178407033,37.888888888888886,9
10,20,60,14,20,0.7067542069809933,5.458844119776733,0.43025624032967924,-0.36328666006547305,0.6162075096300025,47.333333333333336,9
10,20,60,14,28,0.7592636217033333,5.770452932476875,0.4738082592032953,-0.3496033263924533,0.6301477066588412,42.22222222222222,9
10,20,60,14,36,0.7695914777586914,5.820082668925569,0.44246587368811086,-0.37305826431605604,0.6280765122870385,37.888888888888886,9
10,20,60,14,44,0.7311668751949915,4.556797734734641,0.42284049695460557,-0.34818501966202736,0.6286631698912402,36.22222222222222,9
10,20,60,18,20,0.7443331627220957,5.333444588863338,0.435786089471113,-0.365213821089897,0.639300640160012,44.111111111111114,9
10,20,60,18,28,0.7641427456530254,5.5054496657423835,0.4314759130984114,-0.3786941721895563,0.6492289327655181,40.22222222222222,9
10,20,60,18,36,0.7460933021716768,5.102615760550087,0.4465553051522396,-0.34697057724788666,0.6278844173581015,36.666666666666664,9
10,20,60,18,44,0.7497822457565904,4.86041301830109,0.44625220907017393,-0.33982448828067374,0.657524090952301,35.0,9
10,20,60,22,20,0.7699229539391549,5.7335208895569165,0.4442686900127797,-0.37948907430367357,0.633682684902197,41.0,9
10,20,60,22,28,0.750123807676672,5.050936750261923,0.4222830315346149,-0.36769071793299646,0.6186906720962448,37.77777777777778,9
10,20,60,22,36,0.7430022756134946,4.574316617054666,0.42613088506587155,-0.3441326579311342,0.6640517446486354,35.22222222222222,9
10,20,60,22,44,0.7169462267317496,4.289856787549949,0.40709217014092447,-0.3509965683484761,0.6612930512163593,34.0,9
10,20,70,8,20,0.653746034389062,6.276486784641168,0.3869086052355104,-0.36707445929035876,0.5617857696149546,49.77777777777778,9
10,20,70,8,28,0.6749251500897941,5.106158683385352,0.39178919616816493,-0.36670302928238674,0.5918311326249821,45.333333333333336,9
10,20,70,8,36,0.7336477574433212,4.619241470583924,0.43492421247775226,-0.3529842730921604,0.6178526229575577,39.888888888888886,9
10,20,70,8,44,0.7676921865161407,4.997628883976915,0.4672064869112175,-0.3459720707924713,0.6318877353965073,37.333333333333336,9
10,20,70,10,20,0.6251418717259674,4.637273304420544,0.35929486619950546,-0.37184673764208603,0.5537729290326743,48.44444444444444,9
10,20,70,10,28,0.6831272557163449,4.688260699256006,0.390285186817984,-0.3628887356855006,0.6068141600750296,43.888888888888886,9
10,20,70,10,36,0.7619920960096951,5.017846560418864,0.4618842424623549,-0.3515863651863905,0.623594164822235,38.22222222222222,9
10,20,70,10,44,0.759905349929797,5.793662121868767,0.4549159720729759,-0.34301659028355885,0.6268850688355332,36.0,9
10,20,70,14,20,0.6314977890199671,3.8836002285887647,0.3309628520034855,-0.3914177047081118,0.6019796423776619,46.55555555555556,9
10,20,70,14,28,0.7324760260246317,5.314826772250299,0.4260624621082043,-0.36087493244461794,0.5985141395464582,41.333333333333336,9
10,20,70,14,36,0.7698061542753254,5.198670663734564,0.44813630522772335,-0.35588992531346825,0.6265917080416564,36.888888888888886,9
10,20,70,14,44,0.7577023750336552,5.716729910650149,0.4538546519257458,-0.3393055835204157,0.6447906080259022,35.0,9
10,20,70,18,20,0.7388041132904357,4.848883783709606,0.42067857478879755,-0.37203890318467864,0.6153028660842864,43.111111111111114,9
10,20,70,18,28,0.7534424194554327,5.087208046597978,0.43961212305121516,-0.3604211157515957,0.6166843359932791,38.77777777777778,9
10,20,70,18,36,0.7410754769931575,4.882413377373481,0.42872920051827035,-0.3455749256858571,0.6347635514302181,35.666666666666664,9
10,20,70,18,44,0.7062276852056321,4.279236269490884,0.3760315603937451,-0.3710067646404341,0.6429540046712723,33.333333333333336,9
10,20,70,22,20,0.7485149386622686,4.906400872969658,0.43893312775112,-0.3580884782616137,0.6020752862216278,39.0,9
10,20,70,22,28,0.754620261603033,5.403930958548326,0.4385550791708959,-0.34990457816686227,0.652803906209479,36.888888888888886,9
10,20,70,22,36,0.7220530542903283,4.605818672223921,0.38327993303082386,-0.36771996694161785,0.6422664436144827,34.111111111111114,9
10,20,70,22,44,0.7840605831219926,5.882449141269774,0.47203167643061306,-0.3402640571880516,0.6442398366971422,32.333333333333336,9
10,25,35,8,20,0.4632403834636555,4.313120851526396,0.24176685877658632,-0.40472120813822887,0.5941578442652845,71.77777777777777,9
10,25,35,8,28,0.4616937951445166,3.95425856707114,0.22866036396507403,-0.42589411596024596,0.5842276713624202,65.0,9
10,25,35,8,36,0.5311091001735667,2.9940065741018596,0.25917916807271907,-0.410251267214493,0.6014801282911609,60.0,9
10,25,35,8,44,0.5996015334064401,4.912381273799702,0.3149632156254402,-0.38077841545533403,0.6062172021681804,57.44444444444444,9
10,25,35,10,20,0.4741069117649187,3.7687735422921884,0.22177035393593636,-0.43652327167243904,0.5791752217118138,69.11111111111111,9
10,25,35,10,28,0.520126090252544,4.8061513316381195,0.2770112317389296,-0.41727952249975925,0.5964270961153634,63.22222222222222,9
10,25,35,10,36,0.5629161113561977,3.307507120783434,0.2718745114064665,-0.40714084064540984,0.6066836420284696,56.666666666666664,9
10,25,35,10,44,0.6397081044669626,4.3879565156968035,0.32003133856856786,-0.40006538578023115,0.6083169580248609,55.44444444444444,9
10,25,35,14,20,0.49777512336312163,2.667058016097412,0.24961752114039276,-0.41582255969717974,0.5767900086503079,64.22222222222223,9
10,25,35,14,28,0.5892803427126122,4.065436210444369,0.29999235170704364,-0.4001884439676407,0.6102541760863995,57.22222222222222,9
10,25,35,14,36,0.6879656876067161,5.232802279347093,0.36461753258559076,-0.39307834759734483,0.6202485455415888,52.333333333333336,9
10,25,35,14,44,0.6928682694534299,4.67929969846586,0.350912159493987,-0.40001128981284084,0.6061795195635439,49.333333333333336,9
10,25,35,18,20,0.5987773621481158,3.9898063507510235,0.3079469181847413,-0.4122648355298717,0.6294970900782227,58.77777777777778,9
10,25,35,18,28,0.671720241137122,4.885870748437644,0.36234534604806823,-0.3923103068191036,0.622245127727308,52.666666666666664,9
10,25,35,18,36,0.697410952514764,6.060482411411962,0.3815109790787374,-0.386746190709596,0.6314290852342248,48.77777777777778,9
10,25,35,18,44,0.7641714114648996,6.189816522385913,0.4641198576763785,-0.3614190588465613,0.6550146291864718,45.77777777777778,9
10,25,35,22,20,0.6192397307602986,3.7625189660968235,0.30314971432795645,-0.4148443520216563,0.605191425361704,54.0,9
10,25,35,22,28,0.7511231310325347,6.830205835741544,0.4754880182466418,-0.3345431625714716,0.6370876157233937,49.888888888888886,9
10,25,35,22,36,0.7071500395551764,5.6048221963337,0.3905478177180128,-0.38069896410021375,0.6158532293970442,46.0,9
10,25,35,22,44,0.7007930952872928,4.800183794766374,0.3713200759877567,-0.38695324492712657,0.6098232926919619,43.0,9
10,25,40,8,20,0.44783081049336954,3.0423224359643664,0.21021228913629325,-0.4499118018061232,0.5668378275126807,63.333333333333336,9
10,25,40,8,28,0.5320931518247067,3.60303370656901,0.25124160864240697,-0.421068430549925,0.5765733700439464,56.333333333333336,9
10,25,40,8,36,0.6297623655731628,3.469841160624307,0.3016632960000887,-0.41092775274826554,0.628843277862249,52.44444444444444,9
10,25,40,8,44,0.6882784347341174,4.71387161854911,0.3453084410703295,-0.3949237334654882,0.626295794686019,49.0,9
10,25,40,10,20,0.4949242718057486,3.3183868116714392,0.2410157461269178,-0.43019367255914187,0.5553504713919177,61.333333333333336,9
10,25,40,10,28,0.5851637404943436,3.9761153002372276,0.30313097836192543,-0.3966682556872673,0.6149106749792372,55.111111111111114,9
10,25,40,10,36,0.7036872691638982,5.317389375210635,0.36028408904279663,-0.39121735825570664,0.6202144532771352,50.44444444444444,9
10,25,40,10,44,0.6859447158972581,4.838129959802814,0.3423349552140731,-0.40269474025273433,0.6077721193443608,47.22222222222222,9
10,25,40,14,20,0.5906683166884634,4.042457834508966,0.2767331241215735,-0.42710642920312214,0.6062407363400935,57.666666666666664,9
10,25,40,14,28,0.6781615490491352,5.035003959996642,0.3569650406340535,-0.38798858666491726,0.6228347876985194,51.888888888888886,9
10,25,40,14,36,0.7197264929927892,6.309265823662205,0.4010719799363308,-0.3856013813604854,0.6179084097407079,48.22222222222222,9
10,25,40,14,44,0.7483685158200187,6.596832550572923,0.42310385665294475,-0.373494090213652,0.6245627957115669,44.666666666666664,9
10,25,40,18,20,0.6098094606581533,3.825554431135568,0.29654870207272815,-0.40990451626259694,0.6205763517528223,53.333333333333336,9
10,25,40,18,28,0.7332230269039467,6.728392588452589,0.4512123940624641,-0.33971417932236947,0.6324010768155234,49.888888888888886,9
10,25,40,18,36,0.7297818113509094,5.615250441716968,0.41984699402277137,-0.36464000921029327,0.6252509419407353,46.0,9
10,25,40,18,44,0.6925582154156513,4.845005690785971,0.3651688336352338,-0.391998421486215,0.6135808766977229,42.44444444444444,9
10,25,40,22,20,0.7419847483569115,7.051806407959505,0.47758857326209675,-0.3277738486430707,0.6477527150741648,50.77777777777778,9
10,25,40,22,28,0.7463359864727344,6.070156490688066,0.44272450614797343,-0.35109736824068627,0.6359567901234568,47.333333333333336,9
10,25,40,22,36,0.6818625597513319,4.981101926380969,0.3788801272159646,-0.37140845810015705,0.6103848126815306,43.44444444444444,9
10,25,40,22,44,0.7151327413194499,6.598361190101535,0.41324531208944765,-0.3602920004945338,0.6379610994024225,40.22222222222222,9
10,25,50,8,20,0.5436124097110036,3.629617286034403,0.2780467438929367,-0.39282089967516387,0.574746859545153,51.0,9
10,25,50,8,28,0.6865738862550939,4.478458033932207,0.37890399838990485,-0.36759113517431774,0.6032197503320375,47.55555555555556,9
10,25,50,8,36,0.7244330518973677,6.648723460531127,0.4127705987284389,-0.3725754815676577,0.6323652258016232,43.333333333333336,9
10,25,50,8,44,0.7253529266017881,4.932103975622063,0.40034227031185005,-0.37647224177316474,0.634439644730616,40.333333333333336,9
10,25,50,10,20,0.5853277113477136,3.9695178963939233,0.2936801469624277,-0.3930031977377599,0.5908512227522791,49.666666666666664,9
10,25,50,10,28,0.6853195271775824,4.952968644157794,0.38004101353461833,-0.37321292315337934,0.6138759343231562,46.333333333333336,9
10,25,50,10,36,0.7461631123956555,5.493501798036832,0.4325160671471543,-0.36484053592613497,0.6358304524687584,42.333333333333336,9
10,25,50,10,44,0.746150927669087,5.03378250727193,0.425217598140196,-0.373924992380643,0.6242351695175828,38.666666666666664,9
10,25,50,14,20,0.7423366318724961,5.747993516108786,0.4316972983120002,-0.3517911554550357,0.6350201136746882,47.55555555555556,9
10,25,50,14,28,0.7448490168553518,6.100458676205085,0.4242371588270007,-0.36689199099625347,0.6436935981715795,44.44444444444444,9
10,25,50,14,36,0.7157377006374983,5.320124815762863,0.40470598547401,-0.3689056908173042,0.6366314044561351,40.888888888888886,9
10,25,50,14,44,0.689120499294027,4.8138144804325815,0.37755954279688203,-0.371383458387473,0.6300568251032647,37.77777777777778,9
10,25,50,18,20,0.7412764578387926,6.300965880913383,0.41519778292009796,-0.37099433909881163,0.6201205704905982,45.55555555555556,9
10,25,50,18,28,0.7056251322189223,5.013297158585261,0.38971084365899117,-0.376715517115363,0.6421112119279768,42.77777777777778,9
10,25,50,18,36,0.7028081653508823,6.340810972931862,0.4049720109950202,-0.36231570427531334,0.6380124411500356,39.77777777777778,9
10,25,50,18,44,0.7373595217171958,5.05142968274163,0.43963084958984405,-0.34051483011038397,0.6418449289966317,37.111111111111114,9
10,25,50,22,20,0.7053867895770641,5.178802157880271,0.3841445599886529,-0.3742201076902157,0.6256242309994937,43.77777777777778,9
10,25,50,22,28,0.698043214025389,6.224291873712806,0.3994960666657386,-0.36809212591679513,0.6254861737703484,41.55555555555556,9
10,25,50,22,36,0.7531470432285694,5.3341641118849665,0.44237811549662753,-0.34183461455102593,0.6528522329549288,38.22222222222222,9
10,25,50,22,44,0.7173156275959316,5.041472631303563,0.4242709527545555,-0.3316143141618084,0.647061280652612,35.77777777777778,9
10,25,60,8,20,0.6948409407410897,5.513268675779231,0.4012214190853782,-0.35409304870102287,0.6270467065546269,46.111111111111114,9
10,25,60,8,28,0.7750170201226028,6.041498775373812,0.44844010667780004,-0.3715994981476867,0.6127094201323936,41.666666666666664,9
10,25,60,8,36,0.7822841319197011,6.317675186495916,0.4895786189424098,-0.3401981426934807,0.6281792202844835,39.111111111111114,9
10,25,60,8,44,0.7447280812184252,4.715065822694233,0.42999373029123195,-0.35292502375440415,0.6577827827827828,36.111111111111114,9
10,25,60,10,20,0.7662283830345751,7.190933084772679,0.470275179818876,-0.3493504121147921,0.6339197202944884,44.55555555555556,9
10,25,60,10,28,0.7613803882789942,6.630266857494685,0.4405585071304482,-0.37234227352306304,0.6418933055348256,40.77777777777778,9
10,25,60,10,36,0.7301329241523444,5.420519893539007,0.42592478704909303,-0.36047367098246696,0.6346569420098831,37.666666666666664,9
10,25,60,10,44,0.7272268138786534,5.5056738347219625,0.41276499153316126,-0.3566330799416026,0.6552014724808842,35.44444444444444,9
10,25,60,14,20,0.7626285977469203,6.605257454225982,0.4513666795902884,-0.36795730964388507,0.6391855601293565,42.333333333333336,9
10,25,60,14,28,0.7749527924141995,6.112608882712291,0.4632665559615055,-0.3775464999156232,0.6553355285308893,39.666666666666664,9
10,25,60,14,36,0.7397857713376004,5.093096198924645,0.42403883115489305,-0.36112772603127874,0.6317778642340044,36.666666666666664,9
10,25,60,14,44,0.7178704636635386,4.446594957247321,0.42021365728900156,-0.3343269489729873,0.6623290689467161,34.888888888888886,9
10,25,60,18,20,0.7639200400940452,5.965914343182452,0.4340799384195294,-0.38269060361839913,0.6396191124047351,40.333333333333336,9
10,25,60,18,28,0.7184150830053411,5.348744152281316,0.40432748130938506,-0.37104494880489197,0.6305675962538708,37.44444444444444,9
10,25,60,18,36,0.7375569830608748,4.545916578822618,0.4346085564211341,-0.33283417899922296,0.6745113078446412,35.77777777777778,9
10,25,60,18,44,0.7436859101319885,4.693943943432403,0.43660086186322195,-0.34085456346162385,0.65961865385885,34.22222222222222,9
10,25,60,22,20,0.7355657053761548,5.890045716675894,0.4199545094667251,-0.3644488228949678,0.6236576078681342,38.0,9
10,25,60,22,28,0.7625994717331435,5.705446838827921,0.459470728268071,-0.3349632520192186,0.6597314974507957,36.111111111111114,9
10,25,60,22,36,0.7455753344814355,5.654764239935067,0.45569455121178304,-0.32784669961252216,0.6476473847797376,35.111111111111114,9
10,25,60,22,44,0.7935892284987244,6.74943123058924,0.49625410677672477,-0.3237198068465158,0.6650110331957264,33.44444444444444,9
10,25,70,8,20,0.7014983089441662,5.922425746899397,0.42257663527218053,-0.35470917751359177,0.6136603906993197,44.22222222222222,9
10,25,70,8,28,0.7124676188016031,4.233282582177024,0.4297771522277414,-0.3541990892574709,0.6136769587451738,38.666666666666664,9
10,25,70,8,36,0.7632760638172482,5.5685583927989155,0.43493674641638747,-0.36238557330025284,0.6334340846724748,36.44444444444444,9
10,25,70,8,44,0.7287891495845449,5.720168847688397,0.40646770264555004,-0.35407060317004346,0.6479490742971135,34.666666666666664,9
10,25,70,10,20,0.7160803984628867,5.654036684391912,0.43158796211877104,-0.3544447976996141,0.6116521768893268,42.888888888888886,9
10,25,70,10,28,0.7394339996553095,4.578399604455438,0.4347416381504142,-0.3619369106519427,0.6126668021404864,37.888888888888886,9
10,25,70,10,36,0.7359548546457986,5.832333887066068,0.41174269441004185,-0.3619107787710693,0.6287347954014622,35.888888888888886,9
10,25,70,10,44,0.7316367527227413,5.114197721880869,0.40771348670907515,-0.3539519459609954,0.6351419187203501,34.0,9
10,25,70,14,20,0.7408227999661219,4.619470317274692,0.4286020898145052,-0.3663696432132716,0.6159270895515933,40.55555555555556,9
10,25,70,14,28,0.7573136364558365,6.377761634145003,0.4365130570385809,-0.3669196798153986,0.6438423455979901,36.888888888888886,9
10,25,70,14,36,0.7308275541954631,5.637945068775135,0.4213599729826465,-0.3441062040314951,0.6391649925963652,34.55555555555556,9
10,25,70,14,44,0.7169253443323339,5.242893429452648,0.40590981747441074,-0.35349354422129026,0.6555483051806581,33.333333333333336,9
10,25,70,18,20,0.7481755555048926,6.08939740942498,0.43388005870024,-0.3522819802700093,0.6314598137869551,37.0,9
10,25,70,18,28,0.7634601413924635,5.807397099011286,0.461734516181017,-0.3363292941724113,0.6467144951600576,35.77777777777778,9
10,25,70,18,36,0.7069267028606272,3.798322576944512,0.41725663899417165,-0.33626463831323594,0.6333216619981327,33.888888888888886,9
10,25,70,18,44,0.8034499281068558,6.5422205493631305,0.4732065165765575,-0.3452236879905716,0.6715651135005972,31.666666666666668,9
10,25,70,22,20,0.7285235730751993,4.95459427335775,0.4236736916027296,-0.3492423748914657,0.6175451072251898,36.55555555555556,9
10,25,70,22,28,0.7479316076118736,5.225757267456411,0.44364985108027644,-0.3399064366006991,0.6460972351903724,34.77777777777778,9
10,25,70,22,36,0.8063223027699404,6.527951155644904,0.4840349927396763,-0.34325432807093714,0.6762854270088616,32.888888888888886,9
10,25,70,22,44,0.7912798691675659,4.981146050484485,0.43064355730861675,-0.3659454182371961,0.6506362889983579,30.88888888888889,9
10,30,35,8,20,0.5081621075684409,3.477088011099135,0.2745563625213915,-0.4020653946214089,0.6061544865491487,80.55555555555556,9
10,30,35,8,28,0.5704902909119818,3.490482572479165,0.30517596644704903,-0.3812540934256414,0.6000952583425299,70.22222222222223,9
10,30,35,8,36,0.6303959764161866,4.820726762603429,0.35719671010209453,-0.3639818019565422,0.6100064447669878,67.55555555555556,9
10,30,35,8,44,0.6318254421863819,4.23045967041594,0.3313238287366003,-0.3784394912731618,0.6086514209676144,64.66666666666667,9
10,30,35,10,20,0.5246020977768437,3.5414880149369474,0.2701024366150071,-0.4033597068322116,0.6096321844868455,74.33333333333333,9
10,30,35,10,28,0.6066560727201686,4.425982497380093,0.31958125126210585,-0.3903355566428991,0.6131978265603617,66.22222222222223,9
10,30,35,10,36,0.6383520406963162,5.234551316852066,0.327404449306462,-0.3924282798113772,0.6087637428515245,63.55555555555556,9
10,30,35,10,44,0.6528412073078225,4.116897735590162,0.3334398073105619,-0.387626590969699,0.5962308366878898,59.666666666666664,9
10,30,35,14,20,0.5962270449360669,3.6391636450678817,0.3023673504155644,-0.41161896755836275,0.6076243501736744,66.44444444444444,9
10,30,35,14,28,0.6246811109242288,4.700802280578925,0.30895705091250975,-0.40969771061653654,0.6160587072117149,58.55555555555556,9
10,30,35,14,36,0.7151107015270867,5.815124839815911,0.38281455529682845,-0.3786933411615182,0.6352890792003444,54.44444444444444,9
10,30,35,14,44,0.7472636423042789,6.8687866997774565,0.4227179331021622,-0.38201397988569075,0.643957334738849,51.44444444444444,9
10,30,35,18,20,0.6387604537786459,4.357602274207502,0.33806393702785986,-0.40087397777939193,0.6055214817324663,60.22222222222222,9
10,30,35,18,28,0.6992161675048624,6.5213361399899386,0.3969783026854905,-0.36286535993738106,0.6451989054961063,53.666666666666664,9
10,30,35,18,36,0.7126798394848639,5.663234020450342,0.39028376302132234,-0.37837113999905986,0.6363240638807924,49.55555555555556,9
10,30,35,18,44,0.6950012679437795,4.811211324640068,0.37324964885623074,-0.37707292000404924,0.6192219175496219,47.22222222222222,9
10,30,35,22,20,0.6731577126046459,5.730804995268691,0.37819151103899723,-0.36028668917729767,0.6375400485856224,55.666666666666664,9
10,30,35,22,28,0.6680769953606298,4.816805318048315,0.36240645376572794,-0.37338396678491975,0.6265068584175538,51.22222222222222,9
10,30,35,22,36,0.67649380457018,5.440702214458707,0.39341678433475585,-0.35145115942051386,0.6126309034802001,46.44444444444444,9
10,30,35,22,44,0.7311344032634862,5.939325208405684,0.4249485346080298,-0.3556574058850088,0.6294010584456047,44.111111111111114,9
10,30,40,8,20,0.5497398325979005,3.4614100637515497,0.26385976172996795,-0.41124550157163553,0.5942726040432453,70.0,9
10,30,40,8,28,0.5892474791153652,4.313887371378539,0.28729852931485,-0.4024430938625601,0.583150632795332,61.333333333333336,9
10,30,40,8,36,0.6878018603883161,5.789567395156008,0.38317241939706365,-0.36294017387213273,0.6136245766362726,57.77777777777778,9
10,30,40,8,44,0.7106934963171517,5.653221418773019,0.3832365544207639,-0.3992964619750161,0.6316820472400901,54.55555555555556,9
10,30,40,10,20,0.5852092639681773,3.5389675825729916,0.3050500569231507,-0.4092996877879627,0.6008085651500495,67.22222222222223,9
10,30,40,10,28,0.643810453191415,4.970554643960585,0.32238516602866163,-0.40294238243935504,0.6027325546602069,59.111111111111114,9
10,30,40,10,36,0.7547166207553081,6.675948658765971,0.4584258908817257,-0.3435202368972468,0.6468303395114736,53.55555555555556,9
10,30,40,10,44,0.7206758564725002,6.159614714272864,0.41354979380880136,-0.3756494864992306,0.646984141186534,52.22222222222222,9
10,30,40,14,20,0.6291453769385744,3.432008402713176,0.31252524210481536,-0.4006728010407701,0.6119217053085083,60.77777777777778,9
10,30,40,14,28,0.6759954724112424,4.9887247505922465,0.3533991215074204,-0.38396188989168867,0.6526365609698943,53.55555555555556,9
10,30,40,14,36,0.6791691653012343,4.667618170797714,0.3476835355664036,-0.39370430002615486,0.6320316861059755,50.0,9
10,30,40,14,44,0.6291953186980652,3.679211984226704,0.3192524339116395,-0.3926251252203927,0.5986465049247595,47.333333333333336,9
10,30,40,18,20,0.6465160465497549,4.6613195017943525,0.3392394125506904,-0.3875556863375538,0.6354727865197233,54.666666666666664,9
10,30,40,18,28,0.6830750969572821,4.453021598738743,0.3738893487840261,-0.36566024309126044,0.6282958739051175,50.55555555555556,9
10,30,40,18,36,0.7134660946014227,5.813654340439779,0.4299576938732117,-0.34960653891300375,0.6438070316693505,46.111111111111114,9
10,30,40,18,44,0.7188263595461725,5.852913166684887,0.41597952954984635,-0.36372524170047016,0.6583967398742937,43.111111111111114,9
10,30,40,22,20,0.6960947234159244,4.870549786831916,0.39492307444059377,-0.35963671980267137,0.6478829189238259,50.888888888888886,9
10,30,40,22,28,0.6898137924296036,5.327792411083434,0.41374322803524066,-0.3557239047969274,0.6274329109106211,48.22222222222222,9
10,30,40,22,36,0.696619264810421,4.894692070510015,0.4094764519214379,-0.35359612081921965,0.6416688897361043,43.666666666666664,9
10,30,40,22,44,0.7522458347049038,4.90465454501151,0.46155660990430875,-0.33491277747613757,0.6527368711258315,40.44444444444444,9
10,30,50,8,20,0.6455079121589953,3.933076987016204,0.3508955773648054,-0.36863209168301225,0.6208128763984759,53.77777777777778,9
10,30,50,8,28,0.7175226440647762,5.515410857931888,0.39821570242072485,-0.3757853560843165,0.6440811594686974,48.111111111111114,9
10,30,50,8,36,0.6852381740603122,5.208022413829919,0.3888133833216308,-0.36278303228075226,0.6163983342521733,45.111111111111114,9
10,30,50,8,44,0.678235356325678,4.351799849201849,0.36325311182211756,-0.37207477373143255,0.6354689946720575,41.77777777777778,9
10,30,50,10,20,0.6613230067400822,4.739691747306712,0.3695278504481502,-0.3513271975550044,0.6264373603278341,51.666666666666664,9
10,30,50,10,28,0.7047287980022525,5.450524011859588,0.4013203333797387,-0.3650211670017646,0.6335264185056045,47.666666666666664,9
10,30,50,10,36,0.6719309011094716,4.919251464837583,0.3734623180539923,-0.36526620077783,0.6274046927615353,43.44444444444444,9
10,30,50,10,44,0.6935549182514362,5.622033288399418,0.3996012763488428,-0.35824827483787075,0.6434924856790994,40.888888888888886,9
10,30,50,14,20,0.7095762384388483,4.74312965637905,0.4087572616716025,-0.36326368188472036,0.6333884412709134,49.333333333333336,9
10,30,50,14,28,0.6881171936423427,5.282125931574857,0.39658914188312244,-0.36435657416631756,0.6335941515058073,45.77777777777778,9
10,30,50,14,36,0.6917562149757224,5.1117237166782825,0.3965015759691003,-0.36087172092253045,0.6444535783409737,41.888888888888886,9
10,30,50,14,44,0.7465918288295972,4.880370474722339,0.44570431534513144,-0.3425383103950901,0.6270463816569936,38.888888888888886,9
10,30,50,18,20,0.680996331300946,4.475294784828698,0.3768951386961816,-0.36735160684352025,0.6242458659895247,47.77777777777778,9
10,30,50,18,28,0.7156115634063047,5.094951732580159,0.43704169929179354,-0.3454612170406566,0.637106202776544,43.666666666666664,9
10,30,50,18,36,0.7259889985626536,5.680691987541353,0.43565039055075977,-0.3349225822870312,0.6429318225120835,40.333333333333336,9
10,30,50,18,44,0.7450241254416503,5.9121288686578515,0.44367678064074334,-0.33420453183061566,0.6538419479595949,37.22222222222222,9
10,30,50,22,20,0.6926376995431764,5.334177383874219,0.43280756618977195,-0.34026173181287794,0.6220980411150294,44.333333333333336,9
10,30,50,22,28,0.6883358012917119,5.256971087537572,0.41216590504775896,-0.34249209259666064,0.6214282463053498,41.888888888888886,9
10,30,50,22,36,0.7230387513062442,5.305258102184182,0.43283291548803354,-0.3374654849145549,0.6655658164430095,38.55555555555556,9
10,30,50,22,44,0.7481648691981895,6.493298326768088,0.474609247124729,-0.3217910231387392,0.6532516865850199,36.0,9
10,30,60,8,20,0.8007395545572371,6.236334928174451,0.47824680367936373,-0.36353941804639894,0.6543468804464125,43.888888888888886,9
10,30,60,8,28,0.699857126697336,4.386829620217934,0.39787289410051685,-0.36883906570032,0.6316738067156664,40.666666666666664,9
10,30,60,8,36,0.6980519271386049,5.423453409169737,0.39327026811710364,-0.3623213609347138,0.6438852284053523,38.22222222222222,9
10,30,60,8,44,0.7300255959270119,4.233992814131437,0.4270172317886776,-0.3380689868900919,0.64559734925447,35.77777777777778,9
10,30,60,10,20,0.7590317969443472,6.4103354789031375,0.44148734129131884,-0.35768555719579337,0.6462136185187309,42.888888888888886,9
10,30,60,10,28,0.7122095750598596,4.8068661933116275,0.40148622674284207,-0.37248365665808275,0.6417793874176081,39.888888888888886,9
10,30,60,10,36,0.7253049358721946,6.081588969939867,0.43452363825251744,-0.3422370436995038,0.6461123543166887,37.55555555555556,9
10,30,60,10,44,0.7557871625768217,5.086812391962502,0.47010042088420534,-0.3205589706264232,0.6606168802053735,35.55555555555556,9
10,30,60,14,20,0.7024253202119863,4.857014986291819,0.39338965679147175,-0.3787213951081883,0.625724432859649,40.666666666666664,9
10,30,60,14,28,0.7313582355147115,7.0418715797171005,0.4552431929053706,-0.3450325910025249,0.6340676299597994,38.666666666666664,9
10,30,60,14,36,0.7513112257193737,5.379556402962432,0.454701049471831,-0.3256002108099056,0.6573106257316783,36.111111111111114,9
10,30,60,14,44,0.7612638468472932,6.253410473524604,0.46110410568643406,-0.3324981692529642,0.6543981481481481,34.44444444444444,9
10,30,60,18,20,0.7169319560559625,6.534707943616048,0.4208620325091982,-0.3570898397821716,0.6486121525702185,38.666666666666664,9
10,30,60,18,28,0.7307713381677782,5.187459207321961,0.4161434884354638,-0.34999329797711454,0.6628390777513584,37.44444444444444,9
10,30,60,18,36,0.7415349753035146,6.1234781864308,0.4414438692104644,-0.34668121234079613,0.6593064177623001,35.111111111111114,9
10,30,60,18,44,0.7348140495705415,6.41657789917505,0.43186921801570644,-0.3401218342461252,0.6498427906516142,33.888888888888886,9
10,30,60,22,20,0.748518591422924,5.320197111216064,0.4525701478960895,-0.33437966558642457,0.6555135963030699,37.888888888888886,9
10,30,60,22,28,0.73461827231171,5.897430240033784,0.4440191771901895,-0.33228124313218255,0.6704977933048109,35.55555555555556,9
10,30,60,22,36,0.7303204725987087,5.5187209720616295,0.44065002739469517,-0.3261159796194409,0.632870270002623,34.111111111111114,9
10,30,60,22,44,0.7974927003630325,6.553248560924346,0.4512618337224235,-0.34708126894614383,0.663111279050558,32.44444444444444,9
10,30,70,8,20,0.7069771387095279,4.451891262054927,0.38883956273174003,-0.38575382837824085,0.6116352597634503,42.0,9
10,30,70,8,28,0.7345180073257829,6.9745675770013,0.40893340778447523,-0.3724216043461858,0.6353293853293853,36.888888888888886,9
10,30,70,8,36,0.7351785246104403,4.96238839644063,0.4200364479666207,-0.34563771926687886,0.6551963095290103,35.22222222222222,9
10,30,70,8,44,0.7307075438066292,4.714752064498123,0.43178582757646056,-0.3355207445959663,0.6489865729785085,34.111111111111114,9
10,30,70,10,20,0.7521595293169607,5.809398124351341,0.430527453759268,-0.367957286628841,0.625744917850181,40.0,9
10,30,70,10,28,0.7091146548475504,4.977177438203798,0.39574377781111897,-0.36005152559744175,0.6143841209630683,36.333333333333336,9
10,30,70,10,36,0.7210430430889118,4.5009402616396015,0.4131890492122715,-0.34484944602260525,0.6402549789330307,34.55555555555556,9
10,30,70,10,44,0.7361772064237203,5.9040364361466935,0.4462535182317738,-0.32967636808581824,0.6546627801766954,33.22222222222222,9
10,30,70,14,20,0.7328007993767383,6.783777587880746,0.395920838524012,-0.3766586555713612,0.6355426522621772,37.333333333333336,9
10,30,70,14,28,0.7254207557661653,5.62834635786323,0.42632296201402453,-0.3391722401626971,0.6525811701056798,35.111111111111114,9
10,30,70,14,36,0.7461544072385135,5.510736752920951,0.4418916409201632,-0.3349065511213884,0.6570466209183793,34.0,9
10,30,70,14,44,0.7684288736326793,6.027319904957285,0.4545340878204662,-0.3364212072699708,0.6419908285895003,31.77777777777778,9
10,30,70,18,20,0.7576312270923422,7.0490683353714845,0.4739131170290012,-0.32385028793651344,0.6495931708651006,35.77777777777778,9
10,30,70,18,28,0.7661555752262559,5.503653340616334,0.47962884646530984,-0.32267632560357157,0.6603628070104983,33.77777777777778,9
10,30,70,18,36,0.7867440073189376,6.705936344325334,0.47941826017257494,-0.33091576637332865,0.657982816782627,32.888888888888886,9
10,30,70,18,44,0.7889961902871736,5.359930841475396,0.4423703296800616,-0.36259984411935003,0.6639110285073119,31.0,9
10,30,70,22,20,0.7734785239202399,6.044998811734029,0.48473724067992247,-0.3273717897324906,0.6574549179941337,34.0,9
10,30,70,22,28,0.7755186991755684,7.117263995866899,0.4879895859114338,-0.33155557613193715,0.6576667380865673,32.888888888888886,9
10,30,70,22,36,0.7764858916905863,5.300612049956937,0.40986006078215415,-0.3727545552435561,0.677250548903284,31.22222222222222,9
10,30,70,22,44,0.8288402597243688,5.939731067845151,0.41800049481041035,-0.38576858294031524,0.658705072067141,30.333333333333332,9
10,34,35,8,20,0.5612828331936301,4.304048159093011,0.2829568134909234,-0.4156862258359804,0.6083157718670019,88.11111111111111,9
10,34,35,8,28,0.5539890858568723,3.960476311936407,0.27487781402274164,-0.40548064524051325,0.5781308470692063,79.44444444444444,9
10,34,35,8,36,0.6069620005323272,3.5627730594181477,0.314011769856023,-0.3831075338574656,0.5760568520250042,74.88888888888889,9
10,34,35,8,44,0.6627771429947809,4.619513126150731,0.35387780495792814,-0.39287914186107303,0.5927305771078115,73.88888888888889,9
10,34,35,10,20,0.5249078713913122,2.9042032988708772,0.24831175352760498,-0.44118967157797884,0.5828697656108541,81.11111111111111,9
10,34,35,10,28,0.5960864347297965,3.2635540087118957,0.28326842627622434,-0.41496818547325964,0.6062353740863172,71.0,9
10,34,35,10,36,0.6728727808577442,5.032600660241045,0.3168682694267151,-0.42478082644357656,0.6189640580709129,67.88888888888889,9
10,34,35,10,44,0.672656930323515,5.310093664582444,0.3667187242988889,-0.38816780969333464,0.6028177082680508,64.66666666666667,9
10,34,35,14,20,0.5654863313613546,2.827780908749394,0.2683191897288193,-0.4230909985060796,0.5901854172907394,71.11111111111111,9
10,34,35,14,28,0.6672365320744914,4.732707138910655,0.3470507204281725,-0.39027397902385474,0.6305221950906552,62.0,9
10,34,35,14,36,0.683912520589181,4.68768707699245,0.368836208491402,-0.37798484292062623,0.6317049638980596,57.666666666666664,9
10,34,35,14,44,0.599302431777561,3.665900767616776,0.3029984689355006,-0.39959992150693086,0.6112565179058289,55.55555555555556,9
10,34,35,18,20,0.6271137679459582,3.4911797156726534,0.30247834083758796,-0.4096617196821183,0.6382127634139312,64.11111111111111,9
10,34,35,18,28,0.6359971283592506,3.463672200027236,0.3133409104059828,-0.4048072573117878,0.6271198847617718,56.22222222222222,9
10,34,35,18,36,0.6394627988802343,3.59738663390358,0.35025517703138764,-0.3796383881419355,0.6264391551319657,51.44444444444444,9
10,34,35,18,44,0.6654450830041271,4.489184860349559,0.36559461381490127,-0.3703517818163348,0.6138299051070744,49.888888888888886,9
10,34,35,22,20,0.6832243698388047,4.9416677674878855,0.3970284353242633,-0.35818534443216576,0.6250675553954242,58.666666666666664,9
10,34,35,22,28,0.6369985725287377,4.344662175462833,0.34168274148353917,-0.3769692901716332,0.6274595226077706,53.0,9
10,34,35,22,36,0.6850130521350497,5.257251486990973,0.4068948299776949,-0.3438291674129367,0.6229852529450417,48.666666666666664,9
10,34,35,22,44,0.7381305255450213,5.28629290808706,0.45915366773002425,-0.3286894279175569,0.6235108751974645,45.55555555555556,9
10,34,40,8,20,0.5491614155013543,2.51841289299513,0.25465169047615394,-0.44217693504834116,0.5679170947933435,78.11111111111111,9
10,34,40,8,28,0.567813537978229,2.729619259635548,0.2561204025447964,-0.4290169030279143,0.5954063650291416,68.88888888888889,9
10,34,40,8,36,0.6269469205517557,4.233625459424475,0.3192915641497111,-0.40854884333225994,0.6015550096192607,64.88888888888889,9
10,34,40,8,44,0.6157948634495122,4.227477726507826,0.29856269245659284,-0.4098633113953182,0.5924571586354515,61.333333333333336,9
10,34,40,10,20,0.5680233711562975,2.969421390344477,0.2649042325110508,-0.43733421418507124,0.5880892453078032,72.0,9
10,34,40,10,28,0.5815031871345334,3.319393740770508,0.2694320919769878,-0.4272680158544547,0.6014270317671344,63.22222222222222,9
10,34,40,10,36,0.6015994611635742,3.467950198743556,0.28127155006205284,-0.43314630381230235,0.582871874765829,59.111111111111114,9
10,34,40,10,44,0.6025187112879693,3.439736241442114,0.2958935304812526,-0.4038660696984398,0.6025818484056032,56.22222222222222,9
10,34,40,14,20,0.6018217639220668,3.366759216967558,0.2879597145888852,-0.4137058390458142,0.6245445514680099,64.11111111111111,9
10,34,40,14,28,0.6396310495096852,3.075128155829006,0.3128944649139696,-0.41109943105690655,0.6304176584197605,55.666666666666664,9
10,34,40,14,36,0.6268594573955976,3.585096308471473,0.31164098077615343,-0.4014849648960618,0.6187637000005972,51.666666666666664,9
10,34,40,14,44,0.6844701025072285,4.635995906675688,0.39183937428202337,-0.3713183789681558,0.6397216311510965,49.333333333333336,9
10,34,40,18,20,0.6181160562289784,3.8913801522729696,0.3205281832262715,-0.39175393350227655,0.6304921682993956,57.111111111111114,9
10,34,40,18,28,0.6435236742306946,4.015442699865555,0.3396301452064846,-0.38261474174055077,0.6150420161076311,51.333333333333336,9
10,34,40,18,36,0.6975857819440774,4.712512560152526,0.44761981619277713,-0.3439455563675061,0.6295821819229377,47.333333333333336,9
10,34,40,18,44,0.7432892816333929,5.72854691581118,0.459252319034317,-0.3243997262915948,0.6355389356387449,44.77777777777778,9
10,34,40,22,20,0.6510868875340903,4.078030297579177,0.3599879502792975,-0.3691246013627109,0.623847617711715,52.55555555555556,9
10,34,40,22,28,0.6879387730059546,4.64852296404516,0.4020040347074521,-0.3466603219603413,0.6079605461287358,48.44444444444444,9
10,34,40,22,36,0.7025837861588848,4.9550630619889,0.4329531594727559,-0.3307262327899005,0.6263096063210329,44.44444444444444,9
10,34,40,22,44,0.7322853113543956,5.686777861010712,0.45105134727628965,-0.3195594807159424,0.6670829928785866,41.22222222222222,9
10,34,50,8,20,0.5477235690890614,2.617040677156192,0.25027117321394665,-0.4174847722118547,0.5986355717950381,57.888888888888886,9
10,34,50,8,28,0.6393055561494686,3.645685742584596,0.34943659867998156,-0.3618350664586203,0.6140486697823783,50.666666666666664,9
10,34,50,8,36,0.6772221225377076,4.652078167911118,0.3848141530157616,-0.37026598559665036,0.6160679936482764,46.55555555555556,9
10,34,50,8,44,0.6952427710346862,5.27654300766067,0.43790958088293463,-0.3410931714549909,0.6272331963467254,44.44444444444444,9
10,34,50,10,20,0.569250864416205,3.606398083183666,0.2719649468273185,-0.4187002409320649,0.6196835741208085,56.44444444444444,9
10,34,50,10,28,0.6898978858411791,4.43990143709268,0.3877252659970829,-0.35981262915880513,0.6206896088577789,49.44444444444444,9
10,34,50,10,36,0.7018893783427069,4.579840252236509,0.4409840027026952,-0.3573734524051672,0.6375370350174757,45.22222222222222,9
10,34,50,10,44,0.7139848347683446,4.880013877623496,0.4266854984385349,-0.3382849393380507,0.6224060573044308,43.333333333333336,9
10,34,50,14,20,0.6648788642926036,4.653536391097386,0.36609218088229045,-0.3659721927730089,0.6364725815786366,52.666666666666664,9
10,34,50,14,28,0.7137742477034806,6.449259289475276,0.4567642691052681,-0.3328740722520039,0.6324605571676185,47.333333333333336,9
10,34,50,14,36,0.6737833940172981,4.814942459668575,0.4101518925721877,-0.3362564443034193,0.6304838413794149,44.0,9
10,34,50,14,44,0.7374897401850479,5.3271504649005115,0.451617670206369,-0.32757670263599414,0.6459808606926907,41.0,9
10,34,50,18,20,0.6906366042426737,5.346534745000362,0.41496905043337257,-0.3455513218713431,0.6315398434130679,49.22222222222222,9
10,34,50,18,28,0.6315448259672218,3.546284555929433,0.36406529403176224,-0.3501273351858176,0.5992760371730461,45.44444444444444,9
10,34,50,18,36,0.7271353762201183,6.54319650935267,0.46597967009876345,-0.328129260040169,0.6511755359963701,41.666666666666664,9
10,34,50,18,44,0.7371267239923573,6.090829361349153,0.45491432959377875,-0.3326358812509625,0.6703660021513477,38.44444444444444,9
10,34,50,22,20,0.6215771429440307,3.316102376629771,0.3571996039101879,-0.34603814116840165,0.6011978791927913,46.0,9
10,34,50,22,28,0.7671600359457398,7.351525267391618,0.48351045287359373,-0.3280825132688451,0.6684478168213894,42.22222222222222,9
10,34,50,22,36,0.7324406844564071,6.044808247008372,0.44084367170707905,-0.33946228229285297,0.6606745003653682,39.55555555555556,9
10,34,50,22,44,0.7642439304256483,5.900172339191817,0.435054294207575,-0.35124208622761155,0.6461984084791104,36.111111111111114,9
10,34,60,8,20,0.6836029626019715,3.7012005360771187,0.36114832047279694,-0.38076538856946623,0.6078660384930266,46.666666666666664,9
10,34,60,8,28,0.6725553500090418,5.265376619618501,0.4068401234643366,-0.3543162530137621,0.6321636926923124,41.77777777777778,9
10,34,60,8,36,0.72886472043795,7.151491076957743,0.43619241261542013,-0.3444285832232417,0.6613479962743233,39.55555555555556,9
10,34,60,8,44,0.7819077164615941,6.799957048752774,0.4800683324133389,-0.3272781371154063,0.6600353258247995,36.333333333333336,9
10,34,60,10,20,0.7190417408817874,4.504916817149365,0.4173032549970369,-0.35955289438471394,0.617213652729325,44.44444444444444,9
10,34,60,10,28,0.6708202216014603,4.906265782369068,0.38598391616817584,-0.3564130382958065,0.631496537187594,40.888888888888886,9
10,34,60,10,36,0.7583802837838746,6.2894977442291475,0.45901698146864994,-0.3352335189860487,0.6587440028817864,38.22222222222222,9
10,34,60,10,44,0.7664145896193083,5.903051601397381,0.4709311142842606,-0.3273831166194188,0.6572084459145864,35.888888888888886,9
10,34,60,14,20,0.6712923822340462,4.602658160091431,0.386351406822716,-0.3548444911659636,0.6191792232734468,42.0,9
10,34,60,14,28,0.7574428654171017,8.242724580807748,0.5012433921317272,-0.3199912463015587,0.654635938846465,38.888888888888886,9
10,34,60,14,36,0.7580361499818796,6.2285516775666485,0.46990628489702246,-0.3294126681557055,0.6692419046077583,36.44444444444444,9
10,34,60,14,44,0.7545786248035463,6.163165612795903,0.45075193220243914,-0.3378346456789483,0.6538936188510491,34.666666666666664,9
10,34,60,18,20,0.7224197169521067,6.867383928138569,0.4605677699281164,-0.32313877555074244,0.6440121690121691,40.111111111111114,9
10,34,60,18,28,0.7265888068334666,4.961352594351684,0.43079085993096056,-0.34953543977419405,0.6709310945517056,37.666666666666664,9
10,34,60,18,36,0.7684308197749916,6.933039407721135,0.4614930488095358,-0.3387832375505593,0.6510112000308079,35.44444444444444,9
10,34,60,18,44,0.7602226870883112,5.0664455323071245,0.4496809067628148,-0.3342448277852701,0.6664428848252378,33.55555555555556,9
10,34,60,22,20,0.7578420222707475,5.632743958133093,0.46610467945402445,-0.33890883675203104,0.6707244018647527,38.0,9
10,34,60,22,28,0.7609063496595325,6.824600321736663,0.4744417824847049,-0.3312623677023377,0.6504318467015742,36.22222222222222,9
10,34,60,22,36,0.751977725811927,6.106692690424612,0.4238554128368559,-0.34908418345742503,0.655475653269771,33.888888888888886,9
10,34,60,22,44,0.7210690065950655,4.064478515362805,0.35474158013461954,-0.3825616439048851,0.633528038129556,32.666666666666664,9
10,34,70,8,20,0.7239976778834877,5.861394584813727,0.4077592621580531,-0.3578624189707453,0.6203959670684229,39.666666666666664,9
10,34,70,8,28,0.7586301833300017,5.9835939565919665,0.4596370865281595,-0.3291045599738175,0.6605932373476233,36.0,9
10,34,70,8,36,0.7568282935826115,5.7586478690529885,0.464285580367206,-0.3302446237595685,0.6447920434440042,34.666666666666664,9
10,34,70,8,44,0.7381484294378091,5.441344751609686,0.42985556513409806,-0.3414439245745324,0.6260450820542098,33.44444444444444,9
10,34,70,10,20,0.754433701258965,7.404555017015328,0.4534996134213356,-0.3480005976858601,0.6506745620176616,39.22222222222222,9
10,34,70,10,28,0.7495684750618712,5.670066106519004,0.45929904411355454,-0.3258849870497311,0.6703625738003962,35.55555555555556,9
10,34,70,10,36,0.75663491200711,6.601761457996012,0.4429046409699446,-0.35060701358400564,0.6532273695263892,34.111111111111114,9
10,34,70,10,44,0.7607929337592915,5.9633808050144195,0.458479889929438,-0.33316051065344215,0.6483279135408953,32.666666666666664,9
10,34,70,14,20,0.7316069646618995,7.461103885591535,0.4326802698093084,-0.3448392402432158,0.6424252462121525,36.888888888888886,9
10,34,70,14,28,0.7703038924499327,7.701115846198628,0.4722778913324116,-0.33355787885374627,0.668404280904281,33.888888888888886,9
10,34,70,14,36,0.7601663514708404,6.714294711711592,0.46501265436667083,-0.3354820617792573,0.6491008413249083,33.111111111111114,9
10,34,70,14,44,0.7634761272100882,4.975819183972514,0.41886659919134667,-0.3644690902086053,0.6655391237066955,31.444444444444443,9
10,34,70,18,20,0.7458408571327676,7.269769129866914,0.47762981306932417,-0.31706174390750896,0.6658830149993721,34.77777777777778,9
10,34,70,18,28,0.743331990415079,6.955342890689881,0.45886261489592045,-0.3285152933287868,0.6446884072951435,32.888888888888886,9
10,34,70,18,36,0.7563180633933856,5.074911143577589,0.4091336838532562,-0.36028803370754214,0.6680457558749615,31.88888888888889,9
10,34,70,18,44,0.8077958078338238,5.688582688715799,0.41267925909810454,-0.38013001646480543,0.6645716252141693,30.666666666666668,9
10,34,70,22,20,0.7481547862557959,6.966682119062359,0.4714627596960945,-0.3282318595944542,0.6340770130143945,33.0,9
10,34,70,22,28,0.7465673725322409,5.04756254351449,0.41845535618650714,-0.3411339750542191,0.662772331154684,32.111111111111114,9
10,34,70,22,36,0.7770920431099833,4.946847305773548,0.39682659779855695,-0.37723475666609185,0.6470742328627724,31.11111111111111,9
10,34,70,22,44,0.7954078699179763,5.191172778373874,0.40165248052204544,-0.38205835313285896,0.6537969610828342,30.0,9
10,40,50,8,20,0.6321101049905912,4.186971696959671,0.3723108369372718,-0.3468863461070548,0.6162123756485707,68.66666666666667,9
10,40,50,8,28,0.6968202715779276,4.66802235672162,0.4065545133442602,-0.3498980269882407,0.5979386013672107,59.55555555555556,9
10,40,50,8,36,0.6805205881509719,6.082759793231336,0.4090950519037284,-0.3614626671649281,0.6090203332089742,54.0,9
10,40,50,8,44,0.7202302506073812,9.17673836895799,0.4653465374813364,-0.3305774684127882,0.6261743330320015,51.77777777777778,9
10,40,50,10,20,0.6074063050927112,3.609329418274628,0.3431780298149822,-0.36221307289994625,0.5823783383800918,65.55555555555556,9
10,40,50,10,28,0.672992917772193,4.337083963800037,0.41719105903816356,-0.3353619373021687,0.5885293653762491,56.333333333333336,9
10,40,50,10,36,0.6765558198540609,6.627327030852089,0.45870275415826534,-0.3326565947117646,0.6119821983874272,52.0,9
10,40,50,10,44,0.7149868314446124,7.179737332984843,0.4636643513055255,-0.3245031050874816,0.6281552974407475,48.888888888888886,9
10,40,50,14,20,0.6053605239313677,3.578911812219232,0.3656524504104495,-0.33866481327379205,0.5681667606763817,59.333333333333336,9
10,40,50,14,28,0.6509319878387743,4.892740313060468,0.42039391472487125,-0.32459428465916773,0.6412676593075273,50.55555555555556,9
10,40,50,14,36,0.7036951027055065,7.733728035745265,0.43959170127046426,-0.3349172848684692,0.6494790333180712,46.22222222222222,9
10,40,50,14,44,0.7460446670878614,6.413784580570541,0.47988988954777656,-0.3268672814829362,0.6576474220959905,43.888888888888886,9
10,40,50,18,20,0.6559738719916252,3.9395286271092544,0.3999674388708825,-0.3329706184004652,0.6221678265359889,52.666666666666664,9
10,40,50,18,28,0.7218668829681516,5.32027317864863,0.469652834054785,-0.3153617337931242,0.6470052306392114,47.22222222222222,9
10,40,50,18,36,0.7428142861617038,6.998962268977859,0.4485481790272358,-0.34035135713997494,0.6565656604355952,43.55555555555556,9
10,40,50,18,44,0.72931907214111,4.82585203305565,0.4209520654288884,-0.34818016207513824,0.63065854074626,39.333333333333336,9
10,40,50,22,20,0.7263011458355758,5.109785595294421,0.4350767006182093,-0.3401612882609638,0.6479369934917047,48.55555555555556,9
10,40,50,22,28,0.735330331808015,6.044623609650307,0.46449550662110195,-0.3443752968373474,0.6370286117935797,43.888888888888886,9
10,40,50,22,36,0.7258004171938723,5.731692065968825,0.43056498455426256,-0.3486561264723072,0.6582907878576797,39.77777777777778,9
10,40,50,22,44,0.6961029678030527,4.190445792046147,0.3627910405988376,-0.37070695961442407,0.6410132563641335,36.44444444444444,9
10,40,60,8,20,0.6796693966679368,4.0117932738906665,0.4211558877682881,-0.32890573140833834,0.6207673322774709,51.666666666666664,9
10,40,60,8,28,0.7287101889218675,10.777356456421737,0.4577491537213938,-0.3415740726935107,0.664164078100662,45.666666666666664,9
10,40,60,8,36,0.7402527470962966,6.405616244049698,0.4808894519493111,-0.325048752349616,0.6616383828542131,40.666666666666664,9
10,40,60,8,44,0.7493114290739573,6.18728727678846,0.46780045977097795,-0.32303119034306305,0.654788873145741,37.888888888888886,9
10,40,60,10,20,0.666901773644862,4.83278892270114,0.41634839620414144,-0.3306647246047087,0.626940019678247,50.44444444444444,9
10,40,60,10,28,0.7309115087419307,8.69444568911444,0.4735613332895105,-0.3277688885012744,0.6478607960693529,44.666666666666664,9
10,40,60,10,36,0.7619763603358887,7.142069541092324,0.49997029141134103,-0.317170804541319,0.6550840313998209,39.77777777777778,9
10,40,60,10,44,0.7530619695103538,5.729724897267039,0.4382952443965265,-0.342044904678431,0.6698902500143408,37.0,9
10,40,60,14,20,0.6985374400630955,8.071330812660465,0.44656085388571665,-0.3344939850529441,0.6305406538562567,47.333333333333336,9
10,40,60,14,28,0.7515979040421696,6.7870959585283686,0.4702381056472606,-0.33454498596447074,0.6458454982041777,42.22222222222222,9
10,40,60,14,36,0.7624359781009035,7.560601967980876,0.4769142524655179,-0.3290567484062671,0.6656069638525779,38.44444444444444,9
10,40,60,14,44,0.7110910660486146,4.925016644461461,0.385574611866314,-0.36167036481214176,0.6336425554627308,34.77777777777778,9
10,40,60,18,20,0.7319468794460797,6.403141437390385,0.4599615352271379,-0.33225912980413663,0.6509720005522409,44.111111111111114,9
10,40,60,18,28,0.7437888409932153,7.9128852075785545,0.4783657882247202,-0.33076989622445474,0.6652597014278657,40.111111111111114,9
10,40,60,18,36,0.7423168152082726,7.15693306632758,0.44004456221670096,-0.34166740358091613,0.6542041239378197,36.333333333333336,9
10,40,60,18,44,0.7178099652307282,4.281715630046635,0.3784859880137861,-0.368144999090957,0.6395067977286094,34.111111111111114,9
10,40,60,22,20,0.7721721145542074,8.352739834134159,0.5054698360592135,-0.3308856192797858,0.6596020996427501,40.888888888888886,9
10,40,60,22,28,0.7542535824310335,6.568282889267267,0.4445774761589696,-0.3463300122040065,0.6485753823152197,37.44444444444444,9
10,40,60,22,36,0.7064882255993976,5.144079709222513,0.39854145089834025,-0.3503609630870412,0.6698543332121765,35.0,9
10,40,60,22,44,0.7160650728901823,3.793898751933018,0.3537357841096081,-0.38196451508115187,0.6699818648585253,33.22222222222222,9
10,40,70,8,20,0.7095422457808962,8.602939186715068,0.46160521305966173,-0.3300023568938212,0.6286371416522916,41.44444444444444,9
10,40,70,8,28,0.7533818828252602,7.590863182054788,0.4703889526302612,-0.3254932610765986,0.6738649966720142,37.888888888888886,9
10,40,70,8,36,0.7385174271653563,5.635264200323064,0.4321387606017608,-0.33884893455006,0.6501670578876462,34.77777777777778,9
10,40,70,8,44,0.7544355771339619,5.400562798460597,0.4262441890119939,-0.35079415890628696,0.6408209680268504,33.666666666666664,9
10,40,70,10,20,0.7114733902783278,7.957084094679939,0.45283311156901007,-0.34077074538050095,0.6423997072403613,40.666666666666664,9
10,40,70,10,28,0.7627831990370064,7.756468656719438,0.4857823694497413,-0.3200129414867743,0.6509684607207826,36.44444444444444,9
10,40,70,10,36,0.7182323691026871,4.644118480371758,0.4075746923509503,-0.3376709136306349,0.6497372194205894,34.22222222222222,9
10,40,70,10,44,0.7649751110437774,4.539523916463823,0.41437132134424526,-0.3521424636648515,0.6401283550239908,32.666666666666664,9
10,40,70,14,20,0.7670706748515304,8.706794810331626,0.49278446760171235,-0.323599848252449,0.6526412618517881,37.888888888888886,9
10,40,70,14,28,0.7722623741865993,5.2815307029985075,0.45030180979317547,-0.33870001591011156,0.6637181582034524,34.333333333333336,9
10,40,70,14,36,0.7693708752245995,5.459048020191505,0.4449840714806094,-0.34648304753435233,0.6521475330773243,33.22222222222222,9
10,40,70,14,44,0.7582089242776923,4.08449741757636,0.40205232858981454,-0.36626006252336424,0.6470243050254337,31.666666666666668,9
10,40,70,18,20,0.794379919819671,7.469516241631291,0.5004901538013876,-0.3321285887363812,0.6688861066312046,34.888888888888886,9
10,40,70,18,28,0.7492672081803795,5.281764781174926,0.43443370718271324,-0.34141871095535387,0.6538571728245984,33.0,9
10,40,70,18,36,0.7256557201730649,3.6941457389176446,0.36623094215252056,-0.38086596983531273,0.6484243127032501,32.111111111111114,9
10,40,70,18,44,0.7546952793442587,4.13760740640865,0.359391714163834,-0.38868845543847486,0.6421780156877978,30.444444444444443,9
10,40,70,22,20,0.728390675619085,5.552941636030228,0.43309150876739283,-0.3403549584811696,0.6452590211168643,33.77777777777778,9
10,40,70,22,28,0.7158616751625868,3.9726181738986464,0.34928036435731546,-0.3922096390835852,0.6324453021677878,32.44444444444444,9
10,40,70,22,36,0.7524281577122548,4.007327695133427,0.3652354096815307,-0.38822672300070327,0.6676474581360731,31.444444444444443,9
10,40,70,22,44,0.7225578905734117,4.191497549680136,0.3486422982910298,-0.38838532093501954,0.638082209884212,30.11111111111111,9
14,15,35,8,20,0.4912308892185616,3.7157432405597746,0.24028639507776084,-0.43155214234205724,0.5717169567981715,64.0,9
14,15,35,8,28,0.5606868420697112,4.055203365929958,0.28815284749693065,-0.4197116141955417,0.58532502407267,58.22222222222222,9
14,15,35,8,36,0.5888796502234137,5.434632478548917,0.3103472285540308,-0.4132131295236133,0.5617583955957209,52.888888888888886,9
14,15,35,8,44,0.6264209790297469,10.201187190162958,0.3810358990963986,-0.38097871781405046,0.5730378622702653,49.666666666666664,9
14,15,35,10,20,0.516797114165046,4.708630218417535,0.26808544633507764,-0.44608374182855,0.5950358419595072,62.77777777777778,9
14,15,35,10,28,0.578051639328168,3.9636779053655147,0.27762641454105946,-0.43003667129224404,0.5645013881298214,56.44444444444444,9
14,15,35,10,36,0.5939039847554568,5.739057685352658,0.3179083686254731,-0.39710110787303704,0.5765294788201435,51.77777777777778,9
14,15,35,10,44,0.6294904647149436,7.371139609302542,0.3762449601493412,-0.3681473254304971,0.562112833557557,48.333333333333336,9
14,15,35,14,20,0.5512144281872864,3.5147001937298237,0.27082971482985374,-0.426742050513853,0.5900984942387199,60.77777777777778,9
14,15,35,14,28,0.568144205735581,3.532263990687187,0.27460366250553,-0.4270400534379428,0.5796543733461476,54.111111111111114,9
14,15,35,14,36,0.5972623523370673,4.508689021272137,0.31931945149725094,-0.3939668892674771,0.5648914289236636,49.44444444444444,9
14,15,35,14,44,0.6528561774529893,4.595168650813754,0.3571118221505007,-0.3775417510514308,0.6048688967369299,46.55555555555556,9
14,15,35,18,20,0.5545617711264863,4.022909242662753,0.27320590950038937,-0.43337881542832535,0.5745036382324517,56.22222222222222,9
14,15,35,18,28,0.5839783231611279,3.3687155049251007,0.2720002381722266,-0.4393707679440561,0.5994478262196671,51.333333333333336,9
14,15,35,18,36,0.7216090945427464,6.183920213836621,0.38170010398298676,-0.39003740410650994,0.6135236349092568,46.0,9
14,15,35,18,44,0.7316376923870068,5.272434329901102,0.4128976516773166,-0.3853291048540526,0.6285545892842004,43.77777777777778,9
14,15,35,22,20,0.5599479596354915,3.359429057794185,0.25535813311429245,-0.43542980080247357,0.5900970029271916,52.22222222222222,9
14,15,35,22,28,0.6920974431319267,4.817098504300103,0.3490070494550684,-0.40286739399095484,0.6228140214868967,48.0,9
14,15,35,22,36,0.7435704226499136,5.570613758569132,0.4253146668412973,-0.3727532378412214,0.6277974384900573,43.77777777777778,9
14,15,35,22,44,0.7590297580367489,4.862059645286855,0.4272669353124665,-0.3813508465448374,0.6508587518655584,40.666666666666664,9
14,15,40,8,20,0.5149184439381259,4.355287730962684,0.25840969059591795,-0.42741612544657753,0.5695596319292959,60.77777777777778,9
14,15,40,8,28,0.596869775857158,5.85861619852615,0.324600748186124,-0.3937785852922517,0.5704333187000974,54.333333333333336,9
14,15,40,8,36,0.5798309770305826,4.573963975334902,0.303083333879636,-0.40730434987777425,0.548733793507042,49.44444444444444,9
14,15,40,8,44,0.6305893735781571,6.250171736682066,0.3441371815585811,-0.3734896807704925,0.5785303763125071,46.111111111111114,9
14,15,40,10,20,0.5418465911978385,3.052469760623304,0.2601457041772929,-0.436585842943977,0.5786847232837563,59.111111111111114,9
14,15,40,10,28,0.5904245545868541,4.767657755870414,0.3038606990057102,-0.40642207752320975,0.5865600207830783,53.0,9
14,15,40,10,36,0.609088482071773,5.630866061708218,0.32521345740927327,-0.39111257211333583,0.5738285922689125,48.0,9
14,15,40,10,44,0.6491000677884232,5.290698194383644,0.34424465485629674,-0.388419744703857,0.5918557082047139,44.77777777777778,9
14,15,40,14,20,0.6195868186812813,4.466730981086873,0.32895224896442854,-0.4033488457773593,0.5841618851474516,55.44444444444444,9
14,15,40,14,28,0.5751788972944961,3.8848983980281826,0.2959146986145648,-0.40813941541019944,0.5704601942256562,50.55555555555556,9
14,15,40,14,36,0.7013037012704723,6.276007513864607,0.3768608568734736,-0.3847868598124411,0.6157713435680828,45.77777777777778,9
14,15,40,14,44,0.7361393525403997,5.163391437360214,0.4199918470946576,-0.37569180765194266,0.6231311935580228,43.111111111111114,9
14,15,40,18,20,0.5782885043387755,4.074576269018024,0.2826197113385393,-0.4229497400276979,0.5861279436069792,51.55555555555556,9
14,15,40,18,28,0.6454125781450754,4.479560639492437,0.3195637020386506,-0.41524497168306385,0.6155875232540681,47.111111111111114,9
14,15,40,18,36,0.7500393796674825,5.747805909582742,0.4365133381745148,-0.36949501580146343,0.6402410400893719,43.666666666666664,9
14,15,40,18,44,0.7489277331544254,4.874885280572612,0.4381906274861916,-0.3830195846067917,0.642660734327401,40.888888888888886,9
14,15,40,22,20,0.6677391350920101,4.787834751692965,0.3464693281463938,-0.3996866812699369,0.6170969363258638,48.44444444444444,9
14,15,40,22,28,0.7244602282170145,5.2781145769894975,0.4013013089826731,-0.383440780329953,0.6271035139187654,45.22222222222222,9
14,15,40,22,36,0.7543448997434662,5.8337788300895435,0.427442583772535,-0.3695816819590062,0.6510210733504361,42.0,9
14,15,40,22,44,0.7886631687081866,5.635394107947365,0.46449291345986105,-0.36279712140634807,0.6422821607032134,38.44444444444444,9
14,15,50,8,20,0.5599163803973318,4.617516315467264,0.30579001943103096,-0.39727233628853975,0.584048683003588,54.888888888888886,9
14,15,50,8,28,0.6267188806358652,6.560681707424044,0.3538634189430081,-0.3852373384052849,0.5631118919308489,48.44444444444444,9
14,15,50,8,36,0.6582247109898631,5.69147834171232,0.37002205050170645,-0.3687546214389597,0.58774109085188,45.0,9
14,15,50,8,44,0.7537464694177092,7.0719779491861585,0.45679001708395695,-0.3594696143200936,0.6254290634371935,41.22222222222222,9
14,15,50,10,20,0.5710236538581673,4.7389898011495974,0.3085256514386877,-0.4029402733366378,0.5675021920528829,53.22222222222222,9
14,15,50,10,28,0.6306623944952021,8.140116698321075,0.36520417038517855,-0.37444861018166137,0.552271112830119,47.333333333333336,9
14,15,50,10,36,0.6835669639923084,5.348651775492428,0.3765094426574566,-0.37420391567168937,0.6141513139093668,44.22222222222222,9
14,15,50,10,44,0.794126692278382,6.602888019724892,0.5265699889206213,-0.3348412229735293,0.6419718088322739,40.44444444444444,9
14,15,50,14,20,0.612035007831513,6.331419313659227,0.3632555344104051,-0.36728659924833057,0.5721836503791392,51.44444444444444,9
14,15,50,14,28,0.676921218362986,5.075015414857259,0.36984736910370875,-0.3859439767192247,0.6074457959664267,44.888888888888886,9
14,15,50,14,36,0.7419114351648447,5.267162034862817,0.43679690586103115,-0.37143111317045757,0.6286046881667817,41.77777777777778,9
14,15,50,14,44,0.7855885967627092,5.80578499820072,0.4772651027756315,-0.3520917400463655,0.6461543140675512,38.77777777777778,9
14,15,50,18,20,0.6623665406151855,5.465089211380686,0.34556903244280385,-0.39443449770124367,0.5992526464600971,47.55555555555556,9
14,15,50,18,28,0.7508226123972945,5.949643061413956,0.4454592159358594,-0.3733228030180224,0.6390541457482073,42.888888888888886,9
14,15,50,18,36,0.7651543272248387,5.264456554244837,0.4538123942775106,-0.3696817740748495,0.6265170977533278,39.77777777777778,9
14,15,50,18,44,0.7650930472164846,5.095081503510185,0.4296238019214867,-0.3668878192980248,0.6531696815494545,36.77777777777778,9
14,15,50,22,20,0.7520759739410661,5.815643146623359,0.43810516318825693,-0.36885829894436495,0.6469735428432278,43.666666666666664,9
14,15,50,22,28,0.7736525993192237,5.275151278305815,0.4390005036947777,-0.37789123676925546,0.6380336002608147,40.44444444444444,9
14,15,50,22,36,0.7466552959222934,5.34434380408999,0.4322705604087933,-0.3565740391550036,0.6355285833356008,37.44444444444444,9
14,15,50,22,44,0.7536556748561379,5.607146078862206,0.46480670949035097,-0.33104135059694034,0.6649391088353771,34.55555555555556,9
14,15,60,8,20,0.5917528055460584,5.104220541225476,0.3427576215203489,-0.38173091798052194,0.5664239956491419,53.44444444444444,9
14,15,60,8,28,0.6457645783096855,7.170597189250939,0.3825985406175274,-0.3614608674330051,0.5515945817430602,47.333333333333336,9
14,15,60,8,36,0.7425845059285615,6.855709759112809,0.45932417187622676,-0.3465199070886958,0.626642138522826,42.111111111111114,9
14,15,60,8,44,0.7850850339693158,6.7159043299476355,0.49851838985959823,-0.3391225802869418,0.6254085183392286,40.22222222222222,9
14,15,60,10,20,0.6054120040262544,5.669701705857625,0.33919535671115275,-0.39132950592328775,0.5649686246023093,52.44444444444444,9
14,15,60,10,28,0.681292893801912,7.140345387583251,0.40396835538962067,-0.3641295371992665,0.5893215061298939,45.666666666666664,9
14,15,60,10,36,0.7781974743611023,7.004347030012078,0.4991261011286539,-0.34761220643815105,0.6440033793050481,40.333333333333336,9
14,15,60,10,44,0.7982786106649962,6.884333664854693,0.5043178188467271,-0.3429061499925257,0.6572143739238305,38.55555555555556,9
14,15,60,14,20,0.6510912726413252,6.284083708310526,0.3770257986305519,-0.3768446763158808,0.5790448949869239,49.77777777777778,9
14,15,60,14,28,0.732645548224863,6.788001281327801,0.478173771466422,-0.3421677599183253,0.6175969531911009,43.22222222222222,9
14,15,60,14,36,0.7880857321549188,5.311303248985026,0.47452067303221984,-0.36288148217630356,0.6331476068318174,38.333333333333336,9
14,15,60,14,44,0.7772574206188451,6.076641001649741,0.4547994553809925,-0.3450538404525957,0.6449592449592448,36.888888888888886,9
14,15,60,18,20,0.6950909602443612,5.306332497243259,0.4288855040307491,-0.3499900938617528,0.5958838734779626,45.0,9
14,15,60,18,28,0.7673955846927781,5.115472835171833,0.4544023846011652,-0.36893259512896004,0.6159218164994802,40.333333333333336,9
14,15,60,18,36,0.75096942075379,4.223411964614491,0.4080222618153633,-0.37667712701985484,0.6267571056012748,36.888888888888886,9
14,15,60,18,44,0.7893729615942141,5.5053459571184185,0.4819769971802333,-0.34096896044042074,0.6579008821655881,34.333333333333336,9
14,15,60,22,20,0.757037319972196,5.063646451150776,0.4562878962391339,-0.35739567472913336,0.6306625645962005,40.666666666666664,9
14,15,60,22,28,0.7729404458445911,5.2522050493966255,0.4590120387551509,-0.357804768690928,0.6322651598967388,37.44444444444444,9
14,15,60,22,36,0.7398089949600468,4.660467789019417,0.42519127479345936,-0.3535251947333995,0.6307294753373185,34.666666666666664,9
14,15,60,22,44,0.7302814156833027,4.774683179690649,0.4145049770720656,-0.3513952503188251,0.6401266246696355,33.111111111111114,9
14,15,70,8,20,0.6291418727790455,7.257237780099684,0.3722134601478003,-0.3936022488236286,0.5660589632553212,54.888888888888886,9
14,15,70,8,28,0.6606524485879062,8.187563916441388,0.39645159480865133,-0.36370267232122866,0.5639926260009543,47.22222222222222,9
14,15,70,8,36,0.7523615723617934,5.623520254693762,0.4346822807487781,-0.36413124898362814,0.5979092639770498,42.44444444444444,9
14,15,70,8,44,0.7759167543309817,6.199640322858534,0.4781672124920057,-0.35247180055958005,0.6269642449467011,39.22222222222222,9
14,15,70,10,20,0.6194818928872985,9.452254086200107,0.3791404816977257,-0.3695581614592428,0.5680387388821295,53.44444444444444,9
14,15,70,10,28,0.6682771904533955,6.782228673801007,0.3877652779313101,-0.368893668205178,0.5748458901988752,46.22222222222222,9
14,15,70,10,36,0.7742232716939421,6.296617438017247,0.47119883666677675,-0.3470775800999112,0.6405307555027785,41.333333333333336,9
14,15,70,10,44,0.809799063379362,6.9993479487698425,0.5371675659178168,-0.32723284370359795,0.6358498733039737,38.44444444444444,9
14,15,70,14,20,0.6508868661808088,5.220810850496012,0.3561887350170319,-0.38599895183201927,0.5546153452647765,49.44444444444444,9
14,15,70,14,28,0.7006038317540502,5.138534891800792,0.39454030119805056,-0.3681854665395375,0.610789807066073,44.0,9
14,15,70,14,36,0.7896209290956107,6.319947004551513,0.48360796874873446,-0.35167361564325095,0.6271518803290306,38.333333333333336,9
14,15,70,14,44,0.7753438982004995,6.536475534543493,0.5024779710791524,-0.3262932083560006,0.6242683159349824,36.333333333333336,9
14,15,70,18,20,0.686385528552614,5.736398688947994,0.3863986846803748,-0.3726105139194792,0.6044947982903467,45.333333333333336,9
14,15,70,18,28,0.7889555996322194,5.936694141029873,0.45967503114821895,-0.3648487291933338,0.60284116468327,40.22222222222222,9
14,15,70,18,36,0.808744701977789,6.169497032633752,0.514074354692339,-0.3319116531820685,0.6375135588757881,36.111111111111114,9
14,15,70,18,44,0.7424290665037843,4.439010734171499,0.42611980787608966,-0.35043467320382604,0.6204343269294249,33.666666666666664,9
14,15,70,22,20,0.7656751708006151,5.45043813873683,0.4433409294063574,-0.3638652765760383,0.6171670620857612,41.111111111111114,9
14,15,70,22,28,0.8053772087875314,5.970091095435606,0.46997807510974327,-0.3561812573399403,0.6426138290173378,37.0,9
14,15,70,22,36,0.7646435758695495,4.896196964996485,0.44056281748035536,-0.35375902232576134,0.6510728197002708,33.888888888888886,9
14,15,70,22,44,0.808264839156474,5.844063703540261,0.46595168147062427,-0.3476848112850587,0.6625140925854954,31.333333333333332,9
14,20,35,8,20,0.5387317769249022,3.1923801155325773,0.2511877155903809,-0.42504538390995994,0.5912802064463387,64.66666666666667,9
14,20,35,8,28,0.5795938652168396,4.438167716390051,0.30512684641405313,-0.4164861653618017,0.5797102071275719,58.55555555555556,9
14,20,35,8,36,0.5633426399641531,3.8121005290382204,0.29241900932221937,-0.4006509824600444,0.586267214760405,52.888888888888886,9
14,20,35,8,44,0.6161445816572901,3.834047241409527,0.3229163845458578,-0.3815775363751671,0.5668666569187919,50.77777777777778,9
14,20,35,10,20,0.5722474798761996,3.9783991487339825,0.29327691615849066,-0.41206765307696336,0.5885006427362042,63.111111111111114,9
14,20,35,10,28,0.5410873598387604,3.9198632538824807,0.26740230060084536,-0.4217135554938552,0.5799114933281202,57.22222222222222,9
14,20,35,10,36,0.5871787693474144,3.561569888476776,0.287794918826902,-0.40541406243630207,0.602189457277091,51.333333333333336,9
14,20,35,10,44,0.6627733749462548,4.817656292634856,0.38717468659163023,-0.36840125823221376,0.5978230442753317,49.77777777777778,9
14,20,35,14,20,0.5168829729629971,4.355375553111466,0.26274203359308096,-0.43857178162350624,0.5703729302411166,60.888888888888886,9
14,20,35,14,28,0.5931782165609679,3.5942551840450827,0.27748726061070383,-0.42231443694744725,0.6032002399275715,54.44444444444444,9
14,20,35,14,36,0.6717840622508507,4.4952507400415955,0.33770495116298405,-0.4018136493437533,0.6148560497874862,49.22222222222222,9
14,20,35,14,44,0.7347721625201094,4.960858946060252,0.4237369243576053,-0.3767558468212109,0.6380099433141226,46.22222222222222,9
14,20,35,18,20,0.5819254334942092,3.9559750490284364,0.2766575739851651,-0.42771652802332016,0.6194776312783018,55.77777777777778,9
14,20,35,18,28,0.688272109623432,4.775625603838553,0.33887783940155036,-0.41443870912528696,0.6224943248277109,51.22222222222222,9
14,20,35,18,36,0.7570306892397473,6.169600164455435,0.41623293881709905,-0.38220866573527484,0.6310940819015354,46.22222222222222,9
14,20,35,18,44,0.8020641730050979,6.3556088447383745,0.45519862150443113,-0.38274906042611967,0.6508335450238154,43.55555555555556,9
14,20,35,22,20,0.6689058354362074,4.444067647365992,0.32335453115524143,-0.41940312806919205,0.61555293307861,52.0,9
14,20,35,22,28,0.7092564108474606,5.299159467467225,0.3987343141789378,-0.38356755869908443,0.6178703391743565,47.888888888888886,9
14,20,35,22,36,0.7785460245290348,5.9987442472088865,0.46779048503268505,-0.3579984155059472,0.647479315114974,43.44444444444444,9
14,20,35,22,44,0.7642627601874218,4.825525421355029,0.4346135297116928,-0.37963196344260486,0.6564357660784207,40.44444444444444,9
14,20,40,8,20,0.5824320522303243,4.446559171537695,0.2889636251381206,-0.4300958178262962,0.5815759459590967,58.55555555555556,9
14,20,40,8,28,0.5632361528192601,3.7211175125309857,0.2694225512445733,-0.4208726477002897,0.5814115792220367,53.22222222222222,9
14,20,40,8,36,0.6408851749505535,4.881697534009498,0.32968566493413687,-0.4095800199494555,0.5935819169549479,47.77777777777778,9
14,20,40,8,44,0.707945946521513,5.55946655936575,0.3848373288218193,-0.379811328465389,0.6228510167055441,45.22222222222222,9
14,20,40,10,20,0.5590295336812166,4.619171799916149,0.2883778700888351,-0.4273366079263197,0.5760007216407244,56.888888888888886,9
14,20,40,10,28,0.5684245760787019,3.4932049817345656,0.2577173508847153,-0.4335221643501904,0.5811184999167487,52.111111111111114,9
14,20,40,10,36,0.6737566670564438,5.161895883564782,0.3417946135506712,-0.40713805528484226,0.6022805088608357,46.666666666666664,9
14,20,40,10,44,0.7307707508735218,5.652496751328091,0.41464533971075124,-0.38088664935086464,0.6190626577501886,44.77777777777778,9
14,20,40,14,20,0.5778403866623739,4.1014756946959885,0.2859125168069311,-0.42300967764020014,0.5873355543254486,54.333333333333336,9
14,20,40,14,28,0.6500983200721352,3.9089938047170185,0.30279406758674504,-0.4255069077116388,0.6291589828894825,49.77777777777778,9
14,20,40,14,36,0.7641669275267385,5.864688401484887,0.4487525573226856,-0.37367012317372883,0.6267835811134795,45.22222222222222,9
14,20,40,14,44,0.7603463416980288,5.400361241157491,0.4413945169281454,-0.3765448113232655,0.6332205325398745,41.666666666666664,9
14,20,40,18,20,0.6439550490118039,4.31186957947215,0.3059286792254491,-0.42272683513317344,0.6091408766735564,51.44444444444444,9
14,20,40,18,28,0.7285333563156124,5.648800900981266,0.39312586842778957,-0.3847578472960876,0.6298195829193362,47.333333333333336,9
14,20,40,18,36,0.7650743115861766,5.4938039318589915,0.4501157232041107,-0.36045497893431266,0.6332173266197532,43.55555555555556,9
14,20,40,18,44,0.7688822861486826,5.007587487096536,0.4495296454698063,-0.3757072603344211,0.6460389833624751,40.22222222222222,9
14,20,40,22,20,0.705578333658909,4.987631305289372,0.3809122446712105,-0.3910958284150891,0.6256177291555948,48.666666666666664,9
14,20,40,22,28,0.7704097242147382,5.84784244880695,0.46323332984429844,-0.3516639833252577,0.6447280317028397,45.44444444444444,9
14,20,40,22,36,0.7540034027440988,5.4976511254223555,0.447007642116122,-0.3646556718264622,0.626479669885796,42.22222222222222,9
14,20,40,22,44,0.7503268572104231,5.8113110766415605,0.42801039741782126,-0.3681229913709181,0.6342157030753521,38.22222222222222,9
14,20,50,8,20,0.5888587051701353,5.639800146065118,0.33490852958036765,-0.3789336849237073,0.5807870124811311,51.77777777777778,9
14,20,50,8,28,0.6729880698427193,5.065595087054586,0.3643888298208251,-0.3816456199221458,0.6134772914173183,45.44444444444444,9
14,20,50,8,36,0.7437602019892733,5.4588905513648065,0.43512009787045536,-0.3674735026872135,0.6156588982675939,42.44444444444444,9
14,20,50,8,44,0.781334273430824,5.710868452916169,0.46700234025287124,-0.36710788921625986,0.6339401142032721,39.333333333333336,9
14,20,50,10,20,0.5870761308820374,5.652954818888447,0.3333063470653117,-0.38033916358769293,0.5797581945921948,50.111111111111114,9
14,20,50,10,28,0.711009887657201,5.949807654427862,0.4073479581405602,-0.359895391084885,0.6407116190316763,44.55555555555556,9
14,20,50,10,36,0.7684350953709732,6.604757183097537,0.4631970116815908,-0.3704947358694122,0.6243953127817139,42.0,9
14,20,50,10,44,0.7592074810905368,5.208437848487019,0.4529237812140011,-0.3562884408043888,0.6375857695498259,38.55555555555556,9
14,20,50,14,20,0.6809974355288102,5.56486808842448,0.36935707300511167,-0.381106042961847,0.6248715415019763,46.55555555555556,9
14,20,50,14,28,0.7644660082615832,6.37877364944721,0.4666315395124864,-0.3627567927125177,0.6280261447349414,43.44444444444444,9
14,20,50,14,36,0.775469247227635,5.410629045217108,0.46159325811550683,-0.370089476075249,0.6435730268043609,40.111111111111114,9
14,20,50,14,44,0.7660334231273009,5.339880536257864,0.44763168256952224,-0.3549770002539263,0.6544187674218634,37.55555555555556,9
14,20,50,18,20,0.7558822074829348,5.73932693090875,0.4447920188046494,-0.3653612305760561,0.6327424466896668,44.111111111111114,9
14,20,50,18,28,0.7722620014756906,6.249134069539576,0.46124097070535885,-0.36851292938803687,0.6400734992198406,41.888888888888886,9
14,20,50,18,36,0.7384206227902848,4.748568751354307,0.41846488756307104,-0.3676736815741241,0.6425570741360215,38.22222222222222,9
14,20,50,18,44,0.7448829719462793,5.7888349833518005,0.45528266158230335,-0.33525665546150946,0.6458424964616916,36.333333333333336,9
14,20,50,22,20,0.7642389256831176,5.929469350889174,0.4618014703494955,-0.3566598575978145,0.6345053980003876,42.44444444444444,9
14,20,50,22,28,0.7291295223821542,4.996437524977007,0.39533385335182025,-0.38315599932953615,0.6470586775464824,39.888888888888886,9
14,20,50,22,36,0.758243273096881,6.213678650430507,0.4672470239188138,-0.3313084103603643,0.6307771135428514,37.0,9
14,20,50,22,44,0.7460721676735325,5.06893420154695,0.44781764208652025,-0.3394707131995837,0.6625897096485333,34.77777777777778,9
14,20,60,8,20,0.6705401183825419,6.152570126250861,0.39717763954790125,-0.36674939375610155,0.5757364805323959,48.111111111111114,9
14,20,60,8,28,0.7339884218294239,6.876703540127808,0.4413517148636512,-0.35854583267310935,0.6242471949829207,43.111111111111114,9
14,20,60,8,36,0.7908660338854531,5.486484974822515,0.485793725288963,-0.35225562101285146,0.640704400460498,38.55555555555556,9
14,20,60,8,44,0.7784129409117825,5.335048632794939,0.4500427982252748,-0.3500528694270108,0.6292577259553525,35.888888888888886,9
14,20,60,10,20,0.6780697287336009,6.051851931394932,0.38412591279293257,-0.37720740174645495,0.5847564636739511,47.111111111111114,9
14,20,60,10,28,0.7471618937367052,5.730087575734931,0.4818571237034967,-0.3395447206317315,0.6248426717555741,42.333333333333336,9
14,20,60,10,36,0.7663798239706884,5.167945283796943,0.4328972518479237,-0.3741031641226875,0.6319964905116809,37.888888888888886,9
14,20,60,10,44,0.7436488173765469,5.049110078999911,0.4357280397805281,-0.3411744109718296,0.6322387338318711,35.333333333333336,9
14,20,60,14,20,0.7416306066576112,5.745142280041411,0.4755791237345037,-0.3456633078980172,0.6194172790948346,44.77777777777778,9
14,20,60,14,28,0.7645521381422393,5.63033506068871,0.44752810163007645,-0.3629967822207875,0.6206979344678243,40.22222222222222,9
14,20,60,14,36,0.7663962180813528,4.623377072286551,0.44542536445462905,-0.358307674072808,0.638702805369472,36.44444444444444,9
14,20,60,14,44,0.7350439311975779,5.2994276099596656,0.421503141902033,-0.35771808945283784,0.6432872973353683,34.333333333333336,9
14,20,60,18,20,0.7645213681767563,5.611152612679392,0.45297632052579384,-0.36116053090610956,0.6210774470937073,41.888888888888886,9
14,20,60,18,28,0.775732288071778,5.063515843440595,0.462703935389085,-0.3580982093763074,0.6164315462561077,38.22222222222222,9
14,20,60,18,36,0.7456581340030188,5.422335944638131,0.4474140669067394,-0.3382753096403676,0.6334178897430003,35.22222222222222,9
14,20,60,18,44,0.7252017850456723,4.296947396397973,0.40563791490894313,-0.3605478452611355,0.6521649376053235,33.888888888888886,9
14,20,60,22,20,0.7601051335334131,5.0788044187600185,0.42847278930026395,-0.3695079549291223,0.6150279762710229,39.0,9
14,20,60,22,28,0.7531983357878276,5.645714065916275,0.4529052787946328,-0.34278954090053354,0.6347761771910378,36.22222222222222,9
14,20,60,22,36,0.7355546640325361,4.842845625996628,0.4378652428574235,-0.3380579564571468,0.6534374268877747,34.111111111111114,9
14,20,60,22,44,0.8042853851873443,6.308682900673971,0.4935051866963498,-0.32901479819887974,0.6663947880661986,32.77777777777778,9
14,20,70,8,20,0.6472419080391112,5.329693427196137,0.3635691902359469,-0.3731888943858858,0.5582702489979443,47.666666666666664,9
14,20,70,8,28,0.7441944170256419,5.803474006913992,0.4361407305136536,-0.3625954433431326,0.6264810642373145,42.333333333333336,9
14,20,70,8,36,0.7527350938668816,4.7564936910670355,0.43880943812735523,-0.35785733381604756,0.6211289034302451,37.111111111111114,9
14,20,70,8,44,0.7616937091109212,5.5324840120464245,0.4667489907963705,-0.33252221240436985,0.6273092014320085,34.888888888888886,9
14,20,70,10,20,0.6527427097030629,5.192337361259893,0.36885021695065756,-0.37617785852982183,0.5876055349785754,46.22222222222222,9
14,20,70,10,28,0.7470867609735037,6.036012050791634,0.45838912006065463,-0.35292355539127,0.6278978204091225,40.44444444444444,9
14,20,70,10,36,0.7828354964006993,5.1405342961576785,0.48266298571669203,-0.34319822660532784,0.642699890945505,36.666666666666664,9
14,20,70,10,44,0.7583690694556834,6.533998108718099,0.4768022663981428,-0.32550138039175736,0.6575766151983735,34.22222222222222,9
14,20,70,14,20,0.7199880036457331,5.125418891912366,0.41467110916232336,-0.3758846078341114,0.6022373195844387,43.333333333333336,9
14,20,70,14,28,0.8022899805866283,5.849678600702013,0.4770930345980835,-0.36265406839619024,0.6357160605662959,38.333333333333336,9
14,20,70,14,36,0.8057042323381199,6.179175206191398,0.48567408945984336,-0.346644985435899,0.6544359351376896,35.333333333333336,9
14,20,70,14,44,0.7348783978914383,4.889582137002462,0.4314349828012587,-0.3542262392811823,0.6190679193367364,33.0,9
14,20,70,18,20,0.7681849792767089,4.843213108892143,0.43586202561977105,-0.37610050020837393,0.6136839027523268,40.22222222222222,9
14,20,70,18,28,0.7923682972810153,5.3817213734953775,0.4863699497998631,-0.3421748134536425,0.6386977720311053,36.666666666666664,9
14,20,70,18,36,0.7221404022003728,5.088755502716721,0.3758608616282428,-0.3812846718655254,0.626002274484248,33.888888888888886,9
14,20,70,18,44,0.7669376238189706,4.860061194793652,0.42657287630106583,-0.3591477396427742,0.6299738110769977,32.0,9
14,20,70,22,20,0.7960908670279105,5.645964921732915,0.4651042316314513,-0.3646998578368988,0.6400461865374146,37.111111111111114,9
14,20,70,22,28,0.7328652602840943,5.023140428249578,0.3937584128879458,-0.37016387452437033,0.6437414357886494,34.888888888888886,9
14,20,70,22,36,0.7848997516415803,5.460636566508628,0.443964136045242,-0.3575896198987107,0.6423417260935528,32.44444444444444,9
14,20,70,22,44,0.7979000261055281,5.028311845882295,0.4251638650592785,-0.3660390511898506,0.6340188078017692,31.0,9
14,25,35,8,20,0.43905575495416066,3.335609598115211,0.20758191520913977,-0.43813458783516646,0.5750637193642338,68.66666666666667,9
14,25,35,8,28,0.5171370582036179,5.283938589212997,0.294452434675998,-0.4069500077440041,0.5940472332600303,61.77777777777778,9
14,25,35,8,36,0.5825519063152215,3.277708702579732,0.2844263874560359,-0.3962655873169734,0.6022758534406507,56.0,9
14,25,35,8,44,0.6431167411445414,3.978200539654301,0.32435780531307856,-0.39772560428208814,0.6019952970949158,53.44444444444444,9
14,25,35,10,20,0.4677294097716861,3.994483426851433,0.23146149817178222,-0.4361753243462648,0.5784520216625548,66.33333333333333,9
14,25,35,10,28,0.5167636711089326,2.9096832494311706,0.23177807911308174,-0.43562574738518617,0.5887911811622234,59.44444444444444,9
14,25,35,10,36,0.610712465107474,3.612863802973423,0.29733018143890544,-0.39726763224515926,0.595394934693705,53.77777777777778,9
14,25,35,10,44,0.653536130586954,4.1992564305066615,0.33696666469438563,-0.40218663839386476,0.613673338852416,50.666666666666664,9
14,25,35,14,20,0.5354199955433697,3.1977434105254616,0.24453439272496974,-0.43152291744330246,0.5962006605272955,61.111111111111114,9
14,25,35,14,28,0.6562713556917272,4.9289068245603636,0.34649374440761727,-0.38207043678423824,0.6235791660111079,54.333333333333336,9
14,25,35,14,36,0.6945513729543337,5.525209390830065,0.3608197819242449,-0.3997270803207388,0.6318282646750762,50.0,9
14,25,35,14,44,0.7439568367752616,5.94013142599148,0.4336979354820391,-0.3634566393134269,0.6329411366170493,46.888888888888886,9
14,25,35,18,20,0.6273179516040962,3.9204041652420756,0.2997940426709724,-0.4369055338078105,0.6151643371240402,55.44444444444444,9
14,25,35,18,28,0.7270761597543653,6.512242339897301,0.3973460394358304,-0.37733232621304613,0.6330276030747729,51.111111111111114,9
14,25,35,18,36,0.7290244722893968,5.318361783044102,0.4457426750702912,-0.34961722878296686,0.6365171895324752,46.77777777777778,9
14,25,35,18,44,0.7361207271852428,4.887386450228429,0.40132092051715956,-0.38128328534442285,0.6420596042263654,43.55555555555556,9
14,25,35,22,20,0.7121670927069244,5.9116178786337565,0.4125180691519759,-0.35888142654553745,0.6362002103622525,52.666666666666664,9
14,25,35,22,28,0.7208582398855621,5.592033485755488,0.401180504800743,-0.37369831188830527,0.6306214980121415,48.55555555555556,9
14,25,35,22,36,0.7326821236493317,5.544812072764452,0.41839715402959554,-0.3636007972014682,0.6209316842446923,44.0,9
14,25,35,22,44,0.7647270355698512,6.226748035748968,0.4522565173882634,-0.35292148183374916,0.637614502050123,41.55555555555556,9
14,25,40,8,20,0.5015148407473204,3.8901629404929077,0.23948224089823938,-0.4373087110783367,0.5551613670797909,59.888888888888886,9
14,25,40,8,28,0.5692184058989204,3.5272663760769953,0.26685180463949876,-0.4187646883566346,0.6179070646592046,53.77777777777778,9
14,25,40,8,36,0.6756218698891332,4.389823648945454,0.3383786252708421,-0.3950075955528749,0.610721466884665,49.111111111111114,9
14,25,40,8,44,0.7358567035726884,4.874525372009135,0.4197715669245032,-0.3764618455766188,0.6260881644888393,45.77777777777778,9
14,25,40,10,20,0.513660653210165,3.692938141178861,0.238834993851043,-0.4391807339941007,0.5729807273056834,58.0,9
14,25,40,10,28,0.6382107226293496,4.1055253003540315,0.31491096398778456,-0.402811891990882,0.6133649517526432,52.55555555555556,9
14,25,40,10,36,0.6934718958801566,5.563771971618089,0.35929185193618474,-0.38780174367985976,0.6140356512079124,48.0,9
14,25,40,10,44,0.7159040346326238,5.142226883485208,0.3910390774769741,-0.3893186795911865,0.6142277332199811,44.55555555555556,9
14,25,40,14,20,0.6133946893130555,3.5490692560084294,0.2924956317207347,-0.4184012116279628,0.6104849441819198,55.111111111111114,9
14,25,40,14,28,0.7158470374558584,4.83578484005883,0.41121651802058745,-0.3678153540493556,0.6268174784472372,50.888888888888886,9
14,25,40,14,36,0.7347482752855783,5.3017950539200465,0.4328304130855471,-0.3653664974247395,0.6412336915442505,46.111111111111114,9
14,25,40,14,44,0.7243699906540343,4.615923604732013,0.38550299543530836,-0.3927081758777662,0.6309768388841446,42.77777777777778,9
14,25,40,18,20,0.6842470427009295,4.4423289688049215,0.34352577980683946,-0.3970403656658052,0.6169721346191934,52.0,9
14,25,40,18,28,0.7357080118557253,5.390036709436634,0.4461692274775521,-0.34513957135653356,0.639817199878204,47.888888888888886,9
14,25,40,18,36,0.7081395762132671,4.703100187884736,0.384501989082141,-0.38586516036873164,0.6406395703855706,43.888888888888886,9
14,25,40,18,44,0.7545016596610751,6.5515335029962465,0.44758310065269746,-0.35091706193543243,0.6600092705378253,40.77777777777778,9
14,25,40,22,20,0.7258949526942478,5.464003668301171,0.43155019656129434,-0.3441744184690732,0.6402354322343595,48.888888888888886,9
14,25,40,22,28,0.7242443287030881,5.074925310905391,0.41636186610234716,-0.35866642137247273,0.640614274088788,45.44444444444444,9
14,25,40,22,36,0.7191490897588418,7.025711336064994,0.40879483423724716,-0.3598748197855212,0.6260157213220174,42.0,9
14,25,40,22,44,0.74522309007151,5.078171476508992,0.4332954730263092,-0.34329979673808825,0.6262981170875908,38.22222222222222,9
14,25,50,8,20,0.6005308610200983,4.164581678215927,0.2941498763597505,-0.40097189648510784,0.6197454546282144,48.55555555555556,9
14,25,50,8,28,0.7230333108231716,5.512336804135932,0.4112806680994953,-0.36498853823693667,0.6351665316233904,44.77777777777778,9
14,25,50,8,36,0.7646758879605632,5.697492275936593,0.43315483950275446,-0.36947160873735485,0.6336539161978753,41.44444444444444,9
14,25,50,8,44,0.7484753933316599,5.536960952938589,0.4175440482035215,-0.37328712741124354,0.6298617075039838,38.333333333333336,9
14,25,50,10,20,0.6878728388888528,4.715316377779838,0.3778753741759953,-0.3715334460024354,0.6196514281620664,47.333333333333336,9
14,25,50,10,28,0.7325303119527635,6.22330834145453,0.4098822512253669,-0.37624831710345785,0.6370422029214062,43.888888888888886,9
14,25,50,10,36,0.7637242955400525,5.013137496746097,0.44971592522944526,-0.35566876663440855,0.629558119632604,40.44444444444444,9
14,25,50,10,44,0.7181270527855541,5.022929342257979,0.4174782190150004,-0.35358909262368426,0.6256344787046542,37.55555555555556,9
14,25,50,14,20,0.7345035757712468,6.71451859085464,0.4065000526819283,-0.3838664375759995,0.6220666266776314,45.22222222222222,9
14,25,50,14,28,0.7160886943021085,5.127100386341057,0.4121952768646986,-0.3627747836296361,0.6248783789056053,42.333333333333336,9
14,25,50,14,36,0.697110743501502,4.9616329544780475,0.37978459149517607,-0.3805165247507003,0.6346682319724681,39.44444444444444,9
14,25,50,14,44,0.7398359381853896,5.143496637649445,0.44416973421063066,-0.33107663628879885,0.6334707913655282,36.55555555555556,9
14,25,50,18,20,0.7203795394785742,5.212092784305864,0.4056518419027485,-0.3673637998362036,0.6210304936796343,43.888888888888886,9
14,25,50,18,28,0.7228236423031812,5.321355606164178,0.42149230867082244,-0.36506088299892325,0.6338077381327523,41.333333333333336,9
14,25,50,18,36,0.7770085089538221,6.370664771073663,0.48085214138493726,-0.3303735800344704,0.640618225705945,38.22222222222222,9
14,25,50,18,44,0.7547156029371149,5.149017606508347,0.4476637023712436,-0.3341660371139295,0.6537361239115625,36.333333333333336,9
14,25,50,22,20,0.7116836038160866,6.001498152705285,0.41011801584851004,-0.3707451855625405,0.6310731426301478,42.22222222222222,9
14,25,50,22,28,0.7552983514913088,7.610760242736635,0.4697706270061949,-0.3407586676427041,0.6512105879243235,40.0,9
14,25,50,22,36,0.7301197347714173,5.216644398147267,0.4312181690191218,-0.3379626414731114,0.6355917718146821,37.0,9
14,25,50,22,44,0.7446427433551526,6.5042587151954905,0.4640106900333916,-0.32835426995780803,0.638339494957142,35.111111111111114,9
14,25,60,8,20,0.8020309851095764,7.2953319368604275,0.49883435087559896,-0.3473563396611809,0.6373630105810102,43.666666666666664,9
14,25,60,8,28,0.7769110028564924,5.625629099466557,0.4393951620977018,-0.37594375093637655,0.6382703871075965,40.22222222222222,9
14,25,60,8,36,0.7590280464368528,5.21777503377775,0.4404017710709986,-0.35684191000357773,0.6542998341243956,36.666666666666664,9
14,25,60,8,44,0.7429446976637096,5.656635936554615,0.44260144908900045,-0.341065338839613,0.6647978720347142,35.44444444444444,9
14,25,60,10,20,0.7701841566385226,5.581181608246915,0.4625705687065318,-0.35734569143523365,0.6334096643904635,42.55555555555556,9
14,25,60,10,28,0.7423200489550765,5.292013179118262,0.4205376928551123,-0.3878540034440443,0.6365389448187907,39.333333333333336,9
14,25,60,10,36,0.7399571298268625,5.717058427152894,0.43467652988499444,-0.353117789906898,0.6507266037967792,36.0,9
14,25,60,10,44,0.7344721020825962,4.9371385462307655,0.4367953883971247,-0.3375690233652935,0.6505962837082381,34.333333333333336,9
14,25,60,14,20,0.7506480506419332,5.099231005314704,0.41951162004283715,-0.38303880437632015,0.6418401245124533,40.55555555555556,9
14,25,60,14,28,0.765024579481107,5.726754115151871,0.45292586298935056,-0.3536293897348815,0.6475845374968182,37.44444444444444,9
14,25,60,14,36,0.745669402365725,4.860399320646943,0.4410329821161292,-0.3346788650198163,0.6423435358548878,35.333333333333336,9
14,25,60,14,44,0.7337158081641655,4.408469478857908,0.4346271775763141,-0.33850183936222017,0.6423322025788819,34.22222222222222,9
14,25,60,18,20,0.7255862796488705,4.797600450863382,0.41323808543862084,-0.36789828235368227,0.623804171718164,38.333333333333336,9
14,25,60,18,28,0.7621852909418867,5.2568117212678755,0.44638976695969707,-0.34329738617433025,0.6573318704897653,36.22222222222222,9
14,25,60,18,36,0.7500753560827081,5.520970429699457,0.4529877969932814,-0.33134829006288374,0.6549731342623499,34.666666666666664,9
14,25,60,18,44,0.788614969893745,5.804237955793384,0.47438472569950046,-0.3328623449115125,0.6636304519092311,33.111111111111114,9
14,25,60,22,20,0.7734517138165273,6.607217548480164,0.4620523877938484,-0.34110479587396814,0.642564808199483,36.55555555555556,9
14,25,60,22,28,0.7424883681455796,5.532096105453892,0.4649287561430248,-0.32877478091776374,0.6505225039280766,35.333333333333336,9
14,25,60,22,36,0.7959271356779324,6.800209454161015,0.5065448407794393,-0.3206801451294907,0.6650183558271794,33.55555555555556,9
14,25,60,22,44,0.8084059011596563,5.6719115537627305,0.44517940874988504,-0.3622594735935525,0.6484669346946877,31.88888888888889,9
14,25,70,8,20,0.732344998785272,4.634582972619468,0.4300869755217947,-0.358108630682039,0.6071210790509036,40.77777777777778,9
14,25,70,8,28,0.7582203558018115,5.264794804083676,0.4505968704811381,-0.3537445548380457,0.6314749475998186,36.44444444444444,9
14,25,70,8,36,0.7338190603776478,6.508968273722297,0.4185965092480906,-0.35424897632726515,0.6366937347329505,35.22222222222222,9
14,25,70,8,44,0.7499856301913268,4.98266110995733,0.4132027778144025,-0.36311420048002735,0.6320089271152889,33.0,9
14,25,70,10,20,0.7135280368345814,3.861490745839968,0.4108472833751844,-0.36689257428110955,0.6070423330265008,39.22222222222222,9
14,25,70,10,28,0.7577743963968699,6.1884315156556795,0.44483544087810745,-0.35662847706017814,0.6273880539231416,36.0,9
14,25,70,10,36,0.7409630566420652,6.541911102398318,0.41461282465710864,-0.36365533400908134,0.6330045604555408,34.888888888888886,9
14,25,70,10,44,0.7343730793122567,4.828433523547336,0.4111017779788885,-0.3542138678940801,0.6348565739764295,32.0,9
14,25,70,14,20,0.7432762643553358,5.784992625043304,0.42863842489995585,-0.3598344678143799,0.6206449495923181,37.666666666666664,9
14,25,70,14,28,0.7537718680738257,5.607024177265992,0.42448037461410654,-0.3563667494566612,0.6436675853342521,35.333333333333336,9
14,25,70,14,36,0.7234666985898558,4.409444289282764,0.40637397951885146,-0.3529419345050136,0.632137375152081,33.55555555555556,9
14,25,70,14,44,0.7803025617756623,6.151057783989358,0.42757935099488953,-0.36065488061186063,0.6487132601773871,31.22222222222222,9
14,25,70,18,20,0.7764281523067732,6.194885519499504,0.4579697199203352,-0.34253535964362464,0.6399328572638686,36.111111111111114,9
14,25,70,18,28,0.7269030809688561,4.989645095072291,0.41235993953858746,-0.3485224421553112,0.615133536579615,34.111111111111114,9
14,25,70,18,36,0.8264554559863062,6.602666696901224,0.4989906212026622,-0.34417325071156996,0.6673623001969857,32.55555555555556,9
14,25,70,18,44,0.7970840998535618,5.103003269057339,0.4226183003239583,-0.38377373161835165,0.6412580174877335,30.444444444444443,9
14,25,70,22,20,0.7435573579683542,5.486224250591833,0.42713861370610867,-0.34910747543723303,0.6157642220142221,35.0,9
14,25,70,22,28,0.8092083996552705,6.890155787985026,0.4891804423588013,-0.34493031273300656,0.6471912241599149,33.22222222222222,9
14,25,70,22,36,0.7966348988059706,4.982882464939134,0.42743272543047695,-0.3736318681795209,0.6658484475294819,31.333333333333332,9
14,25,70,22,44,0.7964613545261362,5.619601438979082,0.40757288545019293,-0.3750615290064079,0.663147381035312,30.11111111111111,9
14,30,35,8,20,0.545639947280376,4.036024917149668,0.3002118956858537,-0.3879741705042533,0.5955871715365385,74.88888888888889,9
14,30,35,8,28,0.567974412511028,3.307969504451632,0.2862340508199372,-0.3929923126583057,0.5826587523295041,66.88888888888889,9
14,30,35,8,36,0.6260456602165565,3.8987715348385827,0.31621224030695005,-0.3873790443284891,0.6014790250247913,62.77777777777778,9
14,30,35,8,44,0.685198190520502,4.207812901602654,0.34787868966011204,-0.3930142649281278,0.615272765173654,59.0,9
14,30,35,10,20,0.5690809075560934,3.7944097419703686,0.2793265586670317,-0.4125973992769849,0.5968540429903777,70.33333333333333,9
14,30,35,10,28,0.6651829837614271,6.377419356275748,0.3767836780874385,-0.3735391148827204,0.6092483135101963,62.333333333333336,9
14,30,35,10,36,0.664540986512605,4.197909481295807,0.34242949507196596,-0.39011371880079065,0.6096723410204886,58.0,9
14,30,35,10,44,0.7135260403458306,4.970352234804725,0.36950045845596635,-0.39459400578996967,0.628797236104204,54.888888888888886,9
14,30,35,14,20,0.6276360541811632,3.961094817513239,0.29046548140795675,-0.43623024738121696,0.6120176676187605,62.666666666666664,9
14,30,35,14,28,0.7072331618935392,7.097448842917899,0.38402543932430194,-0.37951263322777323,0.6361090189715425,55.55555555555556,9
14,30,35,14,36,0.7344562340016363,5.888783381584968,0.4196707765432243,-0.38220895142921074,0.6254137573967392,50.77777777777778,9
14,30,35,14,44,0.6883460291463248,4.723193510321348,0.3548886018888121,-0.391909985288266,0.6361293184828025,47.888888888888886,9
14,30,35,18,20,0.6721682809779904,5.6758961149250995,0.3636371305067304,-0.3870049506083879,0.6231765171858684,57.44444444444444,9
14,30,35,18,28,0.6603390275647816,4.1023486445055495,0.33885044613266296,-0.38681734889937963,0.6297942386831276,51.666666666666664,9
14,30,35,18,36,0.6900243872439096,3.9647295972981027,0.39759314303084126,-0.35147517099723413,0.6311798317161517,47.22222222222222,9
14,30,35,18,44,0.713274575333066,4.657648341089768,0.4005188598716615,-0.36048795961895613,0.6295498940444405,44.44444444444444,9
14,30,35,22,20,0.6449450372068983,4.626797738773514,0.3507344135463703,-0.3693148070252203,0.6357265259780983,53.44444444444444,9
14,30,35,22,28,0.6636086584105467,4.040878254709031,0.35266833329175856,-0.37430864161563815,0.6239785512313673,49.0,9
14,30,35,22,36,0.7078701202556406,5.154190211943126,0.42013529857277626,-0.3593199746833966,0.6140702225847153,44.55555555555556,9
14,30,35,22,44,0.7334418840459555,5.157815716304665,0.4338480554235952,-0.3494461272244584,0.6255995358316007,41.888888888888886,9
14,30,40,8,20,0.6094816355438304,4.101676087227123,0.31037029072357364,-0.41250546718963493,0.6087250869888632,66.55555555555556,9
14,30,40,8,28,0.6316726324508236,5.302216844064081,0.3247765150413637,-0.38792934678252305,0.6119611980549635,57.666666666666664,9
14,30,40,8,36,0.7205545524189182,5.380490655240275,0.38781035517072177,-0.37736560917959355,0.6272496743049393,53.333333333333336,9
14,30,40,8,44,0.7222147870545116,5.258353644168875,0.3989689082424563,-0.3830708209462713,0.6333221403897206,51.333333333333336,9
14,30,40,10,20,0.6118269753626475,3.4690575770250125,0.2994276209382606,-0.4214398870244479,0.600862680164035,63.0,9
14,30,40,10,28,0.6798471746714944,5.8976080759895595,0.36066010324687203,-0.3783386830697395,0.619832258072657,55.22222222222222,9
14,30,40,10,36,0.7126586821903816,4.696203576928049,0.4165021555144113,-0.3639097728179571,0.6264371871188812,51.333333333333336,9
14,30,40,10,44,0.6760817030333486,4.121964017725904,0.3517726674522447,-0.3934870427816585,0.6188729963268185,49.0,9
14,30,40,14,20,0.6659353549047082,4.636971269424987,0.34123794647064654,-0.39735658230803866,0.619179932536346,57.333333333333336,9
14,30,40,14,28,0.6652601233829813,3.720309461124612,0.3286882790223315,-0.39744639393622466,0.6509508414058913,52.22222222222222,9
14,30,40,14,36,0.6241822709633058,3.4259474370145093,0.31604550167348383,-0.3851145851304131,0.6260401343000128,47.333333333333336,9
14,30,40,14,44,0.6907967005019342,3.9748211282969907,0.3663666464064548,-0.3751259232044358,0.6433681847128917,44.22222222222222,9
14,30,40,18,20,0.6678903292121983,4.033861148094835,0.33830577404886997,-0.39722391964869846,0.6508627557431356,52.888888888888886,9
14,30,40,18,28,0.6638595408345528,4.409580457438073,0.3621559940940975,-0.36886430034724993,0.6327073503563526,48.44444444444444,9
14,30,40,18,36,0.703316433294506,5.167704911393872,0.394627658492262,-0.36551925341555097,0.6387017493943552,44.22222222222222,9
14,30,40,18,44,0.7236373202108677,4.7337667286815055,0.42371021615343335,-0.3447000575693765,0.6257283669601689,41.888888888888886,9
14,30,40,22,20,0.6627694740132054,4.107259672119489,0.3586967658741885,-0.3688515650429626,0.6244504910845795,49.333333333333336,9
14,30,40,22,28,0.6930773949914659,5.049255994483133,0.4181514387065859,-0.3426506351853231,0.6461946708931269,45.77777777777778,9
14,30,40,22,36,0.740667639169463,4.370991988968765,0.43124099772087005,-0.34764868027262785,0.6435146306813918,41.77777777777778,9
14,30,40,22,44,0.7374613227716923,5.2154995722326545,0.4459804830248823,-0.3391164550698128,0.6361268295478822,38.44444444444444,9
14,30,50,8,20,0.6654194878199,4.46702990196629,0.3544860842313713,-0.3670622396144719,0.6208684978587469,51.0,9
14,30,50,8,28,0.6940666106426676,4.6203071494438,0.3870989949721532,-0.3643903155391951,0.6209423331466414,46.333333333333336,9
14,30,50,8,36,0.7300100247550425,5.405050952782263,0.4264351695143873,-0.3560958786064623,0.6497523606901561,42.888888888888886,9
14,30,50,8,44,0.7295901476538678,5.3161651765101805,0.41819451332237856,-0.35239305420854705,0.6267174271495555,39.333333333333336,9
14,30,50,10,20,0.6947160867319119,4.621275467754487,0.3663092999256534,-0.37220274200566805,0.6379934195900583,49.44444444444444,9
14,30,50,10,28,0.6649201338354255,4.336918556093137,0.3572745632877195,-0.3783202707333088,0.614517586809249,45.44444444444444,9
14,30,50,10,36,0.7099085458778288,5.155788373457524,0.40140603762872157,-0.36328877315496905,0.6408553455395958,42.0,9
14,30,50,10,44,0.7159367540426147,4.562810338926241,0.42937519608988084,-0.33566066855293086,0.6326984310766439,38.888888888888886,9
14,30,50,14,20,0.6676498244921238,4.1677603516754544,0.3591115092150856,-0.3657856484454276,0.626542799084207,46.888888888888886,9
14,30,50,14,28,0.6994633019436641,5.396007301349495,0.4131809884873591,-0.3516635270557979,0.6501067817746403,43.111111111111114,9
14,30,50,14,36,0.7041504020442547,4.172725579956532,0.38593149005594446,-0.36377525781689374,0.6200821967554808,40.55555555555556,9
14,30,50,14,44,0.7365608022225902,4.7845639931994075,0.43499392363961187,-0.3325749725811056,0.6277417672154514,36.77777777777778,9
14,30,50,18,20,0.7042612939997788,5.210014204426735,0.42886710195132094,-0.3408562045569192,0.6299497700823634,44.666666666666664,9
14,30,50,18,28,0.6950830548676116,4.446008039382209,0.4015967323953443,-0.3508809082622688,0.618808832393631,41.666666666666664,9
14,30,50,18,36,0.7352937330969609,5.423325619653641,0.43191425171193365,-0.3408546192694438,0.6608238902098551,38.888888888888886,9
14,30,50,18,44,0.7558849809929037,8.415736446303649,0.46647701804337466,-0.3507362385371871,0.6456551919013219,35.55555555555556,9
14,30,50,22,20,0.6982789546311676,4.880267937919154,0.4012114779057313,-0.35439658950985753,0.630455598106465,42.666666666666664,9
14,30,50,22,28,0.7302006841368918,6.02052510569013,0.45693038785228157,-0.3209819515712884,0.6649771486421037,39.77777777777778,9
14,30,50,22,36,0.7553611370896347,6.114220289070219,0.45289957445741597,-0.34029773133629504,0.6697770395138816,37.0,9
14,30,50,22,44,0.7199815875261473,4.77800690525045,0.3822318582171544,-0.37029971707523235,0.6232763548852633,34.666666666666664,9
14,30,60,8,20,0.7259028759388015,4.9139651549288415,0.38662505702208594,-0.38893228167335087,0.6440032935526042,42.111111111111114,9
14,30,60,8,28,0.7306193129556031,5.706226293597187,0.4290421277115507,-0.3631821252731689,0.6364572006005069,39.111111111111114,9
14,30,60,8,36,0.7700693235560854,5.57023553285702,0.47770664327712864,-0.3261577171750547,0.6560830410611111,36.44444444444444,9
14,30,60,8,44,0.7750961796888791,5.326644367415253,0.48202723483265064,-0.31790695924602863,0.6525432326902915,34.77777777777778,9
14,30,60,10,20,0.7466775395845839,4.9794884491581435,0.42533209022085966,-0.37739586147685417,0.642560125383214,41.22222222222222,9
14,30,60,10,28,0.7097942351809582,6.130090369689585,0.41167404138544805,-0.3563433052994878,0.6382990763021723,38.22222222222222,9
14,30,60,10,36,0.7631804990279337,4.870033840863993,0.46766320965521263,-0.3236696346164234,0.6555939647077418,36.22222222222222,9
14,30,60,10,44,0.7615100162673929,5.195773281208502,0.4619552430299137,-0.3230343071167926,0.6592964675823626,34.333333333333336,9
14,30,60,14,20,0.6999842823257304,5.783474615750004,0.41631559329124246,-0.35203460985967727,0.646004411098549,39.0,9
14,30,60,14,28,0.7458297629205027,5.176867471320842,0.43062398424643716,-0.3447615098152462,0.6582728600272459,36.888888888888886,9
14,30,60,14,36,0.7305687217748378,5.617271255236336,0.4410283948058289,-0.32599801119676536,0.6547682587865766,35.333333333333336,9
14,30,60,14,44,0.7750649317272011,6.20856193942358,0.45806271882700234,-0.3361086022913127,0.6421194262433984,33.55555555555556,9
14,30,60,18,20,0.7547348926463188,5.527630173072083,0.44870612947277333,-0.3394901094796075,0.6500564428841002,37.333333333333336,9
14,30,60,18,28,0.7569844804691781,6.628652367009469,0.4534786221718924,-0.3400176592726008,0.6559969270495587,35.77777777777778,9
14,30,60,18,36,0.7511137001604121,6.914510385037503,0.4402816976168973,-0.3389848817635563,0.6324898316319886,34.55555555555556,9
14,30,60,18,44,0.7923345179361676,5.918373827198015,0.4253720552879169,-0.36198093803385567,0.6526888433995187,32.55555555555556,9
14,30,60,22,20,0.7626182036516399,6.042773807726432,0.4666652604558235,-0.3330158547292928,0.6545339378672712,36.22222222222222,9
14,30,60,22,28,0.7452404980074344,6.303423941007092,0.45661931928264615,-0.32513892264286937,0.6437309467946722,35.0,9
14,30,60,22,36,0.7579414243357293,5.048174646130884,0.39947597232457405,-0.363541120108514,0.6448200150050245,32.666666666666664,9
14,30,60,22,44,0.804382738925915,5.738220353688515,0.41032284048756307,-0.3779259325016965,0.6259913360744349,31.555555555555557,9
14,30,70,8,20,0.7483655806394204,5.836669191875076,0.424755066288744,-0.36641979197900765,0.6165265138414475,38.77777777777778,9
14,30,70,8,28,0.7439317684215143,6.136724543702239,0.43256531317593805,-0.3434955868736458,0.6354950479863093,35.333333333333336,9
14,30,70,8,36,0.7455402770037847,4.6340148180991285,0.44629490276792183,-0.33192329008952465,0.6454771446430206,33.888888888888886,9
14,30,70,8,44,0.8037309492397982,7.1438088687070485,0.4791402705675899,-0.33856248200693717,0.6731885145154791,31.444444444444443,9
14,30,70,10,20,0.7623738308445458,6.55941306624743,0.43610144325015504,-0.36360451597606386,0.6462246302029585,37.77777777777778,9
14,30,70,10,28,0.7426708929996695,5.384732882468871,0.4262916833568597,-0.34277199891146,0.6413015866684432,34.666666666666664,9
14,30,70,10,36,0.7662855763006738,5.691733558718111,0.47544305026767003,-0.3243778222327517,0.6604583586991873,33.55555555555556,9
14,30,70,10,44,0.8112168678791059,6.70644740968768,0.488654638987688,-0.33485751614756176,0.6560684312095193,30.88888888888889,9
14,30,70,14,20,0.7521130670834819,5.281731649597415,0.41686426242075686,-0.3566709106609084,0.6491995284758443,35.55555555555556,9
14,30,70,14,28,0.7644876118960173,5.651708176657915,0.4877705900333539,-0.3168564491188935,0.6605013361378005,34.111111111111114,9
14,30,70,14,36,0.7882424846124437,6.154568712455828,0.4522936151968843,-0.3427562863804549,0.6552404538966405,32.111111111111114,9
14,30,70,14,44,0.8052179744049951,6.293079699346013,0.4206207792899301,-0.38405626189157105,0.6712229156333717,30.11111111111111,9
14,30,70,18,20,0.761470066578149,5.771751764984871,0.4582715306751484,-0.3332199607954773,0.6637436779316919,34.0,9
14,30,70,18,28,0.7895271945137458,6.181065405141968,0.4765096231120933,-0.33768462803516475,0.6520893458393459,32.77777777777778,9
14,30,70,18,36,0.7979836774625818,5.416116132979724,0.4289886336264894,-0.37160675690833667,0.6606673729817092,31.11111111111111,9
14,30,70,18,44,0.8409849984099274,6.824445452559215,0.43978037791125707,-0.3763872316893171,0.6658148604269294,29.88888888888889,9
14,30,70,22,20,0.8020029376181643,6.339870784141549,0.4914644339289274,-0.33880184043485084,0.6385166440313499,33.0,9
14,30,70,22,28,0.799987985357154,5.212165886395392,0.42223834197147225,-0.3714552724268103,0.6787667762018348,31.555555555555557,9
14,30,70,22,36,0.8390605108098369,6.091064486703732,0.4248660589906684,-0.3822613587309485,0.6579730344121334,30.22222222222222,9
14,30,70,22,44,0.8059468019027847,5.630957693730858,0.40049498087280194,-0.38566133354924337,0.646104425484292,29.444444444444443,9
14,34,35,8,20,0.5729214067072521,3.330122066055031,0.2837668664797619,-0.3970967509764029,0.5888118310072777,82.33333333333333,9
14,34,35,8,28,0.5742285210298497,3.5315158480671682,0.277544657442102,-0.40923804130419306,0.5837070001238248,73.66666666666667,9
14,34,35,8,36,0.6780735846425565,4.0035491178701275,0.36420737728924274,-0.3823744501645417,0.6070037461408893,68.11111111111111,9
14,34,35,8,44,0.6851484468386384,4.291587231881113,0.3640948392344867,-0.39172150684907087,0.6099789515864177,64.88888888888889,9
14,34,35,10,20,0.5605779067355523,2.47092938471982,0.2566407793220006,-0.429963985851463,0.6080891702538653,76.66666666666667,9
14,34,35,10,28,0.6500239833246803,5.677742018511267,0.35042132210763843,-0.3754011471468515,0.5941516871100274,66.88888888888889,9
14,34,35,10,36,0.6856710979010765,4.858640038848388,0.33470608650696587,-0.4122964650814585,0.6287198392326376,61.888888888888886,9
14,34,35,10,44,0.6087634468952019,3.2376886627759336,0.29582138650650824,-0.4175049840468931,0.586527371631897,59.333333333333336,9
14,34,35,14,20,0.6141982157572804,3.988650459883319,0.30204092454750836,-0.41173290482793623,0.6113945262119199,65.88888888888889,9
14,34,35,14,28,0.6473088655867332,3.832403302330073,0.32160667349982985,-0.39550168723855095,0.6279683547400864,58.44444444444444,9
14,34,35,14,36,0.6060050656522136,3.5839479115729986,0.2872351410727478,-0.41396848759276844,0.6033534461959229,54.44444444444444,9
14,34,35,14,44,0.6676209355653615,3.553856570457724,0.3388460265265827,-0.3910099627771576,0.6232290932039231,51.888888888888886,9
14,34,35,18,20,0.6060208271778786,3.1388511745259127,0.2870544581712895,-0.41024019455403576,0.6064317324536633,60.44444444444444,9
14,34,35,18,28,0.615083742449754,3.2523120010059494,0.30759550102950795,-0.40486052967308195,0.6220156334570819,53.666666666666664,9
14,34,35,18,36,0.6579810607616378,4.151150255156776,0.38535495315854157,-0.3551306276733442,0.5927865217103707,49.111111111111114,9
14,34,35,18,44,0.736228586329684,5.556769974657948,0.43146319093319396,-0.3420550611061588,0.6185284893767774,45.111111111111114,9
14,34,35,22,20,0.6369902391248673,3.3415220623850725,0.3432807887720564,-0.38058428918075715,0.6191680355076155,55.77777777777778,9
14,34,35,22,28,0.698490966348637,5.338967487510225,0.4323234972405434,-0.3352922119502754,0.6302342577329169,50.111111111111114,9
14,34,35,22,36,0.6989022747720149,4.13038933324649,0.4099652050335164,-0.34754792059728895,0.6255958153048167,46.333333333333336,9
14,34,35,22,44,0.7509590809376889,4.888780414836713,0.4687793208698423,-0.335601543534062,0.6456633304156054,43.77777777777778,9
14,34,40,8,20,0.5698960847152661,3.565831465742488,0.2735223060741964,-0.42135180692367485,0.5721201007185861,73.22222222222223,9
14,34,40,8,28,0.6272016522273979,3.946269699998913,0.31753248726829425,-0.3975794087902971,0.6078634532265046,63.888888888888886,9
14,34,40,8,36,0.6112486979113145,3.873049523878995,0.30670659426530444,-0.4146259593597028,0.6008035708054551,58.888888888888886,9
14,34,40,8,44,0.5888393004954849,3.385812564562489,0.27083066802717465,-0.42396440845739186,0.5894964638087354,56.333333333333336,9
14,34,40,10,20,0.5792951225170107,3.2202254666718506,0.29123941394461383,-0.39480646130782604,0.5844238972683926,67.88888888888889,9
14,34,40,10,28,0.6176186205709306,4.534857046555246,0.2975289001314041,-0.417771327314563,0.6066205662912594,59.888888888888886,9
14,34,40,10,36,0.5866642533025495,3.3275014239112712,0.27382545629232274,-0.4189792010179301,0.5908915837228759,54.77777777777778,9
14,34,40,10,44,0.6064532437657716,3.3130654993453583,0.3063443005499915,-0.39746693684163986,0.6007205501628679,52.333333333333336,9
14,34,40,14,20,0.6104222294442213,2.6322291044849475,0.28326948028583526,-0.42138109708958793,0.6246176426940928,59.888888888888886,9
14,34,40,14,28,0.61315461468397,3.122364224694273,0.299609999888032,-0.40714604705065427,0.6144853402704329,53.0,9
14,34,40,14,36,0.69477510325058,4.3682564893264315,0.40968901336049063,-0.3499901409216647,0.6212420246657028,49.0,9
14,34,40,14,44,0.729284951651436,4.897176513606236,0.44257814537050566,-0.34014182318442787,0.6368377136922605,45.44444444444444,9
14,34,40,18,20,0.626472620878152,3.9058539626487194,0.30945989320853073,-0.4088550324931829,0.6107192569180873,54.666666666666664,9
14,34,40,18,28,0.6875338043122577,4.4253823955620515,0.4035703310561701,-0.35475913558856337,0.6280092013164604,48.44444444444444,9
14,34,40,18,36,0.6944943427202063,4.313553242489703,0.3885601758260499,-0.3576721313095342,0.6338094950987253,44.77777777777778,9
14,34,40,18,44,0.716968073378833,5.270371704566468,0.43619927369077927,-0.33904859348993355,0.6306655461550363,42.666666666666664,9
14,34,40,22,20,0.6657758910030809,4.292903060571138,0.39059429532043016,-0.344429934869713,0.6313782990092662,50.666666666666664,9
14,34,40,22,28,0.6675651655942239,3.639177860905472,0.38854852226000075,-0.3372915024649186,0.6108293872471099,46.22222222222222,9
14,34,40,22,36,0.74686178486379,6.311206200739509,0.466125234082021,-0.31851085672536944,0.6446580253916235,42.22222222222222,9
14,34,40,22,44,0.7298827677037667,5.241219801773919,0.43323366063882324,-0.3436963840480194,0.6235074782137381,39.111111111111114,9
14,34,50,8,20,0.6255195576984915,3.8572607452293264,0.3033944192944404,-0.4051180766643206,0.6207032369158025,55.111111111111114,9
14,34,50,8,28,0.6858593057572137,4.946552308404275,0.38375077485306763,-0.3661593087998976,0.6312605985965154,48.0,9
14,34,50,8,36,0.6899842421354015,5.143951379405739,0.41684332603249447,-0.35141535680189784,0.6389260223300519,44.888888888888886,9
14,34,50,8,44,0.7212751492435243,5.401610877042093,0.429143432658601,-0.3405130159103203,0.6299526504811058,41.55555555555556,9
14,34,50,10,20,0.6285278071873327,3.7373257371383994,0.3207440282731108,-0.38247065080562304,0.6117512571286156,53.22222222222222,9
14,34,50,10,28,0.6799867667320361,5.19772216071015,0.39066810983983163,-0.36685558593360246,0.6311114537294,47.0,9
14,34,50,10,36,0.7054016253796909,4.973101658507984,0.4381931578866862,-0.3356272372816237,0.6444663754835811,43.111111111111114,9
14,34,50,10,44,0.7435771887625218,5.129301023515807,0.4495938490196245,-0.3359875554605602,0.6417815661852442,40.44444444444444,9
14,34,50,14,20,0.6728848049108278,4.758690223577549,0.3788138714303803,-0.3598288902443826,0.6246152415338628,49.55555555555556,9
14,34,50,14,28,0.6603518767995458,4.9682820923851425,0.3827048701034853,-0.34885487344642374,0.6174071338439674,45.111111111111114,9
14,34,50,14,36,0.7337886545310995,6.338692745104699,0.46360557026366617,-0.32727494759146153,0.6521186916204879,41.55555555555556,9
14,34,50,14,44,0.7647169170715975,7.114581139721744,0.4856819667976178,-0.32772161931862714,0.653675507997288,38.22222222222222,9
14,34,50,18,20,0.647501036817283,4.183750875850476,0.38802893034758107,-0.34653115909722904,0.596312754210534,47.111111111111114,9
14,34,50,18,28,0.717309166193716,6.2472454866100735,0.452100688740304,-0.32272334778649026,0.648236810619697,42.55555555555556,9
14,34,50,18,36,0.7452002702899648,6.556033431844583,0.45705900449230824,-0.33586278304389255,0.660061937585298,39.44444444444444,9
14,34,50,18,44,0.7455720464063157,5.886309507346354,0.43173672228517335,-0.3533671277530718,0.6445969091802425,36.111111111111114,9
14,34,50,22,20,0.689670774274621,5.297886570526554,0.421067371496081,-0.3262823485896796,0.6457668431674095,43.111111111111114,9
14,34,50,22,28,0.7389282326449,5.989607938577973,0.4419466194298022,-0.33858253102918384,0.6516951161688005,40.333333333333336,9
14,34,50,22,36,0.7488398014181007,5.803357662056652,0.42370831476947857,-0.3596643694911506,0.6453797625946749,37.44444444444444,9
14,34,50,22,44,0.7600362546953804,4.994210774860419,0.393700358263827,-0.36877533603305934,0.6499806545582454,34.44444444444444,9
14,34,60,8,20,0.7019037511112896,4.704113024782194,0.4198925259578768,-0.3519108206980679,0.6340605882684885,43.666666666666664,9
14,34,60,8,28,0.6929703084051105,5.803842148717965,0.41429977293005815,-0.3440646290318986,0.6391440977127755,39.888888888888886,9
14,34,60,8,36,0.7685458198677759,5.271492132403424,0.46241972149138694,-0.32863035981679556,0.6615797344964012,37.111111111111114,9
14,34,60,8,44,0.7409113589558838,5.312395335382577,0.4474970177230304,-0.3359298614511568,0.6484684488795812,34.77777777777778,9
14,34,60,10,20,0.6799411942960361,4.598742870009881,0.4213563818381556,-0.3424668524903106,0.6386509556748033,42.666666666666664,9
14,34,60,10,28,0.7409313850306485,6.167034894770713,0.45255485492898323,-0.3278926923915898,0.6442520698376359,39.22222222222222,9
14,34,60,10,36,0.7824050300811364,6.679039577277706,0.47536707891074265,-0.338912311346028,0.6812454624954625,36.333333333333336,9
14,34,60,10,44,0.787724569457743,6.395857973183553,0.481069912898465,-0.3299290874378049,0.6569380224178986,34.0,9
14,34,60,14,20,0.7099191930359964,6.1058513023685865,0.4201673705057756,-0.3437110362072316,0.6435468622567466,40.44444444444444,9
14,34,60,14,28,0.7208374167940694,4.537918056107832,0.3978852089798066,-0.35745157247112963,0.6696053277488431,38.0,9
14,34,60,14,36,0.7568346359316478,6.363497166111321,0.4523107004121085,-0.34104024373613573,0.652853840966586,35.111111111111114,9
14,34,60,14,44,0.7661041084757343,5.2627089644633145,0.41941158698417935,-0.3577996868397638,0.6571742393058015,32.888888888888886,9
14,34,60,18,20,0.7408368008102052,5.903011847910233,0.4375450849801218,-0.3417459810998692,0.6563445822301752,38.44444444444444,9
14,34,60,18,28,0.7496521162085087,6.800233143413986,0.4540581632351333,-0.3309405623990294,0.6644842295223629,36.55555555555556,9
14,34,60,18,36,0.736623740281434,4.933406575992631,0.4033901972049789,-0.3571400486030485,0.655434455624209,33.77777777777778,9
14,34,60,18,44,0.7615084536921708,4.794706973403887,0.3820100118643874,-0.377333238028577,0.6430588565392488,32.55555555555556,9
14,34,60,22,20,0.7563020191032344,5.9044938401828775,0.45324608485833306,-0.33409676519297704,0.6735907577370992,36.44444444444444,9
14,34,60,22,28,0.764656441127882,5.869539347851688,0.4229624750012896,-0.36039670936304496,0.642050492050492,34.55555555555556,9
14,34,60,22,36,0.7529871214357498,5.665336768643353,0.38936803667223496,-0.37406538933164885,0.6473665982204881,33.111111111111114,9
14,34,60,22,44,0.7624558592687599,4.547272239398108,0.37265386705895037,-0.38665421219539975,0.6481796621694712,31.666666666666668,9
14,34,70,8,20,0.7462781756471253,5.564063048228954,0.43577662652598853,-0.3405398252517613,0.640373324583851,38.22222222222222,9
14,34,70,8,28,0.7745096871763452,5.908393194119486,0.4864314763927017,-0.32922596888214833,0.6695016811438381,34.55555555555556,9
14,34,70,8,36,0.7522055974930701,6.009447169113056,0.4390991646180191,-0.3398963827334916,0.6356833776120455,33.111111111111114,9
14,34,70,8,44,0.7726756467658022,6.439875430702615,0.4179838631782707,-0.36303398851375657,0.6405839307048985,31.555555555555557,9
14,34,70,10,20,0.7339854206077633,5.527607987378799,0.4252510446049231,-0.3431883465763639,0.6502453976138187,36.888888888888886,9
14,34,70,10,28,0.7689721955155234,6.857887944207192,0.4772138252674332,-0.3268718493931215,0.6712482190660558,33.888888888888886,9
14,34,70,10,36,0.775620758758801,5.961570662181944,0.46213549381098495,-0.3333712346429536,0.6413227745733635,32.55555555555556,9
14,34,70,10,44,0.8089799354247418,6.281798850974612,0.4374167590013298,-0.37245410665367806,0.6713689312479634,31.11111111111111,9
14,34,70,14,20,0.7618342355481715,7.943487075465766,0.45795471231176105,-0.33250548425964566,0.6572278771045375,34.888888888888886,9
14,34,70,14,28,0.7836014629017722,6.758562960415057,0.5001330742150061,-0.31859719168883527,0.6699740241485972,32.666666666666664,9
14,34,70,14,36,0.7935686374068867,6.243180701014808,0.42117226321561757,-0.36684149199564453,0.6741007977218145,31.333333333333332,9
14,34,70,14,44,0.8387346652626155,6.201931545164772,0.4347555224408206,-0.37831834062074643,0.6599274767378215,30.0,9
14,34,70,18,20,0.7832392498195457,7.891377818196418,0.4904268352076775,-0.3271340724473352,0.6422711574039847,33.0,9
14,34,70,18,28,0.7764085619532063,5.2603570126298,0.4353299415555249,-0.347279440774825,0.6639402501205649,31.666666666666668,9
14,34,70,18,36,0.8256897355492457,5.898930717790481,0.4232532766156447,-0.3793217067471737,0.6494565838211556,30.666666666666668,9
14,34,70,18,44,0.7939206493693128,5.430518365965643,0.3915632422472586,-0.3887762148060169,0.6503533671876585,29.444444444444443,9
14,34,70,22,20,0.7728586268074462,5.402030801819105,0.4279594415216371,-0.3481349835621027,0.6533290383826929,31.666666666666668,9
14,34,70,22,28,0.7951173255875236,5.279926668314393,0.39769445212697613,-0.3849158580488131,0.6527641033885717,31.0,9
14,34,70,22,36,0.7877164313437613,5.428065540490748,0.39260194861413533,-0.387783787411262,0.6565636501676546,30.333333333333332,9
14,34,70,22,44,0.7768263517764299,5.17153917994863,0.3560743809334002,-0.4266544002178844,0.6314116598599357,28.88888888888889,9
14,40,50,8,20,0.658146414940092,4.307193437860778,0.38436841517339,-0.3586323914778694,0.6135981210474942,64.11111111111111,9
14,40,50,8,28,0.645921286568228,5.039788215292649,0.38005116544916756,-0.36293719588411777,0.6021941891537782,55.333333333333336,9
14,40,50,8,36,0.6870816426643207,7.278040972546929,0.43935326099461,-0.34832170088940223,0.6304297273389816,50.888888888888886,9
14,40,50,8,44,0.7311362963000965,5.826425485837748,0.4575619451905923,-0.330129656146096,0.6352718050961013,46.77777777777778,9
14,40,50,10,20,0.668716280624222,4.036252259081634,0.39293800542084945,-0.34915143335882604,0.5945064251960096,61.55555555555556,9
14,40,50,10,28,0.6609423031728859,4.821771149219256,0.4121377025952034,-0.3459747590724229,0.6157185129602021,52.111111111111114,9
14,40,50,10,36,0.6869322698780418,8.146136582936418,0.43958986026403435,-0.3277708355661722,0.625818669537915,47.77777777777778,9
14,40,50,10,44,0.695391066844478,5.580427883619449,0.440143269277372,-0.3195327154111111,0.6402645852354553,44.77777777777778,9
14,40,50,14,20,0.6329719133440697,3.88508896599307,0.3920157835089148,-0.3328835054505354,0.5917845086318811,55.77777777777778,9
14,40,50,14,28,0.6734433609460367,6.01288173538346,0.41140152372148053,-0.32908424445768114,0.6468110365741526,47.888888888888886,9
14,40,50,14,36,0.7336193191049509,6.212422234494052,0.46452139251291275,-0.32637394186892466,0.6567301920015098,43.55555555555556,9
14,40,50,14,44,0.7519500852501265,5.038854453491663,0.4699850699775485,-0.324533633315647,0.6426400666236689,40.888888888888886,9
14,40,50,18,20,0.6624995381588286,4.946860187318652,0.39143421261621314,-0.3402757076301469,0.6370390036356421,49.333333333333336,9
14,40,50,18,28,0.7202803791632466,4.926193345024206,0.445072768932113,-0.33795627905440806,0.6352326029630995,44.666666666666664,9
14,40,50,18,36,0.714401157178341,4.866895966187655,0.40604737922305434,-0.35837906302961237,0.6609010975078583,40.111111111111114,9
14,40,50,18,44,0.7492571555210172,4.680312990247743,0.4146437331941978,-0.3585463823535011,0.6345645658603448,37.666666666666664,9
14,40,50,22,20,0.7371890749371103,5.421928062354308,0.45320008315297033,-0.3407309411226354,0.6458015681028216,46.0,9
14,40,50,22,28,0.7266895665583026,5.597052793346657,0.40610742934185606,-0.3639557091376564,0.6598487079749612,41.0,9
14,40,50,22,36,0.6964659774543552,4.225833061532009,0.37002953148154827,-0.3670456107694356,0.6427493433409386,37.888888888888886,9
14,40,50,22,44,0.7181898202256308,3.9442922980848993,0.3577371548904677,-0.3797836549804605,0.6359371276037942,35.333333333333336,9
14,40,60,8,20,0.7309279609304897,6.795482548141071,0.4834782198505795,-0.31631725243506165,0.6453431260468006,48.333333333333336,9
14,40,60,8,28,0.7104409544696824,7.180442109243393,0.4600521711226641,-0.32695379885092596,0.672174101592159,42.44444444444444,9
14,40,60,8,36,0.7637612448285538,5.230399104143061,0.46399951456814,-0.3307115094836986,0.6582064665397999,38.666666666666664,9
14,40,60,8,44,0.7765053739391782,4.754840030681939,0.4336390892932595,-0.3504843081133469,0.650750336900009,36.0,9
14,40,60,10,20,0.7105563292466577,8.339332269080558,0.4252609421679631,-0.3490667063557823,0.6376568003087759,47.22222222222222,9
14,40,60,10,28,0.7130240435025131,5.990376058583197,0.43695577249504824,-0.3408679401702147,0.6628319502524654,41.666666666666664,9
14,40,60,10,36,0.8087583460960808,6.987572690959794,0.5264966997908609,-0.3198619243719979,0.681495052005888,38.0,9
14,40,60,10,44,0.7550863056037195,5.160497249231212,0.4204798943726894,-0.3496235863455719,0.6648381266977093,35.111111111111114,9
14,40,60,14,20,0.7108723878025621,6.200794782636783,0.4366381908979139,-0.33712795718782895,0.6399744612782714,44.55555555555556,9
14,40,60,14,28,0.7527588148662385,7.274060930349792,0.4826761177174115,-0.3251859095377563,0.6638451905995766,39.77777777777778,9
14,40,60,14,36,0.7161554777838354,5.834756326438939,0.3878386419450788,-0.36643096774016864,0.6481787879593953,36.22222222222222,9
14,40,60,14,44,0.7262906258350916,4.1396112180938935,0.37450106038812103,-0.3730825922904246,0.6503657548723962,33.666666666666664,9
14,40,60,18,20,0.7780322950174277,6.903951595332817,0.5257979410384503,-0.3168422848769329,0.6526204733433436,41.44444444444444,9
14,40,60,18,28,0.7432913032658165,8.363186442375046,0.4472697270933879,-0.3410375382979257,0.6496111473030974,38.0,9
14,40,60,18,36,0.714961236195229,3.978475637347915,0.37009024718815636,-0.3643273528336989,0.6554806492029769,34.333333333333336,9
14,40,60,18,44,0.7668918537957977,4.162267316876458,0.3727694726694577,-0.38610253125344646,0.6487593663510804,32.888888888888886,9
14,40,60,22,20,0.7384637270352052,7.341299201971343,0.44198286306495893,-0.34787757356659754,0.6505619238417376,38.111111111111114,9
14,40,60,22,28,0.7132114106470226,4.890645922591388,0.3828360163573748,-0.36360209124746323,0.6450144516254914,36.333333333333336,9
14,40,60,22,36,0.7153918932265073,3.6126522319431515,0.35156640081393187,-0.3853358210333549,0.6453409032063031,33.333333333333336,9
14,40,60,22,44,0.7685444479609256,4.7667094348339205,0.36893386393788546,-0.39291474099680573,0.6699319936511589,32.22222222222222,9
14,40,70,8,20,0.734546938772206,7.675091558746112,0.4527013364798653,-0.33908307482300437,0.6558152418899196,39.55555555555556,9
14,40,70,8,28,0.7568871597924951,5.735625661927819,0.44995442046851103,-0.3378317547631276,0.6237172077858353,35.0,9
14,40,70,8,36,0.7325679397562315,5.147144106992849,0.4005319559100392,-0.35629033529505433,0.6411596350109616,33.55555555555556,9
14,40,70,8,44,0.7761082641473285,4.823041978424312,0.39626676505794967,-0.37536929773462224,0.6709191855301913,31.77777777777778,9
14,40,70,10,20,0.7177561469160237,7.352202076098188,0.4282121781197535,-0.3444322327032112,0.6443212636195093,38.22222222222222,9
14,40,70,10,28,0.7322986812026887,4.892540949387719,0.40697041683950474,-0.3536693419879632,0.6499338709134724,34.22222222222222,9
14,40,70,10,36,0.7710731419325519,5.720799958314828,0.43593152119119166,-0.349409686826291,0.6374888059383631,32.77777777777778,9
14,40,70,10,44,0.7972973612300795,4.646601682862006,0.401821762833131,-0.379023429853907,0.6458239095573062,31.22222222222222,9
14,40,70,14,20,0.766978930186205,6.408499232779551,0.44962683145227916,-0.34445677385490847,0.6580697422160837,35.55555555555556,9
14,40,70,14,28,0.7364079309240684,4.760073640180647,0.4114978833605123,-0.3488138163007032,0.6474199365740362,33.333333333333336,9
14,40,70,14,36,0.7542985222989707,3.8323739989310814,0.3755343299706597,-0.3814203706922695,0.6434012004932309,32.0,9
14,40,70,14,44,0.7675873644438775,4.357610789531233,0.3692501616176204,-0.39088349944732265,0.6407952069716775,30.555555555555557,9
14,40,70,18,20,0.7442656742513001,6.051481955975442,0.43330395829465773,-0.34017901423112895,0.6609332320844854,33.44444444444444,9
14,40,70,18,28,0.7467873311016204,3.99784072206609,0.3711049983593509,-0.3847053185352391,0.6429463207570418,32.333333333333336,9
14,40,70,18,36,0.7658018356805097,4.329350464028007,0.365795700688498,-0.3889108594628733,0.6336010324625126,31.22222222222222,9
14,40,70,18,44,0.7386814346370355,4.453495275935913,0.34584926409857536,-0.3989289024475123,0.6453639097688041,30.0,9
14,40,70,22,20,0.7567055103696189,4.695063023356498,0.38763089324483585,-0.3768616547336212,0.6465803139980876,32.55555555555556,9
14,40,70,22,28,0.7518789870922243,4.159507184516212,0.36892125927990943,-0.37941646313725425,0.6513203668564199,31.77777777777778,9
14,40,70,22,36,0.7320133251362662,4.166233155473536,0.3405722353769092,-0.3960694833542979,0.653269813447789,30.444444444444443,9
14,40,70,22,44,0.7324010140450183,3.637871263698931,0.3330251319753757,-0.40972807564608427,0.6586294643024343,29.333333333333332,9
